cod_ibge,municipio,uf,domicilios,esgoto_inadequado_pct,esgoto_adequado_pct,esgoto_rede_pct,fossa_septica_pct,fossa_rudimentar_pct,sem_banheiro_pct,agua_rede_pct,agua_poco_profundo_pct,agua_poco_raso_pct,agua_nascente_pct,agua_carropipa_pct,agua_chuva_pct,agua_superficial_pct,agua_sem_rede_pct
2100055,Açailândia,MA,34388,63.35,34.85,10.31,24.53,60.49,0.2,91.99,6.7,0.82,0.07,0.05,0.02,0.18,5.12
2100105,Afonso Cunha,MA,1699,73.57,26.02,5.94,20.07,38.2,28.31,61.15,21.31,8.12,0.53,6.47,0.0,0.0,19.95
2100154,Água Doce do Maranhão,MA,3543,53.15,37.85,7.11,30.74,49.2,3.56,76.43,18.18,1.33,0.51,0.08,0.03,3.08,12.62
2100204,Alcântara,MA,6288,65.81,31.73,5.44,26.29,59.97,2.21,45.85,45.56,7.73,0.21,0.0,0.16,0.05,13.8
2100303,Aldeias Altas,MA,6664,49.23,45.57,7.44,38.13,22.54,16.93,40.32,36.13,19.97,0.45,1.58,0.02,0.44,51.2
2100402,Altamira do Maranhão,MA,1950,49.38,48.51,17.69,30.82,44.56,2.05,68.46,14.05,16.97,0.1,0.0,0.0,0.0,27.38
2100436,Alto Alegre do Maranhão,MA,7540,54.5,42.41,4.31,38.1,48.85,2.93,78.97,17.68,2.36,0.09,0.09,0.08,0.04,12.12
2100477,Alto Alegre do Pindaré,MA,7425,78.69,17.43,1.1,16.32,71.27,1.41,78.32,18.37,3.1,0.05,0.01,0.0,0.03,9.02
2100501,Alto Parnaíba,MA,3405,56.68,39.79,27.64,12.16,42.82,12.83,73.13,9.02,3.99,5.93,0.06,0.06,7.64,22.17
2100550,Amapá do Maranhão,MA,2025,98.37,1.58,1.48,0.1,87.11,0.2,75.41,12.15,12.15,0.05,0.0,0.05,0.1,16.4
2100600,Amarante do Maranhão,MA,10849,80.02,9.09,1.41,7.68,67.83,5.84,70.85,12.74,11.54,0.28,2.03,0.05,1.03,24.44
2100709,Anajatuba,MA,8159,88.01,8.25,0.49,7.76,81.05,4.41,53.17,29.89,9.24,0.04,1.24,3.58,2.1,36.55
2100808,Anapurus,MA,3996,87.74,11.54,0.18,11.36,69.64,16.97,58.68,33.76,7.13,0.08,0.0,0.0,0.05,28.85
2100832,Apicum-Açu,MA,5044,98.59,1.05,0.1,0.95,86.6,0.59,90.82,6.17,1.63,0.38,0.0,0.04,0.1,6.64
2100873,Araguanã,MA,3210,74.42,23.49,0.56,22.93,64.95,2.37,47.29,13.36,38.1,0.12,0.53,0.03,0.0,39.41
2100907,Araioses,MA,11973,86.64,7.31,0.18,7.13,72.35,12.04,42.83,32.78,15.15,0.18,0.12,0.18,6.91,45.41
2100956,Arame,MA,7154,94.52,1.27,0.63,0.64,74.64,15.39,56.29,17.31,21.69,0.04,2.66,0.32,0.18,34.15
2101004,Arari,MA,8966,86.26,8.52,4.46,4.06,81.79,1.9,62.39,20.47,2.0,0.06,1.16,6.0,6.84,31.27
2101103,Axixá,MA,3344,63.16,30.35,0.63,29.72,54.61,2.78,53.08,21.95,19.56,3.32,0.0,0.09,0.84,42.73
2101202,Bacabal,MA,32893,52.4,44.2,22.73,21.46,45.29,1.55,81.41,15.65,1.45,0.05,0.03,0.03,0.16,11.97
2101251,Bacabeira,MA,5290,90.15,7.24,2.51,4.73,84.84,2.44,85.95,12.85,0.72,0.02,0.0,0.0,0.04,10.11
2101301,Bacuri,MA,5126,76.53,17.5,0.82,16.68,74.81,0.9,83.38,8.17,3.14,2.93,0.0,0.02,0.08,11.94
2101350,Bacurituba,MA,1742,61.08,34.5,0.4,34.1,58.67,0.75,76.12,14.24,9.01,0.0,0.0,0.11,0.0,13.2
2101400,Balsas,MA,30817,30.36,68.36,11.91,56.45,27.14,2.16,79.3,8.25,8.88,0.91,0.42,0.01,2.1,16.06
2101509,Barão de Grajaú,MA,6226,51.69,44.65,1.43,43.22,38.26,10.39,53.87,42.69,1.3,0.26,0.31,0.02,1.27,22.13
2101608,Barra do Corda,MA,27087,82.12,15.25,3.41,11.84,77.4,2.99,57.64,27.71,3.3,0.14,4.09,0.28,6.01,25.15
2101707,Barreirinhas,MA,17971,61.35,36.96,8.03,28.93,58.4,1.25,26.15,58.57,12.98,0.24,0.02,0.03,0.97,69.61
2101731,Belágua,MA,2070,97.54,1.79,0.1,1.69,83.96,5.99,55.7,25.85,12.17,0.97,0.1,0.0,2.8,30.0
2101772,Bela Vista do Maranhão,MA,3492,19.7,77.66,0.83,76.83,17.3,1.09,90.92,8.65,0.29,0.0,0.0,0.0,0.0,2.15
2101806,Benedito Leite,MA,1756,92.65,4.61,2.05,2.56,82.63,7.0,84.28,2.16,9.17,0.28,0.11,0.0,3.13,14.75
2101905,Bequimão,MA,6707,92.86,5.83,0.18,5.65,86.52,3.31,41.15,21.59,36.08,0.06,0.0,0.06,0.03,42.22
2101939,Bernardo do Mearim,MA,1803,34.11,64.89,2.27,62.62,33.11,0.06,53.85,21.63,24.07,0.0,0.06,0.06,0.06,37.27
2101970,Boa Vista do Gurupi,MA,2146,92.4,3.68,0.47,3.22,74.09,1.35,38.82,30.71,29.54,0.09,0.0,0.0,0.09,41.94
2102002,Bom Jardim,MA,9753,52.6,45.62,6.4,39.22,45.64,2.24,71.48,17.08,9.39,0.17,0.88,0.0,0.55,18.39
2102036,Bom Jesus das Selvas,MA,8264,95.67,3.39,1.73,1.66,91.2,2.54,75.53,16.52,4.56,0.11,2.08,0.29,0.16,16.75
2102077,Bom Lugar,MA,3560,26.46,70.45,8.12,62.33,24.13,0.65,50.76,35.93,12.72,0.0,0.0,0.0,0.03,35.11
2102101,Brejo,MA,9644,69.35,25.36,1.22,24.14,48.02,18.65,30.98,38.33,21.83,0.29,0.69,0.25,4.9,54.8
2102150,Brejo de Areia,MA,2545,19.1,71.79,0.79,71.0,10.18,8.61,73.24,4.17,22.12,0.04,0.0,0.0,0.12,21.22
2102200,Buriti,MA,8083,96.62,0.63,0.07,0.56,55.92,39.73,19.45,44.28,30.43,2.24,0.58,0.09,2.05,72.39
2102309,Buriti Bravo,MA,6661,87.6,11.02,0.48,10.54,79.24,6.07,78.95,15.76,1.98,0.02,1.02,0.0,0.86,19.35
2102325,Buriticupu,MA,16339,67.1,32.03,8.94,23.1,64.45,0.81,67.7,11.52,2.58,0.01,17.19,0.04,0.08,13.09
2102358,Buritirana,MA,4116,97.4,2.07,0.22,1.85,94.14,0.41,81.46,9.72,8.55,0.02,0.0,0.0,0.07,11.93
2102374,Cachoeira Grande,MA,2681,90.82,6.01,0.11,5.89,75.57,4.96,15.29,39.65,33.2,2.76,0.04,0.0,6.83,78.93
2102408,Cajapió,MA,3145,98.09,1.18,0.32,0.86,85.5,1.18,74.34,16.03,8.78,0.03,0.0,0.0,0.06,20.51
2102507,Cajari,MA,4907,92.13,3.55,0.33,3.22,78.46,4.32,31.55,39.72,21.23,0.04,0.02,0.08,5.83,55.39
2102556,Campestre do Maranhão,MA,3847,38.24,60.75,17.39,43.36,37.41,0.65,90.88,4.99,3.02,0.05,0.0,0.0,0.99,7.75
2102606,Cândido Mendes,MA,5682,92.71,1.21,0.14,1.07,87.91,0.42,38.01,31.08,28.74,0.25,0.05,0.0,0.33,58.18
2102705,Cantanhede,MA,6016,69.75,22.36,1.71,20.64,57.4,7.2,54.45,18.47,12.9,1.7,8.49,1.16,1.6,39.01
2102754,Capinzal do Norte,MA,3579,93.63,2.01,0.61,1.4,86.87,6.23,82.84,6.12,8.97,0.08,0.56,0.84,0.25,13.77
2102804,Carolina,MA,7811,69.25,27.21,23.81,3.39,62.12,6.09,72.51,8.87,4.93,3.1,0.26,0.04,10.1,21.18
2102903,Carutapera,MA,7065,87.43,6.27,3.72,2.55,82.01,0.71,34.08,32.1,26.95,0.07,0.07,0.01,0.2,59.26
2103000,Caxias,MA,48203,48.96,47.39,19.34,28.05,39.66,5.69,77.84,15.86,4.03,0.4,0.19,0.01,0.83,12.31
2103109,Cedral,MA,3206,24.55,74.89,0.84,74.05,23.55,0.37,98.35,1.0,0.06,0.03,0.0,0.03,0.25,0.87
2103125,Central do Maranhão,MA,2210,98.6,1.27,0.18,1.09,92.53,1.49,70.95,17.33,4.16,0.23,1.0,0.18,2.31,22.31
2103158,Centro do Guilherme,MA,3283,23.76,75.21,0.64,74.57,21.17,1.86,73.71,13.4,11.12,0.0,0.0,0.03,0.94,19.46
2103174,Centro Novo do Maranhão,MA,4508,95.28,1.86,0.11,1.75,91.93,1.86,27.42,17.17,52.4,0.22,0.22,0.04,0.53,58.56
2103208,Chapadinha,MA,23972,80.36,18.72,0.87,17.85,67.5,10.39,45.94,22.64,27.33,1.91,0.13,0.03,0.83,46.68
2103257,Cidelândia,MA,4144,25.34,72.88,4.32,68.56,15.93,0.22,79.51,13.9,5.5,0.17,0.0,0.0,0.7,15.01
2103307,Codó,MA,34888,42.52,53.26,13.48,39.78,28.91,8.07,79.12,13.54,4.56,0.15,0.23,0.91,0.64,13.41
2103406,Coelho Neto,MA,11916,52.87,43.12,3.71,39.41,44.2,6.23,86.24,7.87,3.46,0.54,0.13,0.02,0.33,8.69
2103505,Colinas,MA,12482,86.53,10.89,1.47,9.42,75.31,5.67,74.17,16.33,6.53,0.15,0.61,0.03,1.47,16.98
2103554,Conceição do Lago-Açu,MA,4105,33.25,48.06,2.36,45.7,25.46,5.8,78.68,15.49,2.07,0.0,0.58,0.0,1.88,14.23
2103604,Coroatá,MA,18889,47.26,48.53,7.64,40.89,31.69,9.08,73.15,17.63,4.52,2.28,0.12,0.58,0.9,22.75
2103703,Cururupu,MA,10031,61.75,35.05,3.27,31.78,57.2,0.72,75.81,11.31,9.04,0.13,0.0,0.04,0.33,20.87
2103752,Davinópolis,MA,4568,57.49,41.73,9.39,32.33,55.08,0.46,93.67,1.69,4.12,0.02,0.22,0.0,0.04,5.3
2103802,Dom Pedro,MA,7305,55.06,43.29,9.23,34.06,48.65,1.48,77.75,9.76,9.86,0.08,1.3,0.03,0.25,15.51
2103901,Duque Bacelar,MA,2748,94.18,1.64,0.62,1.02,61.94,28.46,38.76,34.97,16.78,0.69,4.59,0.0,1.35,53.02
2104008,Esperantinópolis,MA,5630,12.06,86.09,5.06,81.03,2.86,2.49,82.74,10.02,5.38,0.07,1.14,0.11,0.36,9.04
2104057,Estreito,MA,10763,82.25,16.32,7.93,8.39,78.78,3.08,74.43,14.97,7.95,0.93,0.03,0.01,1.57,11.4
2104073,Feira Nova do Maranhão,MA,2484,90.46,2.05,0.28,1.77,82.45,7.05,41.99,12.64,26.33,9.66,0.12,0.08,9.1,45.81
2104081,Fernando Falcão,MA,2668,84.71,6.75,6.63,0.11,56.63,27.29,72.11,8.7,2.85,4.46,0.0,0.07,10.01,24.81
2104099,Formosa da Serra Negra,MA,5128,96.7,0.92,0.59,0.33,76.25,19.54,44.34,19.52,20.55,6.01,0.02,0.0,9.34,34.52
2104107,Fortaleza dos Nogueiras,MA,3902,83.01,12.87,0.28,12.58,79.34,2.23,55.87,13.89,24.96,2.46,0.08,0.05,2.23,35.96
2104206,Fortuna,MA,5136,88.51,9.03,3.15,5.88,82.79,3.58,88.16,5.69,3.84,0.12,0.64,0.02,1.01,7.81
2104305,Godofredo Viana,MA,3140,96.15,2.83,0.57,2.26,91.43,0.41,83.66,11.24,3.95,0.19,0.03,0.0,0.19,13.03
2104404,Gonçalves Dias,MA,5339,88.46,9.46,1.97,7.49,74.55,11.14,70.24,16.16,5.83,0.04,1.87,0.06,0.36,19.05
2104503,Governador Archer,MA,2967,95.48,3.4,3.17,0.24,88.81,5.93,91.78,2.46,2.36,0.13,2.16,0.0,0.74,6.81
2104552,Governador Edison Lobão,MA,5953,36.07,63.48,4.37,59.11,35.09,0.24,84.55,5.59,8.11,0.29,0.13,0.02,0.77,12.78
2104602,Governador Eugênio Barros,MA,4349,98.87,0.62,0.25,0.37,86.3,9.77,89.05,3.86,5.1,0.11,0.21,0.0,1.08,6.67
2104628,Governador Luiz Rocha,MA,2185,98.44,0.41,0.41,0.0,94.42,3.62,94.19,4.49,1.01,0.0,0.05,0.0,0.0,4.94
2104651,Governador Newton Bello,MA,2806,41.02,58.02,2.14,55.88,33.07,1.75,57.7,23.16,18.42,0.18,0.0,0.0,0.11,18.1
2104677,Governador Nunes Freire,MA,6739,79.82,17.67,6.16,11.52,73.54,0.27,64.58,27.84,6.8,0.03,0.0,0.0,0.22,23.39
2104701,Graça Aranha,MA,1978,97.07,1.57,1.11,0.46,92.72,3.19,95.85,2.33,0.76,0.1,0.25,0.1,0.25,3.24
2104800,Grajaú,MA,21786,86.5,11.8,2.34,9.46,73.28,9.06,72.99,16.91,3.41,1.04,1.35,0.07,3.71,18.58
2104909,Guimarães,MA,3516,61.83,33.93,0.4,33.53,60.21,0.63,70.31,26.02,1.54,0.2,0.6,0.0,0.6,24.06
2105005,Humberto de Campos,MA,6984,64.09,21.06,2.58,18.49,53.98,7.09,34.77,41.07,17.35,0.37,0.03,0.0,3.52,50.04
2105104,Icatu,MA,6914,76.83,14.81,3.28,11.53,69.32,3.12,29.46,64.8,0.67,2.01,0.09,0.03,2.07,52.85
2105153,Igarapé do Meio,MA,4033,72.58,26.53,6.15,20.38,60.72,1.19,85.07,12.77,1.46,0.07,0.07,0.0,0.17,6.4
2105203,Igarapé Grande,MA,3222,65.3,32.06,12.35,19.71,61.73,0.71,59.78,14.09,25.57,0.03,0.0,0.0,0.0,26.97
2105302,Imperatriz,MA,90440,15.86,83.58,46.6,36.97,13.09,0.1,85.98,12.26,1.17,0.04,0.02,0.01,0.03,6.93
2105351,Itaipava do Grajaú,MA,3811,54.5,43.22,3.7,39.52,42.4,8.87,79.14,12.83,3.49,0.0,0.73,0.1,1.02,9.79
2105401,Itapecuru Mirim,MA,18878,69.58,25.96,12.01,13.95,63.06,2.32,59.23,31.02,6.6,0.25,0.46,0.34,0.75,29.8
2105427,Itinga do Maranhão,MA,7302,85.39,14.26,1.11,13.15,84.36,0.37,85.65,10.74,1.88,0.05,0.22,0.0,0.58,10.42
2105450,Jatobá,MA,2280,91.27,6.58,0.88,5.7,86.36,2.41,62.02,33.2,2.37,0.09,1.54,0.0,0.61,11.49
2105476,Jenipapo dos Vieiras,MA,4678,83.16,10.43,10.32,0.11,67.38,12.44,44.31,33.11,5.15,0.06,14.66,0.75,1.11,27.02
2105500,João Lisboa,MA,7626,56.33,42.89,3.23,39.67,51.99,0.42,82.91,12.14,4.0,0.09,0.47,0.01,0.01,8.75
2105609,Joselândia,MA,4466,71.9,22.37,1.37,21.0,64.49,4.23,47.83,45.57,3.52,0.18,0.16,0.04,1.88,31.06
2105658,Junco do Maranhão,MA,1499,94.66,1.4,1.4,0.0,88.53,1.07,42.7,29.15,26.35,0.2,0.07,0.0,0.07,42.7
2105708,Lago da Pedra,MA,13477,64.5,28.84,3.26,25.58,55.82,3.27,27.59,29.93,38.93,0.07,0.61,0.07,0.09,61.32
2105807,Lago do Junco,MA,2869,43.33,53.54,6.0,47.54,31.86,3.52,51.31,23.25,24.78,0.03,0.0,0.0,0.03,39.7
2105906,Lago Verde,MA,4306,51.72,42.55,1.63,40.92,45.75,2.07,57.06,29.33,11.22,0.05,0.05,0.05,0.05,33.42
2105922,Lagoa do Mato,MA,3167,66.88,29.52,0.47,29.05,55.57,11.02,72.62,24.72,1.14,0.6,0.06,0.0,0.47,8.87
2105948,Lago dos Rodrigues,MA,2800,88.89,6.61,1.14,5.46,83.82,0.57,42.32,27.64,27.36,0.04,0.0,0.04,0.0,39.75
2105963,Lagoa Grande do Maranhão,MA,3366,94.27,2.23,0.92,1.31,91.98,1.16,79.98,3.15,9.6,0.33,3.92,0.56,0.59,19.1
2105989,Lajeado Novo,MA,2342,29.63,68.02,1.79,66.23,21.26,1.15,64.65,16.78,11.02,1.37,0.0,0.0,6.11,27.63
2106003,Lima Campos,MA,3659,39.96,57.58,19.27,38.32,22.0,3.06,76.17,18.86,4.26,0.0,0.55,0.03,0.05,7.54
2106102,Loreto,MA,3203,19.08,80.42,1.0,79.43,13.8,2.81,60.57,25.69,6.71,0.22,0.78,0.03,5.65,32.69
2106201,Luís Domingues,MA,2115,94.85,2.36,0.8,1.56,92.34,0.19,40.76,22.36,14.09,0.52,10.35,0.05,0.05,55.08
2106300,Magalhães de Almeida,MA,4214,95.37,3.13,0.95,2.18,86.05,8.83,87.26,7.17,1.09,0.05,1.21,0.24,2.42,7.78
2106326,Maracaçumé,MA,6000,88.15,8.55,0.2,8.35,86.82,0.3,33.7,30.38,34.87,0.02,0.0,0.0,0.0,56.37
2106359,Marajá do Sena,MA,1918,78.68,16.32,0.21,16.11,56.52,14.81,12.36,24.92,46.25,0.1,12.04,1.41,2.45,76.02
2106375,Maranhãozinho,MA,3326,95.79,3.31,2.53,0.78,93.51,1.17,50.51,34.55,13.71,0.03,0.0,0.0,0.87,30.79
2106409,Mata Roma,MA,4803,83.55,13.74,5.04,8.7,67.79,14.6,42.04,46.91,10.08,0.31,0.02,0.0,0.21,32.52
2106508,Matinha,MA,6819,95.66,3.06,0.37,2.7,88.39,1.17,40.53,27.67,30.71,0.01,0.0,0.28,0.44,40.49
2106607,Matões,MA,9369,68.05,23.99,1.99,22.01,52.92,9.38,81.13,9.77,7.41,0.09,0.39,0.02,0.2,10.95
2106631,Matões do Norte,MA,3903,78.48,12.96,7.4,5.56,64.95,8.89,48.86,22.83,6.35,0.54,14.83,1.77,2.25,33.85
2106672,Milagres do Maranhão,MA,2369,97.8,0.63,0.0,0.63,64.46,32.08,34.74,34.07,29.21,0.68,0.17,0.21,0.63,55.89
2106706,Mirador,MA,6233,88.02,5.18,1.38,3.8,67.4,14.63,54.34,33.16,5.71,3.42,0.29,0.02,2.62,23.15
2106755,Miranda do Norte,MA,6595,69.72,28.66,11.48,17.18,66.79,0.7,63.88,19.14,6.85,0.5,2.61,0.53,1.94,17.21
2106805,Mirinzal,MA,4531,35.09,64.2,13.68,50.52,34.14,0.49,64.22,30.63,3.77,0.07,0.02,0.0,0.53,16.31
2106904,Monção,MA,7956,78.82,17.56,1.26,16.3,72.06,1.67,64.61,21.46,9.31,1.24,0.03,0.0,1.29,26.14
2107001,Montes Altos,MA,2888,19.98,77.91,1.39,76.52,10.21,9.11,68.63,10.6,17.94,1.63,0.35,0.07,0.55,30.51
2107100,Morros,MA,5181,86.12,11.29,0.39,10.91,75.35,5.4,32.54,36.42,19.61,2.64,0.14,0.12,6.5,62.25
2107209,Nina Rodrigues,MA,3526,92.82,2.61,1.11,1.5,79.27,12.51,44.55,35.76,10.83,0.6,0.57,0.23,3.63,46.82
2107258,Nova Colinas,MA,1473,98.44,1.36,0.14,1.22,90.36,6.99,57.64,8.55,18.4,3.33,0.0,0.0,12.08,40.94
2107308,Nova Iorque,MA,1334,58.7,41.08,29.09,11.99,40.55,18.14,51.12,33.06,8.32,0.75,2.47,0.07,2.55,24.74
2107357,Nova Olinda do Maranhão,MA,4297,76.5,20.78,1.28,19.5,69.3,1.05,35.05,27.72,35.63,0.14,0.02,0.05,0.51,54.88
2107407,Olho d'Água das Cunhãs,MA,5668,47.74,49.24,2.56,46.68,39.33,0.95,62.49,31.97,4.75,0.04,0.0,0.0,0.0,26.31
2107456,Olinda Nova do Maranhão,MA,4161,84.09,5.74,3.39,2.36,78.66,3.05,54.7,11.75,31.03,0.14,1.63,0.02,0.1,29.56
2107506,Paço do Lumiar,MA,47860,14.43,84.95,42.38,42.57,13.45,0.22,77.8,20.5,0.41,0.02,0.04,0.01,0.01,15.36
2107605,Palmeirândia,MA,6061,67.1,31.03,2.29,28.74,55.09,5.31,58.14,27.92,13.31,0.08,0.23,0.0,0.05,28.15
2107704,Paraibano,MA,5883,90.7,4.57,4.33,0.24,89.24,1.29,70.0,23.75,0.59,0.25,4.23,0.0,0.02,8.35
2107803,Parnarama,MA,9448,54.1,42.83,23.25,19.58,43.4,8.82,74.82,14.26,8.1,0.32,0.76,0.01,0.93,16.81
2107902,Passagem Franca,MA,5296,91.5,6.82,1.06,5.76,84.44,6.34,83.91,14.8,0.25,0.08,0.19,0.02,0.06,8.95
2108009,Pastos Bons,MA,5712,95.73,3.68,0.25,3.43,90.48,4.04,70.92,20.82,3.19,3.38,1.07,0.04,0.3,10.57
2108058,Paulino Neves,MA,4418,89.61,7.51,0.09,7.42,73.43,12.09,25.15,48.76,21.75,1.09,0.0,0.0,2.35,66.05
2108108,Paulo Ramos,MA,5957,63.19,30.82,1.59,29.23,58.82,3.16,27.7,17.21,50.58,0.12,2.72,0.4,0.35,62.57
2108207,Pedreiras,MA,12106,47.41,49.81,28.33,21.48,36.92,0.55,84.51,6.98,4.6,0.05,2.98,0.02,0.58,11.47
2108256,Pedro do Rosário,MA,6940,84.39,10.62,0.29,10.33,74.42,2.46,20.29,16.83,61.53,0.1,0.07,0.0,0.01,60.98
2108306,Penalva,MA,9678,84.83,8.34,0.69,7.65,72.5,2.31,40.56,21.71,36.17,0.12,0.03,0.06,0.24,51.81
2108405,Peri Mirim,MA,3782,83.47,8.04,0.48,7.56,77.71,0.77,38.92,17.85,41.8,0.34,0.16,0.08,0.19,48.97
2108454,Peritoró,MA,6198,81.17,16.6,1.05,15.55,59.87,18.97,57.31,25.62,14.04,0.44,0.02,0.89,0.1,36.22
2108504,Pindaré-Mirim,MA,9431,30.01,66.93,20.32,46.61,23.63,0.76,66.58,31.6,1.37,0.03,0.02,0.0,0.07,21.44
2108603,Pinheiro,MA,26145,79.59,18.26,2.81,15.44,74.71,1.08,34.68,35.71,26.48,0.61,0.01,0.19,0.72,56.75
2108702,Pio XII,MA,6514,45.43,48.34,8.5,39.84,31.85,5.02,58.52,38.53,2.63,0.05,0.0,0.0,0.03,32.07
2108801,Pirapemas,MA,5240,79.87,11.11,0.67,10.44,71.76,5.34,49.52,39.68,6.22,1.15,0.0,0.78,1.11,41.97
2108900,Poção de Pedras,MA,5705,37.0,62.0,13.29,48.71,27.99,2.86,43.7,23.59,31.9,0.14,0.0,0.05,0.09,38.19
2109007,Porto Franco,MA,7807,76.57,22.45,7.35,15.1,74.14,2.02,85.35,7.38,4.09,0.13,0.03,0.04,2.66,12.26
2109056,Porto Rico do Maranhão,MA,1873,9.02,88.89,0.48,88.41,5.66,0.69,89.75,8.7,0.59,0.0,0.0,0.0,0.11,5.77
2109106,Presidente Dutra,MA,14340,70.1,28.74,8.84,19.9,67.02,0.72,79.14,16.83,1.85,0.02,1.24,0.01,0.09,8.19
2109205,Presidente Juscelino,MA,3161,83.39,14.62,0.28,14.33,68.71,9.46,35.08,40.97,10.0,7.88,0.0,0.03,4.78,56.18
2109239,Presidente Médici,MA,1386,97.11,1.23,0.87,0.36,91.77,1.95,86.08,9.74,3.9,0.14,0.0,0.07,0.0,9.31
2109270,Presidente Sarney,MA,4934,88.49,11.19,4.26,6.93,73.55,0.69,32.21,16.44,49.29,0.12,1.32,0.0,0.06,46.82
2109304,Presidente Vargas,MA,3111,91.22,6.62,2.76,3.86,83.06,4.6,25.97,35.87,34.94,1.45,0.0,0.1,1.29,55.48
2109403,Primeira Cruz,MA,3604,80.36,7.52,0.33,7.19,63.96,13.49,45.31,30.58,19.28,0.72,0.0,0.03,1.86,44.34
2109452,Raposa,MA,9508,61.06,37.47,7.48,30.0,51.64,1.05,86.15,12.54,0.43,0.02,0.07,0.04,0.02,7.44
2109502,Riachão,MA,7145,79.23,20.17,0.27,19.9,68.58,10.12,58.12,11.76,14.57,4.58,1.65,0.0,9.07,38.77
2109551,Ribamar Fiquene,MA,2427,82.61,14.42,12.24,2.18,78.45,1.48,68.56,13.64,13.39,1.52,0.04,0.12,2.22,24.06
2109601,Rosário,MA,12124,56.21,40.41,5.01,35.4,49.42,2.02,54.35,28.54,14.21,0.77,0.05,0.02,1.14,40.72
2109700,Sambaíba,MA,1679,80.7,18.4,0.48,17.93,62.06,17.03,37.28,26.68,18.28,0.3,3.39,0.0,12.63,46.87
2109759,Santa Filomena do Maranhão,MA,2001,87.81,12.04,0.5,11.54,77.71,10.09,94.9,3.2,1.15,0.1,0.05,0.0,0.1,4.6
2109809,Santa Helena,MA,11022,84.59,11.95,0.41,11.54,76.79,5.6,21.61,61.46,13.53,0.06,0.93,0.05,0.15,74.7
2109908,Santa Inês,MA,26886,29.97,69.38,26.3,43.08,26.16,0.29,85.43,13.1,0.48,0.03,0.7,0.01,0.01,8.13
2110005,Santa Luzia,MA,17039,77.47,20.79,6.04,14.74,71.51,2.54,67.62,22.83,5.41,0.23,2.95,0.06,0.05,19.83
2110039,Santa Luzia do Paruá,MA,7134,93.54,4.85,0.36,4.49,88.27,0.31,55.33,20.89,23.06,0.03,0.01,0.01,0.07,34.09
2110104,Santa Quitéria do Maranhão,MA,6491,47.57,46.05,2.42,43.63,32.48,8.87,58.59,27.05,9.89,0.06,1.68,0.02,1.97,30.52
2110203,Santa Rita,MA,11311,89.1,5.14,1.02,4.12,80.88,3.68,46.35,36.72,11.33,0.5,1.63,0.19,2.17,44.98
2110237,Santana do Maranhão,MA,2952,84.25,11.69,5.59,6.1,68.9,11.69,80.12,13.55,4.1,0.51,0.27,0.0,0.91,15.92
2110278,Santo Amaro do Maranhão,MA,3550,45.38,52.37,0.25,52.11,24.48,15.13,4.25,69.92,20.82,0.59,0.0,0.03,1.21,93.55
2110302,Santo Antônio dos Lopes,MA,4360,65.83,30.55,13.0,17.55,37.36,3.94,77.8,12.8,8.0,0.07,0.07,0.0,0.69,19.82
2110401,São Benedito do Rio Preto,MA,5019,86.65,10.0,0.5,9.5,68.44,8.39,28.45,25.58,40.84,0.9,1.2,0.08,2.21,64.89
2110500,São Bento,MA,11901,90.43,4.72,0.82,3.91,81.51,3.46,60.18,11.01,27.92,0.04,0.0,0.02,0.02,36.35
2110609,São Bernardo,MA,7765,63.12,31.8,1.16,30.64,57.1,3.53,42.64,51.86,1.71,0.33,0.36,0.0,2.72,41.07
2110658,São Domingos do Azeitão,MA,2249,78.84,19.88,0.36,19.52,75.41,2.45,67.99,10.98,14.14,1.56,1.78,0.0,0.98,20.28
2110708,São Domingos do Maranhão,MA,10769,81.39,15.31,4.09,11.23,76.77,1.83,81.85,15.61,1.55,0.01,0.49,0.01,0.0,8.51
2110807,São Félix de Balsas,MA,1415,94.84,3.89,0.14,3.75,73.43,20.57,37.95,28.2,15.12,0.07,3.18,0.28,13.85,39.51
2110856,São Francisco do Brejão,MA,2837,87.24,12.48,0.32,12.16,84.31,0.42,70.85,21.22,7.68,0.0,0.04,0.04,0.11,23.55
2110906,São Francisco do Maranhão,MA,3808,89.76,1.65,0.16,1.5,66.6,22.74,54.65,40.86,1.42,0.34,0.03,0.0,2.05,32.41
2111003,São João Batista,MA,5903,81.77,12.89,0.1,12.79,74.0,2.0,43.47,24.38,26.75,0.15,0.12,1.64,2.08,47.25
2111029,São João do Carú,MA,3316,92.34,5.13,1.03,4.1,86.73,2.77,78.56,8.56,12.12,0.0,0.0,0.03,0.24,16.98
2111052,São João do Paraíso,MA,3207,95.14,1.28,0.75,0.53,90.27,4.37,65.14,10.73,13.63,0.94,0.03,0.03,9.29,20.52
2111078,São João do Soter,MA,5135,49.81,48.61,1.75,46.85,26.04,20.45,75.5,20.1,2.32,0.04,0.41,0.08,0.76,8.45
2111102,São João dos Patos,MA,8272,91.92,6.2,1.85,4.35,88.83,2.57,78.25,17.35,1.16,0.06,2.32,0.06,0.08,13.3
2111201,São José de Ribamar,MA,81056,19.95,79.18,32.27,46.91,18.47,0.32,75.63,22.81,0.44,0.01,0.03,0.01,0.0,13.95
2111250,São José dos Basílios,MA,2108,95.07,1.09,0.62,0.47,89.23,4.36,91.65,6.02,0.81,0.14,0.33,0.0,0.43,3.18
2111300,São Luís,MA,348724,16.19,83.24,53.64,29.6,10.88,0.27,68.08,30.19,0.48,0.05,0.46,0.01,0.01,18.56
2111409,São Luís Gonzaga do Maranhão,MA,5560,32.7,59.44,18.9,40.54,18.18,6.37,62.37,33.56,3.26,0.18,0.0,0.04,0.13,20.05
2111508,São Mateus do Maranhão,MA,11953,71.27,27.23,9.37,17.86,62.24,4.41,52.23,42.32,3.22,0.11,0.73,0.14,0.25,37.04
2111532,São Pedro da Água Branca,MA,3936,94.51,4.22,2.54,1.68,92.45,0.84,82.65,10.11,3.28,0.94,0.25,0.0,2.18,12.58
2111573,São Pedro dos Crentes,MA,1709,90.64,7.61,6.96,0.64,84.79,3.92,60.27,2.17,22.94,4.15,0.06,0.0,10.01,38.44
2111607,São Raimundo das Mangabeiras,MA,5794,82.05,16.78,3.59,13.19,74.97,6.09,69.04,18.02,4.82,0.26,2.12,0.02,4.95,27.25
2111631,São Raimundo do Doca Bezerra,MA,1685,86.05,13.83,0.18,13.65,79.29,3.26,84.33,3.62,9.14,0.0,1.66,0.47,0.3,12.23
2111672,São Roberto,MA,1365,65.35,33.41,2.86,30.55,53.48,3.0,77.88,12.6,2.42,0.0,4.84,0.07,0.37,8.5
2111706,São Vicente Ferrer,MA,6243,76.12,16.37,0.27,16.1,68.7,3.7,42.66,15.79,41.02,0.1,0.06,0.02,0.19,45.76
2111722,Satubinha,MA,2450,79.88,19.35,1.35,18.0,72.49,4.45,81.92,15.39,2.08,0.04,0.0,0.0,0.2,15.76
2111748,Senador Alexandre Costa,MA,3027,92.96,0.46,0.0,0.46,82.42,6.97,70.47,2.44,25.87,0.07,0.26,0.03,0.23,14.24
2111763,Senador La Rocque,MA,4605,72.18,26.51,16.13,10.38,67.1,0.65,84.78,8.73,5.71,0.04,0.09,0.0,0.2,13.44
2111789,Serrano do Maranhão,MA,3148,60.99,38.6,1.43,37.17,59.53,1.27,70.04,9.18,16.87,0.89,0.67,0.06,0.57,27.45
2111805,Sítio Novo,MA,5197,81.76,12.87,2.31,10.56,67.27,9.76,49.47,22.9,18.26,2.62,0.02,0.02,6.43,38.87
2111904,Sucupira do Norte,MA,3127,86.92,10.81,2.43,8.38,79.88,6.08,68.08,7.04,6.4,2.46,12.34,0.26,1.66,15.89
2111953,Sucupira do Riachão,MA,1566,31.23,64.62,0.57,64.05,17.18,10.54,77.71,19.67,1.92,0.26,0.13,0.0,0.0,4.85
2112001,Tasso Fragoso,MA,2638,59.21,37.79,26.54,11.26,49.09,9.89,78.47,6.18,6.67,1.59,0.0,0.04,6.97,19.86
2112100,Timbiras,MA,7575,57.7,28.92,3.25,25.68,40.66,13.17,52.12,22.36,18.1,5.76,0.2,0.48,0.61,41.69
2112209,Timon,MA,54199,44.94,52.6,21.75,30.84,40.43,2.45,91.96,6.14,0.95,0.08,0.06,0.01,0.06,5.76
2112233,Trizidela do Vale,MA,7272,37.97,60.73,20.68,40.04,21.58,0.98,83.43,9.16,5.58,0.04,1.22,0.03,0.17,12.53
2112274,Tufilândia,MA,1567,81.75,18.0,5.49,12.51,75.49,3.64,78.94,19.78,1.15,0.0,0.0,0.0,0.0,20.74
2112308,Tuntum,MA,11376,81.52,14.58,11.98,2.6,72.2,5.0,79.0,15.75,2.77,0.18,0.28,0.06,1.02,7.5
2112407,Turiaçu,MA,10226,89.04,0.56,0.32,0.23,73.99,0.84,36.57,26.44,30.78,1.86,2.73,0.17,0.15,53.73
2112456,Turilândia,MA,7213,85.8,3.65,0.51,3.13,77.98,0.31,31.19,47.84,10.09,8.44,0.03,0.12,0.06,61.31
2112506,Tutóia,MA,14744,86.64,8.91,2.73,6.18,82.0,3.17,58.16,36.58,3.36,0.23,0.43,0.0,0.21,32.35
2112605,Urbano Santos,MA,8599,88.87,9.57,0.76,8.81,77.86,4.98,44.06,41.62,9.98,0.07,0.09,0.03,1.35,42.53
2112704,Vargem Grande,MA,12882,79.48,12.85,5.85,6.99,64.73,12.2,41.31,14.62,28.76,4.78,6.06,0.31,2.06,49.74
2112803,Viana,MA,15784,64.97,29.45,7.43,22.02,57.15,1.68,29.14,18.28,49.25,0.1,0.28,0.84,1.69,63.95
2112852,Vila Nova dos Martírios,MA,3312,94.02,4.35,1.51,2.84,90.31,0.75,75.21,8.91,12.38,1.03,0.0,0.0,2.48,22.71
2112902,Vitória do Mearim,MA,9357,94.13,1.87,1.26,0.61,85.56,1.14,74.53,17.88,3.41,0.47,0.03,0.42,2.43,19.89
2113009,Vitorino Freire,MA,9768,81.19,16.32,1.33,14.99,76.65,1.71,51.8,14.73,32.02,0.03,0.06,0.0,0.08,35.04
2114007,Zé Doca,MA,12629,66.75,28.13,5.06,23.07,60.37,0.69,58.9,13.51,25.16,0.02,1.25,0.01,0.05,30.79
