ano,mes,chuva_mm,normal_mm,anomalia_mm,anomalia_pct,oni,fase
1950,1,187.66,165.94780952380952,21.71219047619047,13.083746352840707,-1.53,La Nina forte
1950,2,198.6942857142857,165.61752380952382,33.076761904761895,19.9717766235917,-1.34,La Nina moderada
1950,3,161.9457142857143,128.59952380952382,33.346190476190486,25.930259683994986,-1.16,La Nina moderada
1950,4,162.11428571428573,123.01209523809524,39.102190476190486,31.787272951091925,-1.18,La Nina moderada
1950,5,134.27714285714285,149.96038095238094,-15.683238095238096,-10.458254370678224,-1.07,La Nina moderada
1950,6,224.78,131.05228571428572,93.72771428571428,71.51932816345929,-0.85,La Nina fraca
1950,7,130.6542857142857,105.8864761904762,24.76780952380949,23.390909221736095,-0.54,La Nina fraca
1950,8,29.391428571428573,92.07361904761905,-62.68219047619047,-68.0783389689203,-0.42,neutro
1950,9,185.10285714285715,147.04580952380954,38.05704761904761,25.881082733531038,-0.39,neutro
1950,10,259.5514285714286,193.30371428571428,66.2477142857143,34.27130954545253,-0.44,neutro
1950,11,166.75714285714287,153.6029523809524,13.154190476190479,8.56376148523931,-0.6,La Nina fraca
1950,12,195.93142857142857,185.4586666666667,10.472761904761882,5.64695200984328,-0.8,La Nina fraca
1951,1,241.25428571428571,165.94780952380952,75.30647619047619,45.3796144743155,-0.82,La Nina fraca
1951,2,229.8542857142857,165.61752380952382,64.23676190476189,38.78621079894926,-0.54,La Nina fraca
1951,3,181.7342857142857,128.59952380952382,53.13476190476189,41.318008287077994,-0.17,neutro
1951,4,13.817142857142859,123.01209523809524,-109.19495238095239,-88.76765505831017,0.18,neutro
1951,5,107.79428571428572,149.96038095238094,-42.166095238095224,-28.118156922717358,0.36,neutro
1951,6,69.16571428571429,131.05228571428572,-61.88657142857143,-47.22280965285393,0.58,El Nino fraco
1951,7,29.097142857142856,105.8864761904762,-76.78933333333335,-72.5204351830532,0.7,El Nino fraco
1951,8,28.845714285714287,92.07361904761905,-63.22790476190476,-68.67103239333328,0.89,El Nino fraco
1951,9,150.85142857142858,147.04580952380954,3.8056190476190466,2.5880499824803533,0.99,El Nino fraco
1951,10,245.48,193.30371428571428,52.17628571428571,26.99186919769482,1.15,El Nino moderado
1951,11,218.3657142857143,153.6029523809524,64.7627619047619,42.16244603433341,1.04,El Nino moderado
1951,12,134.42571428571426,185.4586666666667,-51.03295238095242,-27.517156948333007,0.81,El Nino fraco
1952,1,199.89428571428573,165.94780952380952,33.946476190476204,20.45611586431076,0.53,El Nino fraco
1952,2,271.57714285714286,165.61752380952382,105.95961904761904,63.97850699028857,0.37,neutro
1952,3,190.53714285714287,128.59952380952382,61.93761904761905,48.16317915714715,0.34,neutro
1952,4,38.137142857142855,123.01209523809524,-84.87495238095238,-68.99724146367333,0.29,neutro
1952,5,65.57142857142857,149.96038095238094,-84.38895238095238,-56.2741651128171,0.2,neutro
1952,6,148.63714285714286,131.05228571428572,17.584857142857146,13.418199497256277,0.0,neutro
1952,7,59.16857142857143,105.8864761904762,-46.71790476190477,-44.12074746718858,-0.08,neutro
1952,8,68.76857142857143,92.07361904761905,-23.305047619047613,-25.31131920316351,0.0,neutro
1952,9,85.5657142857143,147.04580952380954,-61.480095238095245,-41.810164762390215,0.15,neutro
1952,10,162.98285714285714,193.30371428571428,-30.320857142857136,-15.685605036042464,0.1,neutro
1952,11,65.97428571428571,153.6029523809524,-87.62866666666667,-57.048816646009406,0.04,neutro
1952,12,76.57428571428571,185.4586666666667,-108.88438095238098,-58.71086151400184,0.15,neutro
1953,1,194.77142857142857,165.94780952380952,28.823619047619047,17.36908678115667,0.4,neutro
1953,2,106.84,165.61752380952382,-58.777523809523814,-35.48991825111674,0.6,El Nino fraco
1953,3,123.73142857142858,128.59952380952382,-4.868095238095236,-3.7854691011964037,0.63,El Nino fraco
1953,4,124.0542857142857,123.01209523809524,1.0421904761904557,0.8472260180376985,0.66,El Nino fraco
1953,5,95.06857142857143,149.96038095238094,-54.89180952380951,-36.60420784156323,0.75,El Nino fraco
1953,6,15.431428571428572,131.05228571428572,-115.62085714285715,-88.22498326731098,0.77,El Nino fraco
1953,7,23.442857142857143,105.8864761904762,-82.44361904761905,-77.86038596592216,0.75,El Nino fraco
1953,8,83.35142857142857,92.07361904761905,-8.722190476190477,-9.473061411520595,0.73,El Nino fraco
1953,9,253.1,147.04580952380954,106.05419047619046,72.12323208640518,0.78,El Nino fraco
1953,10,398.72857142857146,193.30371428571428,205.42485714285718,106.27051730585329,0.84,El Nino fraco
1953,11,173.31142857142856,153.6029523809524,19.708476190476176,12.830792562890956,0.84,El Nino fraco
1953,12,104.52,185.4586666666667,-80.93866666666669,-43.642428861058,0.81,El Nino fraco
1954,1,267.0228571428571,165.94780952380952,101.07504761904758,60.907732322038115,0.76,El Nino fraco
1954,2,162.2657142857143,165.61752380952382,-3.3518095238095214,-2.023825406099192,0.47,neutro
1954,3,114.39714285714285,128.59952380952382,-14.202380952380963,-11.043883003343721,-0.05,neutro
1954,4,80.5657142857143,123.01209523809524,-42.44638095238095,-34.50585966381935,-0.41,neutro
1954,5,149.62,149.96038095238094,-0.34038095238094,-0.2269805866184256,-0.54,La Nina fraca
1954,6,166.35714285714286,131.05228571428572,35.304857142857145,26.939520322314106,-0.5,La Nina fraca
1954,7,40.66285714285714,105.8864761904762,-65.22361904761905,-61.59768593138383,-0.64,La Nina fraca
1954,8,82.63428571428571,92.07361904761905,-9.439333333333337,-10.251941251979527,-0.84,La Nina fraca
1954,9,197.29142857142855,147.04580952380954,50.245619047619016,34.17004483863465,-0.9,La Nina fraca
1954,10,210.6542857142857,193.30371428571428,17.350571428571413,8.975808609102176,-0.77,La Nina fraca
1954,11,36.52571428571429,153.6029523809524,-117.0772380952381,-76.22069516272938,-0.73,La Nina fraca
1954,12,266.2257142857143,185.4586666666667,80.76704761904759,43.54989123490998,-0.66,La Nina fraca
1955,1,211.16857142857143,165.94780952380952,45.2207619047619,27.249990243633682,-0.68,La Nina fraca
1955,2,127.66571428571429,165.61752380952382,-37.95180952380953,-22.915334471162474,-0.62,La Nina fraca
1955,3,187.14285714285714,128.59952380952382,58.54333333333332,45.52375592000266,-0.69,La Nina fraca
1955,4,215.77714285714285,123.01209523809524,92.7650476190476,75.41132230899476,-0.8,La Nina fraca
1955,5,102.22,149.96038095238094,-47.740380952380946,-31.835329204412083,-0.79,La Nina fraca
1955,6,184.98000000000002,131.05228571428572,53.9277142857143,41.1497701026635,-0.72,La Nina fraca
1955,7,77.57142857142857,105.8864761904762,-28.315047619047633,-26.740948077365886,-0.68,La Nina fraca
1955,8,167.52285714285713,92.07361904761905,75.44923809523809,81.9444688670453,-0.75,La Nina fraca
1955,9,33.04571428571428,147.04580952380954,-114.00009523809526,-77.52692552563795,-1.09,La Nina moderada
1955,10,184.62,193.30371428571428,-8.683714285714274,-4.492264578464971,-1.42,La Nina moderada
1955,11,44.86571428571428,153.6029523809524,-108.7372380952381,-70.79111202599653,-1.67,La Nina forte
1955,12,288.3542857142857,185.4586666666667,102.89561904761902,55.4816989127599,-1.47,La Nina moderada
1956,1,268.4057142857143,165.94780952380952,102.45790476190476,61.741040786202426,-1.11,La Nina moderada
1956,2,110.06285714285714,165.61752380952382,-55.55466666666668,-33.543954400960565,-0.76,La Nina fraca
1956,3,186.72285714285715,128.59952380952382,58.123333333333335,45.19716062045701,-0.63,La Nina fraca
1956,4,113.51428571428572,123.01209523809524,-9.497809523809522,-7.721037110559006,-0.54,La Nina fraca
1956,5,81.92285714285715,149.96038095238094,-68.03752380952379,-45.37033273550346,-0.52,La Nina fraca
1956,6,89.86571428571429,131.05228571428572,-41.186571428571426,-31.427587244349578,-0.51,La Nina fraca
1956,7,145.28285714285713,105.8864761904762,39.39638095238092,37.20624424361038,-0.57,La Nina fraca
1956,8,63.24,92.07361904761905,-28.833619047619045,-31.31583112064569,-0.55,La Nina fraca
1956,9,59.30857142857143,147.04580952380954,-87.7372380952381,-59.6666021149224,-0.46,neutro
1956,10,192.65142857142857,193.30371428571428,-0.6522857142857106,-0.3374408591661068,-0.42,neutro
1956,11,104.21714285714286,153.6029523809524,-49.38580952380953,-32.151601748726314,-0.43,neutro
1956,12,121.65714285714286,185.4586666666667,-63.80152380952383,-34.402017957023936,-0.43,neutro
1957,1,292.86571428571426,165.94780952380952,126.91790476190474,76.48061467403404,-0.25,neutro
1957,2,173.33142857142857,165.61752380952382,7.713904761904757,4.657662175155145,0.06,neutro
1957,3,82.02571428571429,128.59952380952382,-46.57380952380953,-36.216160172406774,0.41,neutro
1957,4,53.245714285714286,123.01209523809524,-69.76638095238096,-56.71505783016305,0.72,El Nino fraco
1957,5,57.962857142857146,149.96038095238094,-91.9975238095238,-61.34788617183966,0.92,El Nino fraco
1957,6,82.7342857142857,131.05228571428572,-48.31800000000001,-36.86925392918422,1.11,El Nino moderado
1957,7,102.84285714285714,105.8864761904762,-3.0436190476190603,-2.8744171655537762,1.25,El Nino moderado
1957,8,145.3457142857143,92.07361904761905,53.27209523809526,57.85815284456643,1.32,El Nino moderado
1957,9,303.34285714285716,147.04580952380954,156.29704761904762,106.29139866358459,1.33,El Nino moderado
1957,10,172.27142857142857,193.30371428571428,-21.032285714285706,-10.880435377045446,1.39,El Nino moderado
1957,11,152.7342857142857,153.6029523809524,-0.8686666666666838,-0.5655273243135939,1.53,El Nino forte
1957,12,257.8228571428571,185.4586666666667,72.36419047619043,39.01903953955082,1.74,El Nino forte
1958,1,99.16285714285713,165.94780952380952,-66.78495238095239,-40.244551930268386,1.81,El Nino forte
1958,2,116.65142857142858,165.61752380952382,-48.966095238095235,-29.565769437786656,1.66,El Nino forte
1958,3,128.9542857142857,128.59952380952382,0.3547619047618866,0.27586564417403675,1.27,El Nino moderado
1958,4,109.23142857142857,123.01209523809524,-13.780666666666676,-11.202692418167171,0.93,El Nino fraco
1958,5,94.71714285714286,149.96038095238094,-55.243238095238084,-36.838555453376884,0.74,El Nino fraco
1958,6,102.07142857142857,131.05228571428572,-28.980857142857147,-22.113965418382634,0.64,El Nino fraco
1958,7,145.39428571428573,105.8864761904762,39.50780952380953,37.31147824084734,0.57,El Nino fraco
1958,8,122.28,92.07361904761905,30.206380952380954,32.80677056558262,0.43,neutro
1958,9,136.72857142857143,147.04580952380954,-10.31723809523811,-7.0163428176901235,0.39,neutro
1958,10,162.69714285714286,193.30371428571428,-30.606571428571414,-15.833410931428405,0.44,neutro
1958,11,205.1342857142857,153.6029523809524,51.53133333333332,33.548400297365305,0.5,El Nino fraco
1958,12,210.28857142857143,185.4586666666667,24.829904761904743,13.38837661684081,0.61,El Nino fraco
1959,1,162.2657142857143,165.94780952380952,-3.682095238095229,-2.2188272618126588,0.61,El Nino fraco
1959,2,202.11428571428573,165.61752380952382,36.49676190476191,22.03677549649681,0.62,El Nino fraco
1959,3,131.57428571428574,128.59952380952382,2.9747619047619196,2.3131982270540994,0.52,El Nino fraco
1959,4,143.04285714285714,123.01209523809524,20.030761904761903,16.283571030955528,0.33,neutro
1959,5,151.19142857142856,149.96038095238094,1.2310476190476152,0.8209152385645961,0.2,neutro
1959,6,109.77428571428571,131.05228571428572,-21.278000000000006,-16.23626774918626,-0.07,neutro
1959,7,82.61714285714285,105.8864761904762,-23.26933333333335,-21.975736817867848,-0.18,neutro
1959,8,136.54285714285714,92.07361904761905,44.4692380952381,48.29748038060641,-0.28,neutro
1959,9,25.231428571428573,147.04580952380954,-121.81438095238096,-82.84111009138066,-0.09,neutro
1959,10,215.88571428571427,193.30371428571428,22.581999999999994,11.682134553618802,-0.03,neutro
1959,11,130.6942857142857,153.6029523809524,-22.908666666666676,-14.914209858317461,0.05,neutro
1959,12,166.02857142857144,185.4586666666667,-19.430095238095248,-10.47677932087037,-0.04,neutro
1960,1,110.32285714285715,165.94780952380952,-55.62495238095238,-33.519546019058204,-0.1,neutro
1960,2,157.08,165.61752380952382,-8.537523809523805,-5.154964047972836,-0.1,neutro
1960,3,52.83428571428571,128.59952380952382,-75.7652380952381,-58.91564435919558,-0.07,neutro
1960,4,132.1542857142857,123.01209523809524,9.14219047619045,7.431944361646181,0.03,neutro
1960,5,75.72285714285715,149.96038095238094,-74.2375238095238,-49.5047580821347,0.02,neutro
1960,6,145.26000000000002,131.05228571428572,14.207714285714303,10.841256379678352,0.03,neutro
1960,7,55.27142857142857,105.8864761904762,-50.61504761904763,-47.80123906285978,0.13,neutro
1960,8,166.32285714285715,92.07361904761905,74.2492380952381,80.64116395472361,0.24,neutro
1960,9,76.86,147.04580952380954,-70.18580952380954,-47.73057440473685,0.27,neutro
1960,10,354.46285714285716,193.30371428571428,161.15914285714288,83.37094993370907,0.2,neutro
1960,11,119.65142857142858,153.6029523809524,-33.951523809523806,-22.10343179167563,0.12,neutro
1960,12,100.82857142857142,185.4586666666667,-84.63009523809527,-45.63286081971289,0.05,neutro
1961,1,149.38857142857145,165.94780952380952,-16.559238095238072,-9.97858190641692,0.04,neutro
1961,2,203.69714285714284,165.61752380952382,38.07961904761902,22.992505969002572,0.03,neutro
1961,3,234.82571428571427,128.59952380952382,106.22619047619045,82.60232023372669,0.04,neutro
1961,4,193.54000000000002,123.01209523809524,70.52790476190478,57.334122002714416,0.09,neutro
1961,5,49.379999999999995,149.96038095238094,-100.58038095238095,-67.07130264247573,0.23,neutro
1961,6,20.665714285714284,131.05228571428572,-110.38657142857143,-84.23093945055736,0.27,neutro
1961,7,4.505714285714285,105.8864761904762,-101.38076190476191,-95.74476888095786,0.14,neutro
1961,8,9.988571428571428,92.07361904761905,-82.08504761904761,-89.15153815838879,-0.13,neutro
1961,9,62.41142857142857,147.04580952380954,-84.63438095238097,-57.55647252135875,-0.3,neutro
1961,10,142.20857142857145,193.30371428571428,-51.09514285714283,-26.4325716895544,-0.26,neutro
1961,11,232.67142857142858,153.6029523809524,79.06847619047619,51.475883090044775,-0.19,neutro
1961,12,120.42,185.4586666666667,-65.03866666666669,-35.06908996793536,-0.16,neutro
1962,1,113.71714285714286,165.94780952380952,-52.230666666666664,-31.47415251610948,-0.24,neutro
1962,2,155.78285714285715,165.61752380952382,-9.834666666666664,-5.938179994755556,-0.22,neutro
1962,3,124.59142857142857,128.59952380952382,-4.008095238095251,-3.1167263449838836,-0.2,neutro
1962,4,108.54857142857142,123.01209523809524,-14.46352380952382,-11.757806239727113,-0.26,neutro
1962,5,117.19714285714285,149.96038095238094,-32.763238095238094,-21.847929357849438,-0.28,neutro
1962,6,32.80571428571429,131.05228571428572,-98.24657142857143,-74.967461187792,-0.2,neutro
1962,7,26.074285714285715,105.8864761904762,-79.8121904761905,-75.37524464655769,-0.04,neutro
1962,8,29.04857142857143,92.07361904761905,-63.02504761904761,-68.45071180101222,-0.07,neutro
1962,9,82.57428571428571,147.04580952380954,-64.47152380952383,-43.844516221378385,-0.11,neutro
1962,10,114.24285714285715,193.30371428571428,-79.06085714285713,-40.89981272993054,-0.22,neutro
1962,11,164.49428571428572,153.6029523809524,10.891333333333336,7.090575515971607,-0.31,neutro
1962,12,119.4457142857143,185.4586666666667,-66.01295238095238,-35.594428433803245,-0.43,neutro
1963,1,233.28857142857143,165.94780952380952,67.3407619047619,40.57948224685673,-0.4,neutro
1963,2,139.09142857142857,165.61752380952382,-26.52609523809525,-16.016478587497073,-0.15,neutro
1963,3,244.76000000000002,128.59952380952382,116.1604761904762,90.32729884951067,0.15,neutro
1963,4,21.83142857142857,123.01209523809524,-101.18066666666667,-82.25261627389332,0.27,neutro
1963,5,203.57714285714286,149.96038095238094,53.616761904761916,35.75395151989352,0.31,neutro
1963,6,82.97428571428571,131.05228571428572,-48.078,-36.68612091575228,0.52,El Nino fraco
1963,7,22.802857142857142,105.8864761904762,-83.08361904761907,-78.46480687312918,0.86,El Nino fraco
1963,8,28.857142857142858,92.07361904761905,-63.216476190476186,-68.65861996559688,1.14,El Nino moderado
1963,9,151.94285714285715,147.04580952380954,4.897047619047612,3.330287095501818,1.22,El Nino moderado
1963,10,77.50857142857143,193.30371428571428,-115.79514285714285,-59.90321669970128,1.29,El Nino moderado
1963,11,160.09142857142857,153.6029523809524,6.488476190476177,4.224187159100976,1.37,El Nino moderado
1963,12,151.81428571428572,185.4586666666667,-33.64438095238097,-18.141174827300766,1.31,El Nino moderado
1964,1,34.29714285714286,165.94780952380952,-131.65066666666667,-79.33257271936328,1.07,El Nino moderado
1964,2,116.45142857142858,165.61752380952382,-49.16609523809524,-29.686529605792806,0.62,El Nino fraco
1964,3,124.72571428571428,128.59952380952382,-3.873809523809541,-3.012304718598542,0.12,neutro
1964,4,191.39428571428573,123.01209523809524,68.38219047619049,55.58981037095076,-0.33,neutro
1964,5,3.637142857142857,149.96038095238094,-146.32323809523808,-97.57459748098545,-0.58,La Nina fraca
1964,6,48.88857142857143,131.05228571428572,-82.16371428571429,-62.69536913293059,-0.58,La Nina fraca
1964,7,49.14571428571429,105.8864761904762,-56.74076190476191,-53.58641060326963,-0.6,La Nina fraca
1964,8,105.68,92.07361904761905,13.60638095238096,14.777719278465584,-0.66,La Nina fraca
1964,9,161.82285714285715,147.04580952380954,14.777047619047607,10.049281694528615,-0.76,La Nina fraca
1964,10,100.72285714285715,193.30371428571428,-92.58085714285713,-47.89398769959338,-0.8,La Nina fraca
1964,11,99.4342857142857,153.6029523809524,-54.16866666666668,-35.265381183769414,-0.82,La Nina fraca
1964,12,154.55142857142857,185.4586666666667,-30.907238095238114,-16.665297260434368,-0.78,La Nina fraca
1965,1,98.39428571428572,165.94780952380952,-67.55352380952381,-40.707692378326634,-0.59,La Nina fraca
1965,2,188.20857142857145,165.61752380952382,22.59104761904763,13.640493529555195,-0.28,neutro
1965,3,59.114285714285714,128.59952380952382,-69.4852380952381,-54.032267023131986,-0.07,neutro
1965,4,115.4,123.01209523809524,-7.612095238095236,-6.188086808343273,0.18,neutro
1965,5,240.49714285714285,149.96038095238094,90.5367619047619,60.37378761628468,0.46,neutro
1965,6,90.71142857142857,131.05228571428572,-40.340857142857146,-30.7822613874942,0.83,El Nino fraco
1965,7,160.01142857142855,105.8864761904762,54.12495238095235,51.11602003223575,1.22,El Nino moderado
1965,8,170.6942857142857,92.07361904761905,78.62066666666666,85.38891756389556,1.54,El Nino forte
1965,9,226.46571428571428,147.04580952380954,79.41990476190475,54.010314893771344,1.85,El Nino forte
1965,10,212.58,193.30371428571428,19.276285714285734,9.972020344003452,1.98,El Nino forte
1965,11,138.10571428571427,153.6029523809524,-15.497238095238117,-10.089153792306833,1.97,El Nino forte
1965,12,242.98,185.4586666666667,57.5213333333333,31.015715990625026,1.72,El Nino forte
1966,1,122.90285714285716,165.94780952380952,-43.04495238095237,-25.938849391547073,1.37,El Nino moderado
1966,2,203.90857142857143,165.61752380952382,38.29104761904762,23.120166718037655,1.17,El Nino moderado
1966,3,81.48571428571428,128.59952380952382,-47.113809523809536,-36.63606841467976,0.98,El Nino fraco
1966,4,24.72285714285714,123.01209523809524,-98.2892380952381,-79.90209247716253,0.66,El Nino fraco
1966,5,71.1257142857143,149.96038095238094,-78.83466666666665,-52.570329687079244,0.35,neutro
1966,6,135.37714285714284,131.05228571428572,4.324857142857127,3.300100505141883,0.24,neutro
1966,7,63.71714285714285,105.8864761904762,-42.16933333333335,-39.825041733824555,0.24,neutro
1966,8,101.85142857142857,92.07361904761905,9.777809523809523,10.61955598677249,0.12,neutro
1966,9,93.6,147.04580952380954,-53.445809523809544,-36.34636695658821,-0.05,neutro
1966,10,352.48285714285714,193.30371428571428,159.17914285714286,82.34665507868448,-0.1,neutro
1966,11,85.81714285714285,153.6029523809524,-67.78580952380953,-44.130538165499054,-0.18,neutro
1966,12,207.54285714285714,185.4586666666667,22.084190476190457,11.907877303940387,-0.3,neutro
1967,1,358.18,165.94780952380952,192.23219047619048,115.83894420047152,-0.41,neutro
1967,2,260.7228571428571,165.61752380952382,95.10533333333328,57.42468015806927,-0.48,neutro
1967,3,197.51142857142855,128.59952380952382,68.91190476190474,53.58643851899027,-0.53,La Nina fraca
1967,4,23.98,123.01209523809524,-99.03209523809524,-80.5059819901566,-0.45,neutro
1967,5,10.719999999999999,149.96038095238094,-139.24038095238095,-92.85144520711502,-0.24,neutro
1967,6,49.19428571428571,131.05228571428572,-81.858,-62.46209255629705,-0.0,neutro
1967,7,96.92571428571429,105.8864761904762,-8.96076190476191,-8.462612249597056,0.05,neutro
1967,8,32.042857142857144,92.07361904761905,-60.0307619047619,-65.19865573407614,-0.16,neutro
1967,9,71.26857142857143,147.04580952380954,-75.7772380952381,-51.53308233715312,-0.3,neutro
1967,10,132.3457142857143,193.30371428571428,-60.95799999999997,-31.534831198277164,-0.38,neutro
1967,11,169.57428571428574,153.6029523809524,15.971333333333348,10.397803613645829,-0.34,neutro
1967,12,124.28,185.4586666666667,-61.178666666666686,-32.98776367061125,-0.44,neutro
1968,1,289.29714285714283,165.94780952380952,123.3493333333333,74.33019675721339,-0.64,La Nina fraca
1968,2,57.25142857142857,165.61752380952382,-108.36609523809526,-65.43153933561207,-0.74,La Nina fraca
1968,3,96.49428571428572,128.59952380952382,-32.10523809523809,-24.965285363568697,-0.62,La Nina fraca
1968,4,98.9,123.01209523809524,-24.112095238095236,-19.60140195273093,-0.44,neutro
1968,5,61.86571428571429,149.96038095238094,-88.09466666666665,-58.745293995112355,-0.04,neutro
1968,6,32.857142857142854,131.05228571428572,-98.19514285714286,-74.92821839919945,0.28,neutro
1968,7,24.737142857142857,105.8864761904762,-81.14933333333335,-76.63805261340087,0.58,El Nino fraco
1968,8,66.29428571428572,92.07361904761905,-25.779333333333327,-27.998609808093516,0.53,El Nino fraco
1968,9,87.77714285714285,147.04580952380954,-59.26866666666669,-40.306260245430494,0.45,neutro
1968,10,181.59428571428572,193.30371428571428,-11.70942857142856,-6.057529010602112,0.55,El Nino fraco
1968,11,62.77142857142857,153.6029523809524,-90.83152380952382,-59.13397001917747,0.73,El Nino fraco
1968,12,338.4942857142857,185.4586666666667,153.035619047619,82.51737262981455,0.98,El Nino fraco
1969,1,148.13142857142856,165.94780952380952,-17.816380952380968,-10.73613505565721,1.13,El Nino moderado
1969,2,100.65142857142858,165.61752380952382,-64.96609523809524,-39.22658287827834,1.09,El Nino moderado
1969,3,127.07142857142857,128.59952380952382,-1.528095238095247,-1.188258861952395,0.95,El Nino fraco
1969,4,91.11142857142858,123.01209523809524,-31.900666666666666,-25.93295123127652,0.77,El Nino fraco
1969,5,115.89714285714285,149.96038095238094,-34.06323809523809,-22.71482499504631,0.61,El Nino fraco
1969,6,90.02285714285713,131.05228571428572,-41.02942857142858,-31.30767872365011,0.43,neutro
1969,7,31.740000000000002,105.8864761904762,-74.14647619047619,-70.02450063320285,0.36,neutro
1969,8,86.73714285714286,92.07361904761905,-5.336476190476191,-5.795879694612903,0.51,El Nino fraco
1969,9,146.51714285714286,147.04580952380954,-0.5286666666666804,-0.35952514959705745,0.79,El Nino fraco
1969,10,116.90857142857142,193.30371428571428,-76.39514285714286,-39.5207837259797,0.86,El Nino fraco
1969,11,231.12571428571428,153.6029523809524,77.5227619047619,50.46957802770407,0.81,El Nino fraco
1969,12,95.88857142857142,185.4586666666667,-89.57009523809526,-48.296527117324565,0.63,El Nino fraco
1970,1,66.25428571428571,165.94780952380952,-99.69352380952381,-60.07522732333516,0.51,El Nino fraco
1970,2,95.74285714285715,165.61752380952382,-69.87466666666667,-42.19038243020062,0.34,neutro
1970,3,157.79714285714286,128.59952380952382,29.197619047619042,22.70429794970728,0.29,neutro
1970,4,132.71428571428572,123.01209523809524,9.70219047619048,7.887184148364818,0.19,neutro
1970,5,103.27142857142857,149.96038095238094,-46.68895238095237,-31.134191634107797,0.04,neutro
1970,6,191.35142857142858,131.05228571428572,60.29914285714287,46.011515578297,-0.3,neutro
1970,7,111.04,105.8864761904762,5.153523809523804,4.867027400414454,-0.63,La Nina fraca
1970,8,41.065714285714286,92.07361904761905,-51.00790476190476,-55.3990440361905,-0.76,La Nina fraca
1970,9,150.36,147.04580952380954,3.3141904761904755,2.253848978711525,-0.77,La Nina fraca
1970,10,92.97714285714285,193.30371428571428,-100.32657142857143,-51.90100552350631,-0.74,La Nina fraca
1970,11,132.60571428571427,153.6029523809524,-20.997238095238117,-13.669814134276947,-0.86,La Nina fraca
1970,12,254.14857142857144,185.4586666666667,68.68990476190476,37.03785107296401,-1.15,La Nina moderada
1971,1,305.6142857142857,165.94780952380952,139.66647619047617,84.16289229201148,-1.36,La Nina moderada
1971,2,133.47714285714287,165.61752380952382,-32.14038095238095,-19.40638901795531,-1.38,La Nina moderada
1971,3,142.59714285714284,128.59952380952382,13.997619047619025,10.884658537578808,-1.12,La Nina moderada
1971,4,143.29142857142855,123.01209523809524,20.279333333333312,16.485641752611222,-0.85,La Nina fraca
1971,5,114.57714285714285,149.96038095238094,-35.3832380952381,-23.595057488200062,-0.73,La Nina fraca
1971,6,166.1942857142857,131.05228571428572,35.141999999999996,26.815251491771004,-0.74,La Nina fraca
1971,7,133.81428571428572,105.8864761904762,27.927809523809515,26.375237451070678,-0.8,La Nina fraca
1971,8,84.74285714285715,92.07361904761905,-7.3307619047619,-7.961848334614222,-0.77,La Nina fraca
1971,9,53.16,147.04580952380954,-93.88580952380954,-63.84800072021613,-0.82,La Nina fraca
1971,10,139.78285714285713,193.30371428571428,-53.52085714285715,-27.687443741381074,-0.85,La Nina fraca
1971,11,45.53142857142857,153.6029523809524,-108.07152380952382,-70.35771261837105,-0.96,La Nina fraca
1971,12,145.06857142857143,185.4586666666667,-40.390095238095256,-21.778488956081095,-0.9,La Nina fraca
1972,1,124.50857142857143,165.94780952380952,-41.439238095238096,-24.971247414562928,-0.71,La Nina fraca
1972,2,237.77142857142857,165.61752380952382,72.15390476190476,43.566588306735426,-0.35,neutro
1972,3,142.72,128.59952380952382,14.120476190476182,10.980193217037753,0.06,neutro
1972,4,84.37142857142857,123.01209523809524,-38.640666666666675,-31.412087235711244,0.41,neutro
1972,5,73.31714285714285,149.96038095238094,-76.64323809523809,-51.1089913272331,0.67,El Nino fraco
1972,6,52.457142857142856,131.05228571428572,-78.59514285714286,-59.97235563559147,0.92,El Nino fraco
1972,7,149.63714285714286,105.8864761904762,43.75066666666666,41.31846505871516,1.13,El Nino moderado
1972,8,263.08,92.07361904761905,171.00638095238094,185.72788027799697,1.37,El Nino moderado
1972,9,164.06285714285713,147.04580952380954,17.017047619047588,11.572616502405126,1.58,El Nino forte
1972,10,157.63714285714286,193.30371428571428,-35.666571428571416,-18.45105333871346,1.84,El Nino forte
1972,11,314.8342857142857,153.6029523809524,161.23133333333334,104.96629839084194,2.09,El Nino muito forte
1972,12,123.51142857142857,185.4586666666667,-61.94723809523812,-33.40218023166246,2.12,El Nino muito forte
1973,1,186.31428571428572,165.94780952380952,20.36647619047619,12.272820140813062,1.84,El Nino forte
1973,2,146.39142857142858,165.61752380952382,-19.22609523809524,-11.608732455272735,1.25,El Nino moderado
1973,3,141.87428571428572,128.59952380952382,13.274761904761903,10.322559144483241,0.54,El Nino fraco
1973,4,121.17714285714285,123.01209523809524,-1.8349523809523873,-1.4916845188278092,-0.1,neutro
1973,5,222.33714285714285,149.96038095238094,72.3767619047619,48.26392240744222,-0.54,La Nina fraca
1973,6,185.12857142857143,131.05228571428572,54.07628571428572,41.26313815859755,-0.87,La Nina fraca
1973,7,75.42857142857143,105.8864761904762,-30.45790476190477,-28.764678793460746,-1.11,La Nina moderada
1973,8,136.18571428571428,92.07361904761905,44.112095238095236,47.90959201384399,-1.28,La Nina moderada
1973,9,187.60285714285715,147.04580952380954,40.55704761904761,27.581233188750367,-1.45,La Nina moderada
1973,10,206.3457142857143,193.30371428571428,13.04200000000003,6.746895706682173,-1.71,La Nina forte
1973,11,167.83714285714285,153.6029523809524,14.234190476190463,9.266872970571614,-1.95,La Nina forte
1973,12,257.1714285714286,185.4586666666667,71.71276190476189,38.66778684096468,-2.03,La Nina forte
1974,1,226.61714285714288,165.94780952380952,60.669333333333356,36.55928542077487,-1.84,La Nina forte
1974,2,174.5857142857143,165.61752380952382,8.968190476190472,5.415000943079405,-1.55,La Nina forte
1974,3,164.44285714285715,128.59952380952382,35.843333333333334,27.872057587416084,-1.23,La Nina moderada
1974,4,83.10857142857144,123.01209523809524,-39.903523809523804,-32.43869940780116,-1.03,La Nina moderada
1974,5,133.84,149.96038095238094,-16.12038095238094,-10.74975993659277,-0.91,La Nina fraca
1974,6,148.2114285714286,131.05228571428572,17.159142857142882,13.093356413906792,-0.77,La Nina fraca
1974,7,34.24,105.8864761904762,-71.64647619047619,-67.66348146442552,-0.53,La Nina fraca
1974,8,135.1657142857143,92.07361904761905,43.092095238095254,46.801782838370556,-0.37,neutro
1974,9,32.54571428571428,147.04580952380954,-114.50009523809526,-77.86695561668182,-0.41,neutro
1974,10,155.71714285714287,193.30371428571428,-37.5865714285714,-19.444308955706997,-0.61,La Nina fraca
1974,11,148.48857142857145,153.6029523809524,-5.114380952380941,-3.32961109998505,-0.75,La Nina fraca
1974,12,148.4742857142857,185.4586666666667,-36.984380952380974,-19.94211519856049,-0.64,La Nina fraca
1975,1,93.73142857142857,165.94780952380952,-72.21638095238096,-43.5175258773269,-0.54,La Nina fraca
1975,2,155.2942857142857,165.61752380952382,-10.32323809523811,-6.23317983374201,-0.57,La Nina fraca
1975,3,130.69142857142856,128.59952380952382,2.0919047619047433,1.6266815769887175,-0.65,La Nina fraca
1975,4,102.19142857142856,123.01209523809524,-20.820666666666682,-16.92570687977258,-0.73,La Nina fraca
1975,5,39.379999999999995,149.96038095238094,-110.58038095238095,-73.7397306209132,-0.83,La Nina fraca
1975,6,121.75714285714285,131.05228571428572,-9.295142857142864,-7.092698007120391,-0.98,La Nina fraca
1975,7,81.84857142857142,105.8864761904762,-24.037904761904784,-22.70158156804054,-1.13,La Nina moderada
1975,8,119.44857142857143,92.07361904761905,27.37495238095238,29.73159159389019,-1.2,La Nina moderada
1975,9,117.35142857142857,147.04580952380954,-29.694380952380968,-20.193966117458707,-1.37,La Nina moderada
1975,10,226.80857142857144,193.30371428571428,33.50485714285716,17.332753934223433,-1.43,La Nina moderada
1975,11,207.34857142857143,153.6029523809524,53.745619047619044,34.98996485062601,-1.55,La Nina forte
1975,12,160.71714285714287,185.4586666666667,-24.741523809523812,-13.340721279956618,-1.65,La Nina forte
1976,1,163.87142857142857,165.94780952380952,-2.0763809523809584,-1.2512252848285097,-1.56,La Nina forte
1976,2,118.28571428571429,165.61752380952382,-47.331809523809525,-28.578986350650723,-1.17,La Nina moderada
1976,3,102.98571428571428,128.59952380952382,-25.613809523809536,-19.91749950936648,-0.73,La Nina fraca
1976,4,111.28,123.01209523809524,-11.73209523809524,-9.537350953487346,-0.47,neutro
1976,5,204.08285714285714,149.96038095238094,54.12247619047619,36.091183449088774,-0.28,neutro
1976,6,135.10285714285715,131.05228571428572,4.0505714285714305,3.0908056326482574,-0.05,neutro
1976,7,102.74857142857142,105.8864761904762,-3.137904761904778,-2.9634613170619537,0.18,neutro
1976,8,126.71428571428571,92.07361904761905,34.64066666666666,37.622792527304746,0.35,neutro
1976,9,72.32,147.04580952380954,-74.72580952380954,-50.81804763141516,0.62,El Nino fraco
1976,10,145.70857142857145,193.30371428571428,-47.59514285714283,-24.621949471076594,0.81,El Nino fraco
1976,11,135.8,153.6029523809524,-17.802952380952377,-11.590241010992468,0.86,El Nino fraco
1976,12,198.61428571428573,185.4586666666667,13.15561904761904,7.093558518494169,0.85,El Nino fraco
1977,1,223.74285714285713,165.94780952380952,57.79504761904761,34.82724344773916,0.71,El Nino fraco
1977,2,96.91142857142857,165.61752380952382,-68.70609523809524,-41.484798019993285,0.64,El Nino fraco
1977,3,212.37428571428572,128.59952380952382,83.7747619047619,65.1439129967896,0.34,neutro
1977,4,83.72285714285715,123.01209523809524,-39.28923809523809,-31.93932923359452,0.23,neutro
1977,5,42.32857142857143,149.96038095238094,-107.63180952380952,-71.7734969998425,0.21,neutro
1977,6,132.47714285714287,131.05228571428572,1.4248571428571495,1.0872432595060255,0.34,neutro
1977,7,109.88285714285715,105.8864761904762,3.996380952380946,3.7742128137232265,0.35,neutro
1977,8,131.23714285714286,92.07361904761905,39.16352380952381,42.53501080398397,0.42,neutro
1977,9,150.42571428571426,147.04580952380954,3.3799047619047258,2.298538647820123,0.57,El Nino fraco
1977,10,105.24571428571429,193.30371428571428,-88.05799999999999,-45.5542203756339,0.73,El Nino fraco
1977,11,211.59142857142857,153.6029523809524,57.98847619047618,37.752188543002944,0.81,El Nino fraco
1977,12,180.00857142857143,185.4586666666667,-5.450095238095258,-2.9387115393700975,0.79,El Nino fraco
1978,1,94.68285714285715,165.94780952380952,-71.26495238095238,-42.94419588028824,0.69,El Nino fraco
1978,2,84.7,165.61752380952382,-80.91752380952381,-48.85806884939712,0.42,neutro
1978,3,142.4,128.59952380952382,13.80047619047619,10.73135870309821,0.06,neutro
1978,4,12.508571428571429,123.01209523809524,-110.50352380952381,-89.83142966196897,-0.18,neutro
1978,5,43.642857142857146,149.96038095238094,-106.3175238095238,-70.89707503696215,-0.31,neutro
1978,6,98.48571428571428,131.05228571428572,-32.566571428571436,-24.85005984525261,-0.29,neutro
1978,7,208.96285714285713,105.8864761904762,103.07638095238093,97.34612451070686,-0.36,neutro
1978,8,51.7,92.07361904761905,-40.373619047619044,-43.84928002747284,-0.42,neutro
1978,9,178.34,147.04580952380954,31.294190476190465,21.281932873526284,-0.42,neutro
1978,10,127.07142857142857,193.30371428571428,-66.23228571428571,-34.263328027101686,-0.29,neutro
1978,11,129.43714285714287,153.6029523809524,-24.165809523809514,-15.732646507910616,-0.08,neutro
1978,12,94.16571428571429,185.4586666666667,-91.2929523809524,-49.22549807016427,0.0,neutro
1979,1,143.38,165.94780952380952,-22.56780952380953,-13.599341617444844,0.03,neutro
1979,2,124.82571428571427,165.61752380952382,-40.79180952380955,-24.63012885684976,0.07,neutro
1979,3,72.01714285714286,128.59952380952382,-56.58238095238096,-43.99890394321241,0.2,neutro
1979,4,149.7657142857143,123.01209523809524,26.753619047619054,21.74877112355193,0.28,neutro
1979,5,248.55714285714285,149.96038095238094,98.5967619047619,65.74854056690529,0.23,neutro
1979,6,26.54857142857143,131.05228571428572,-104.50371428571428,-79.74200046655315,0.05,neutro
1979,7,138.78,105.8864761904762,32.8935238095238,31.064896097167843,0.04,neutro
1979,8,163.4857142857143,92.07361904761905,71.41209523809525,77.55977876916299,0.17,neutro
1979,9,165.4685714285714,147.04580952380954,18.42276190476187,12.528586815511305,0.33,neutro
1979,10,293.18,193.30371428571428,99.87628571428573,51.66806343237808,0.45,neutro
1979,11,209.71428571428572,153.6029523809524,56.111333333333334,36.53011381849679,0.52,El Nino fraco
1979,12,190.6542857142857,185.4586666666667,5.1956190476190045,2.801497034893132,0.64,El Nino fraco
1980,1,162.67714285714285,165.94780952380952,-3.2706666666666706,-1.9709007766067612,0.59,El Nino fraco
1980,2,139.95142857142858,165.61752380952382,-25.666095238095238,-15.497209865070639,0.46,neutro
1980,3,105.20857142857143,128.59952380952382,-23.390952380952385,-18.188988332179267,0.34,neutro
1980,4,109.01142857142857,123.01209523809524,-14.000666666666675,-11.381536620092339,0.38,neutro
1980,5,171.8457142857143,149.96038095238094,21.885333333333364,14.594076911743059,0.48,neutro
1980,6,87.59714285714286,131.05228571428572,-43.45514285714286,-33.15863025226573,0.46,neutro
1980,7,125.21714285714286,105.8864761904762,19.33066666666666,18.25602981809808,0.25,neutro
1980,8,200.4,92.07361904761905,108.32638095238096,117.65192035772617,0.03,neutro
1980,9,201.78,147.04580952380954,54.73419047619046,37.22254354166274,-0.07,neutro
1980,10,265.23428571428576,193.30371428571428,71.93057142857148,37.21116880467898,0.02,neutro
1980,11,125.06000000000002,153.6029523809524,-28.54295238095237,-18.582294115130466,0.11,neutro
1980,12,231.99428571428572,185.4586666666667,46.535619047619036,25.092178157012004,-0.01,neutro
1981,1,143.88571428571427,165.94780952380952,-22.062095238095253,-13.294598646045927,-0.26,neutro
1981,2,110.99428571428572,165.61752380952382,-54.623238095238094,-32.981557047103365,-0.5,La Nina fraca
1981,3,104.52285714285715,128.59952380952382,-24.076666666666668,-18.722205147764008,-0.47,neutro
1981,4,183.5314285714286,123.01209523809524,60.51933333333335,49.19787214110577,-0.37,neutro
1981,5,14.09142857142857,149.96038095238094,-135.86895238095238,-90.60323234581324,-0.26,neutro
1981,6,119.76857142857142,131.05228571428572,-11.283714285714296,-8.610085832699278,-0.29,neutro
1981,7,27.939999999999998,105.8864761904762,-77.9464761904762,-73.61324976974443,-0.3,neutro
1981,8,103.47142857142858,92.07361904761905,11.397809523809528,12.379017618406808,-0.25,neutro
1981,9,138.28,147.04580952380954,-8.765809523809537,-5.9612780209082965,-0.16,neutro
1981,10,128.28285714285713,193.30371428571428,-65.02085714285715,-33.63663103066529,-0.13,neutro
1981,11,168.46,153.6029523809524,14.85704761904762,9.672371128779147,-0.15,neutro
1981,12,341.6714285714286,185.4586666666667,156.2127619047619,84.23049982642775,-0.08,neutro
1982,1,41.38285714285715,165.94780952380952,-124.56495238095238,-75.0627276963727,-0.05,neutro
1982,2,206.17714285714285,165.61752380952382,40.55961904761904,24.489932052278792,0.07,neutro
1982,3,104.96857142857144,128.59952380952382,-23.63095238095238,-18.375614217633924,0.19,neutro
1982,4,28.34,123.01209523809524,-94.67209523809524,-76.96161507927599,0.47,neutro
1982,5,105.44285714285714,149.96038095238094,-44.51752380952381,-29.686190130218524,0.66,El Nino fraco
1982,6,282.9428571428571,131.05228571428572,151.8905714285714,115.90074190671987,0.72,El Nino fraco
1982,7,148.90571428571428,105.8864761904762,43.01923809523808,40.62769830762144,0.79,El Nino fraco
1982,8,116.40285714285714,92.07361904761905,24.329238095238097,26.423679602140318,1.07,El Nino moderado
1982,9,68.49428571428572,147.04580952380954,-78.55152380952381,-53.41976358517365,1.58,El Nino forte
1982,10,314.60285714285715,193.30371428571428,121.29914285714287,62.750549468416104,1.97,El Nino forte
1982,11,346.97999999999996,153.6029523809524,193.37704761904757,125.89409553759815,2.18,El Nino muito forte
1982,12,144.2057142857143,185.4586666666667,-41.252952380952394,-22.243744723506616,2.23,El Nino muito forte
1983,1,159.9685714285714,165.94780952380952,-5.979238095238117,-3.603083470878981,2.18,El Nino muito forte
1983,2,186.19714285714284,165.61752380952382,20.57961904761902,12.425991268464786,1.92,El Nino forte
1983,3,210.26857142857142,128.59952380952382,81.6690476190476,63.5064930255981,1.54,El Nino forte
1983,4,270.8828571428571,123.01209523809524,147.87076190476188,120.20831091328995,1.29,El Nino moderado
1983,5,417.74857142857144,149.96038095238094,267.7881904761905,178.5726261666574,1.06,El Nino moderado
1983,6,174.8542857142857,131.05228571428572,43.80199999999999,33.4233010597733,0.72,El Nino fraco
1983,7,437.18857142857144,105.8864761904762,331.30209523809526,312.8842390052959,0.31,neutro
1983,8,20.705714285714286,92.07361904761905,-71.36790476190475,-77.51178404858224,-0.08,neutro
1983,9,353.76571428571424,147.04580952380954,206.7199047619047,140.5819760735397,-0.46,neutro
1983,10,209.33142857142857,193.30371428571428,16.027714285714296,8.29146731346527,-0.81,La Nina fraca
1983,11,180.8685714285714,153.6029523809524,27.265619047619026,17.750712876922613,-1.0,La Nina moderada
1983,12,132.54857142857142,185.4586666666667,-52.910095238095266,-28.529319329785213,-0.91,La Nina fraca
1984,1,202.16857142857143,165.94780952380952,36.2207619047619,21.826598379754504,-0.6,La Nina fraca
1984,2,67.94,165.61752380952382,-97.67752380952382,-58.977770928312175,-0.42,neutro
1984,3,160.53714285714287,128.59952380952382,31.93761904761905,24.834943475314656,-0.34,neutro
1984,4,186.6314285714286,123.01209523809524,63.619333333333344,51.7179495318695,-0.43,neutro
1984,5,57.99142857142857,149.96038095238094,-91.96895238095237,-61.32883352047271,-0.51,La Nina fraca
1984,6,156.87142857142857,131.05228571428572,25.81914285714285,19.70140598190907,-0.45,neutro
1984,7,106.46857142857144,105.8864761904762,0.5820952380952349,0.5497352060787444,-0.3,neutro
1984,8,145.9,92.07361904761905,53.82638095238096,58.460155589781685,-0.16,neutro
1984,9,143.88857142857145,147.04580952380954,-3.1572380952380854,-2.1471119139419392,-0.24,neutro
1984,10,72.47428571428571,193.30371428571428,-120.82942857142856,-62.507556576401605,-0.56,La Nina fraca
1984,11,213.25714285714287,153.6029523809524,59.65419047619048,38.836617103713905,-0.92,La Nina fraca
1984,12,243.82285714285712,185.4586666666667,58.36419047619043,31.47018768397114,-1.14,La Nina moderada
1985,1,36.69428571428571,165.94780952380952,-129.2535238095238,-77.88805660069833,-1.04,La Nina moderada
1985,2,194.77714285714285,165.61752380952382,29.15961904761903,17.60660247592846,-0.85,La Nina fraca
1985,3,138.62857142857143,128.59952380952382,10.029047619047617,7.7986662173821255,-0.77,La Nina fraca
1985,4,183.39714285714285,123.01209523809524,60.38504761904761,49.0887074983722,-0.78,La Nina fraca
1985,5,86.45428571428572,149.96038095238094,-63.50609523809523,-42.348582228702945,-0.78,La Nina fraca
1985,6,58.07142857142857,131.05228571428572,-72.98085714285715,-55.68835121423729,-0.63,La Nina fraca
1985,7,64.66285714285713,105.8864761904762,-41.22361904761907,-38.93190191112136,-0.49,neutro
1985,8,39.22571428571429,92.07361904761905,-52.84790476190476,-57.397444901750454,-0.46,neutro
1985,9,102.28,147.04580952380954,-44.76580952380954,-30.443444576066682,-0.4,neutro
1985,10,95.35714285714286,193.30371428571428,-97.94657142857142,-50.6697824149414,-0.35,neutro
1985,11,85.97714285714285,153.6029523809524,-67.62580952380954,-44.02637350100538,-0.27,neutro
1985,12,63.12,185.4586666666667,-122.33866666666668,-65.96546220541505,-0.36,neutro
1986,1,199.89714285714285,165.94780952380952,33.94933333333333,20.45783757601357,-0.49,neutro
1986,2,187.49714285714285,165.61752380952382,21.87961904761903,13.210932360504744,-0.47,neutro
1986,3,128.54285714285714,128.59952380952382,-0.05666666666667197,-0.044064445176798826,-0.31,neutro
1986,4,158.31714285714287,123.01209523809524,35.30504761904763,28.70046847890297,-0.2,neutro
1986,5,239.72285714285712,149.96038095238094,89.76247619047618,59.857460764239946,-0.12,neutro
1986,6,71.73714285714286,131.05228571428572,-59.31514285714286,-45.26067022322606,-0.04,neutro
1986,7,63.417142857142856,105.8864761904762,-42.469333333333346,-40.10836403407783,0.22,neutro
1986,8,173.3114285714286,92.07361904761905,81.23780952380955,88.23136351553056,0.44,neutro
1986,9,172.9457142857143,147.04580952380954,25.899904761904764,17.61349394843589,0.71,El Nino fraco
1986,10,79.67428571428572,193.30371428571428,-113.62942857142856,-58.78284801267583,0.94,El Nino fraco
1986,11,158.32285714285715,153.6029523809524,4.719904761904758,3.0727955997869554,1.14,El Nino moderado
1986,12,179.60857142857142,185.4586666666667,-5.850095238095264,-3.1543930209580915,1.22,El Nino moderado
1987,1,197.12285714285716,165.94780952380952,31.175047619047632,18.78605551257654,1.23,El Nino moderado
1987,2,267.6771428571429,165.61752380952382,102.05961904761907,61.62368371416874,1.19,El Nino moderado
1987,3,48.19714285714286,128.59952380952382,-80.40238095238095,-62.5215230745874,1.06,El Nino moderado
1987,4,257.63142857142856,123.01209523809524,134.61933333333332,109.43585106226486,0.95,El Nino fraco
1987,5,452.2085714285714,149.96038095238094,302.2481904761905,201.5520289803529,0.97,El Nino fraco
1987,6,144.6,131.05228571428572,13.547714285714278,10.337640592740515,1.22,El Nino moderado
1987,7,81.67428571428572,105.8864761904762,-24.212190476190486,-22.86617833294958,1.51,El Nino forte
1987,8,124.48,92.07361904761905,32.40638095238096,35.19616290483909,1.7,El Nino forte
1987,9,92.09428571428572,147.04580952380954,-54.95152380952382,-37.37034328790316,1.65,El Nino forte
1987,10,162.10285714285715,193.30371428571428,-31.20085714285713,-16.140847193831167,1.48,El Nino moderado
1987,11,157.9142857142857,153.6029523809524,4.311333333333323,2.806803688669172,1.25,El Nino moderado
1987,12,171.18857142857144,185.4586666666667,-14.270095238095251,-7.694488208385291,1.11,El Nino moderado
1988,1,183.51142857142855,165.94780952380952,17.563619047619028,10.583820960347818,0.81,El Nino fraco
1988,2,157.00857142857143,165.61752380952382,-8.608952380952388,-5.19809267940361,0.54,El Nino fraco
1988,3,42.21714285714285,128.59952380952382,-86.38238095238097,-67.17161805383269,0.14,neutro
1988,4,179.03428571428572,123.01209523809524,56.022190476190474,45.54201793551853,-0.31,neutro
1988,5,227.1657142857143,149.96038095238094,77.20533333333336,51.483820488459195,-0.88,La Nina fraca
1988,6,141.73142857142858,131.05228571428572,10.679142857142864,8.148765051244547,-1.3,La Nina moderada
1988,7,6.3028571428571425,105.8864761904762,-99.58361904761907,-94.04753338705964,-1.3,La Nina moderada
1988,8,6.62,92.07361904761905,-85.45361904761904,-92.81010123369188,-1.11,La Nina moderada
1988,9,42.43714285714285,147.04580952380954,-104.60866666666669,-71.1401889012883,-1.19,La Nina moderada
1988,10,251.46571428571426,193.30371428571428,58.16199999999998,30.088402706030323,-1.48,La Nina moderada
1988,11,72.21428571428571,153.6029523809524,-81.38866666666668,-52.98639473075605,-1.8,La Nina forte
1988,12,135.87714285714284,185.4586666666667,-49.581523809523844,-26.734541286570863,-1.85,La Nina forte
1989,1,287.50857142857143,165.94780952380952,121.5607619047619,73.25240523124884,-1.69,La Nina forte
1989,2,170.7,165.61752380952382,5.0824761904761715,3.0688033932456995,-1.43,La Nina moderada
1989,3,128.3,128.59952380952382,-0.2995238095238051,-0.23291206736305423,-1.08,La Nina moderada
1989,4,126.5542857142857,123.01209523809524,3.5421904761904557,2.879546494460071,-0.83,La Nina fraca
1989,5,76.92571428571429,149.96038095238094,-73.03466666666665,-48.70264145958551,-0.58,La Nina fraca
1989,6,127.90571428571428,131.05228571428572,-3.146571428571434,-2.401004615387974,-0.4,neutro
1989,7,154.27142857142857,105.8864761904762,48.38495238095237,45.69512002072299,-0.31,neutro
1989,8,247.42857142857142,92.07361904761905,155.35495238095237,168.72906049300093,-0.27,neutro
1989,9,254.16285714285718,147.04580952380954,107.11704761904764,72.8460389085099,-0.24,neutro
1989,10,123.32285714285715,193.30371428571428,-69.98085714285713,-36.202541374565264,-0.22,neutro
1989,11,123.79428571428572,153.6029523809524,-29.808666666666667,-19.406311014607233,-0.16,neutro
1989,12,128.10857142857142,185.4586666666667,-57.350095238095264,-30.92338377541191,-0.05,neutro
1990,1,283.3,165.94780952380952,117.35219047619049,70.71632389299677,0.14,neutro
1990,2,77.88000000000001,165.61752380952382,-87.73752380952381,-52.9759905784067,0.21,neutro
1990,3,157.87714285714284,128.59952380952382,29.277619047619027,22.766506578192157,0.28,neutro
1990,4,146.0257142857143,123.01209523809524,23.013619047619045,18.70841969082405,0.29,neutro
1990,5,213.48000000000002,149.96038095238094,63.519619047619074,42.35760048368333,0.29,neutro
1990,6,177.25714285714287,131.05228571428572,46.20485714285715,35.25681134901447,0.31,neutro
1990,7,198.7514285714286,105.8864761904762,92.86495238095239,87.70237307160947,0.33,neutro
1990,8,155.89142857142858,92.07361904761905,63.81780952380953,69.311720538327,0.38,neutro
1990,9,212.47714285714287,147.04580952380954,65.43133333333333,44.49724446090981,0.39,neutro
1990,10,196.84,193.30371428571428,3.536285714285725,1.8293935671918267,0.35,neutro
1990,11,160.7342857142857,153.6029523809524,7.131333333333316,4.642705900370207,0.4,neutro
1990,12,143.52857142857144,185.4586666666667,-41.93009523809525,-22.608862660194855,0.41,neutro
1991,1,134.4742857142857,165.94780952380952,-31.47352380952381,-18.965916995131,0.41,neutro
1991,2,51.52857142857143,165.61752380952382,-114.08895238095238,-68.88700528584506,0.26,neutro
1991,3,76.05428571428571,128.59952380952382,-52.545238095238105,-40.85958994145724,0.22,neutro
1991,4,149.35142857142858,123.01209523809524,26.339333333333343,21.41198658745908,0.26,neutro
1991,5,125.23142857142858,149.96038095238094,-24.728952380952364,-16.490323793459087,0.45,neutro
1991,6,170.22,131.05228571428572,39.16771428571428,29.887089776599524,0.64,El Nino fraco
1991,7,83.72857142857143,105.8864761904762,-22.157904761904774,-20.926095153119974,0.73,El Nino fraco
1991,8,105.92285714285715,92.07361904761905,13.849238095238107,15.04148336786403,0.64,El Nino fraco
1991,9,114.45142857142858,147.04580952380954,-32.59438095238096,-22.166140645513128,0.62,El Nino fraco
1991,10,165.7342857142857,193.30371428571428,-27.569428571428574,-14.262234263475836,0.79,El Nino fraco
1991,11,101.59142857142857,153.6029523809524,-52.01152380952382,-33.86101829639932,1.21,El Nino moderado
1991,12,227.49428571428572,185.4586666666667,42.035619047619036,22.665761489147105,1.53,El Nino forte
1992,1,78.52571428571429,165.94780952380952,-87.42209523809524,-52.68047555972848,1.71,El Nino forte
1992,2,118.38571428571429,165.61752380952382,-47.23180952380953,-28.518606266647655,1.63,El Nino forte
1992,3,214.16,128.59952380952382,85.56047619047618,66.53249845404152,1.48,El Nino moderado
1992,4,177.88,123.01209523809524,54.867904761904754,44.60366653840466,1.29,El Nino moderado
1992,5,451.68857142857144,149.96038095238094,301.7281904761905,201.20527072547418,1.06,El Nino moderado
1992,6,138.1942857142857,131.05228571428572,7.141999999999996,5.449733258045313,0.73,El Nino fraco
1992,7,124.18285714285713,105.8864761904762,18.29638095238093,17.27924245912961,0.37,neutro
1992,8,149.20285714285714,92.07361904761905,57.129238095238094,62.04734720560049,0.09,neutro
1992,9,160.76857142857142,147.04580952380954,13.722761904761882,9.33230395969897,-0.13,neutro
1992,10,231.53714285714287,193.30371428571428,38.23342857142859,19.778941502860793,-0.25,neutro
1992,11,136.8457142857143,153.6029523809524,-16.75723809523808,-10.909450525194508,-0.28,neutro
1992,12,54.09142857142857,185.4586666666667,-131.36723809523812,-70.83370136125826,-0.13,neutro
1993,1,170.1942857142857,165.94780952380952,4.246476190476187,2.558922713509466,0.09,neutro
1993,2,136.96,165.61752380952382,-28.65752380952381,-17.303436949391138,0.3,neutro
1993,3,98.14,128.59952380952382,-30.459523809523816,-23.685565006165323,0.5,El Nino fraco
1993,4,133.1542857142857,123.01209523809524,10.14219047619045,8.24487255221513,0.67,El Nino fraco
1993,5,160.80285714285716,149.96038095238094,10.84247619047622,7.230227158411384,0.7,El Nino fraco
1993,6,130.18285714285713,131.05228571428572,-0.8694285714285854,-0.6634211427064114,0.57,El Nino fraco
1993,7,126.65714285714286,105.8864761904762,20.770666666666656,19.61597685931383,0.32,neutro
1993,8,25.75142857142857,92.07361904761905,-66.32219047619049,-72.03169720296285,0.25,neutro
1993,9,244.28571428571428,147.04580952380954,97.23990476190474,66.12898733857475,0.15,neutro
1993,10,163.88571428571427,193.30371428571428,-29.418000000000006,-15.21853840662289,0.1,neutro
1993,11,163.5314285714286,153.6029523809524,9.928476190476204,6.463727445715027,0.04,neutro
1993,12,149.42,185.4586666666667,-36.0386666666667,-19.432182552806033,0.06,neutro
1994,1,149.50285714285715,165.94780952380952,-16.444952380952373,-9.909713438304177,0.06,neutro
1994,2,230.36571428571426,165.61752380952382,64.74819047619044,39.09501179999354,0.07,neutro
1994,3,94.67428571428572,128.59952380952382,-33.9252380952381,-26.380531661599875,0.17,neutro
1994,4,158.25714285714287,123.01209523809524,35.245047619047625,28.651692787468836,0.31,neutro
1994,5,246.73142857142858,149.96038095238094,96.77104761904764,64.5310761445563,0.42,neutro
1994,6,219.69142857142856,131.05228571428572,88.63914285714284,67.63647224771792,0.41,neutro
1994,7,192.3,105.8864761904762,86.41352380952381,81.6095944623532,0.44,neutro
1994,8,24.7,92.07361904761905,-67.37361904761904,-73.17364055471138,0.43,neutro
1994,9,88.92,147.04580952380954,-58.12580952380954,-39.52904860875879,0.55,El Nino fraco
1994,10,227.44000000000003,193.30371428571428,34.13628571428575,17.659404963026375,0.74,El Nino fraco
1994,11,204.12,153.6029523809524,50.51704761904762,32.88807072780719,1.01,El Nino moderado
1994,12,194.8057142857143,185.4586666666667,9.3470476190476,5.0399626973742215,1.09,El Nino moderado
1995,1,294.2942857142857,165.94780952380952,128.34647619047618,77.34147052544346,0.96,El Nino fraco
1995,2,148.96285714285713,165.61752380952382,-16.654666666666685,-10.05610172376515,0.72,El Nino fraco
1995,3,187.78,128.59952380952382,59.180476190476185,46.01920321115015,0.53,El Nino fraco
1995,4,139.28571428571428,123.01209523809524,16.273619047619036,13.229283686389326,0.3,neutro
1995,5,27.385714285714286,149.96038095238094,-122.57466666666666,-81.73803366476479,0.14,neutro
1995,6,128.46,131.05228571428572,-2.5922857142857083,-1.9780545605570685,-0.03,neutro
1995,7,94.78857142857143,105.8864761904762,-11.097904761904772,-10.480946350449006,-0.24,neutro
1995,8,24.982857142857142,92.07361904761905,-67.0907619047619,-72.86643296823556,-0.54,La Nina fraca
1995,9,282.5857142857143,147.04580952380954,135.53990476190475,92.1752923125349,-0.81,La Nina fraca
1995,10,304.8257142857143,193.30371428571428,111.52200000000002,57.69263172830913,-0.97,La Nina fraca
1995,11,81.55142857142857,153.6029523809524,-72.05152380952381,-46.90764252423224,-1.0,La Nina moderada
1995,12,149.78857142857143,185.4586666666667,-35.67009523809526,-19.233447473342803,-0.98,La Nina fraca
1996,1,243.55142857142854,165.94780952380952,77.60361904761902,46.763870683381796,-0.9,La Nina fraca
1996,2,214.27142857142857,165.61752380952382,48.653904761904755,29.377268566013257,-0.75,La Nina fraca
1996,3,171.87428571428572,128.59952380952382,43.2747619047619,33.650794826315725,-0.59,La Nina fraca
1996,4,92.21714285714286,123.01209523809524,-30.79495238095238,-25.03408491770457,-0.39,neutro
1996,5,93.88571428571429,149.96038095238094,-56.07466666666666,-37.39298760815555,-0.31,neutro
1996,6,95.56,131.05228571428572,-35.492285714285714,-27.082538485184756,-0.3,neutro
1996,7,24.414285714285715,105.8864761904762,-81.47219047619049,-76.94296137462584,-0.27,neutro
1996,8,113.44285714285714,92.07361904761905,21.36923809523809,23.208860818413417,-0.32,neutro
1996,9,144.6457142857143,147.04580952380954,-2.400095238095247,-1.6322092046469543,-0.35,neutro
1996,10,395.46000000000004,193.30371428571428,202.15628571428576,104.5796178626381,-0.4,neutro
1996,11,169.38571428571427,153.6029523809524,15.782761904761884,10.27503811620683,-0.45,neutro
1996,12,358.66285714285715,185.4586666666667,173.20419047619046,93.39234104788332,-0.49,neutro
1997,1,193.40285714285716,165.94780952380952,27.455047619047633,16.54438687550648,-0.5,La Nina fraca
1997,2,226.6457142857143,165.61752380952382,61.028190476190474,36.84887267507924,-0.36,neutro
1997,3,64.43142857142857,128.59952380952382,-64.16809523809525,-49.89761496561863,-0.1,neutro
1997,4,74.53714285714287,123.01209523809524,-48.474952380952374,-39.40665532696358,0.28,neutro
1997,5,127.09428571428572,149.96038095238094,-22.866095238095227,-15.248090924333024,0.75,El Nino fraco
1997,6,257.22857142857146,131.05228571428572,126.17628571428574,96.2793476104412,1.22,El Nino moderado
1997,7,97.03714285714287,105.8864761904762,-8.849333333333334,-8.35737825236012,1.6,El Nino forte
1997,8,164.05142857142857,92.07361904761905,71.97780952380953,78.17419394211466,1.9,El Nino forte
1997,9,194.18285714285713,147.04580952380954,47.13704761904759,32.05602918688764,2.14,El Nino muito forte
1997,10,307.64285714285717,193.30371428571428,114.33914285714289,59.14999785681454,2.33,El Nino muito forte
1997,11,266.62857142857143,153.6029523809524,113.02561904761905,73.58297304553297,2.4,El Nino muito forte
1997,12,222.01999999999998,185.4586666666667,36.561333333333295,19.714006355414302,2.39,El Nino muito forte
1998,1,203.35142857142858,165.94780952380952,37.40361904761906,22.539387024721492,2.24,El Nino muito forte
1998,2,303.28857142857146,165.61752380952382,137.67104761904764,83.12589420029167,1.93,El Nino forte
1998,3,296.1771428571429,128.59952380952382,167.57761904761907,130.30967307143996,1.44,El Nino moderado
1998,4,276.78857142857146,123.01209523809524,153.77647619047622,125.00923254159291,0.99,El Nino fraco
1998,5,86.59142857142857,149.96038095238094,-63.36895238095238,-42.25712950214152,0.45,neutro
1998,6,96.22571428571429,131.05228571428572,-34.82657142857143,-26.57456238840332,-0.13,neutro
1998,7,92.96,105.8864761904762,-12.926476190476208,-12.207863228183298,-0.78,La Nina fraca
1998,8,323.90285714285716,92.07361904761905,231.8292380952381,251.78682069110332,-1.12,La Nina moderada
1998,9,275.4971428571428,147.04580952380954,128.45133333333328,87.3546371360787,-1.31,La Nina moderada
1998,10,233.11428571428573,193.30371428571428,39.81057142857145,20.594830045391202,-1.35,La Nina moderada
1998,11,96.56285714285714,153.6029523809524,-57.04009523809525,-37.13476489477199,-1.48,La Nina moderada
1998,12,224.52857142857144,185.4586666666667,39.06990476190475,21.06663736137329,-1.57,La Nina forte
1999,1,173.56857142857143,165.94780952380952,7.620761904761906,4.5922642345384554,-1.55,La Nina forte
1999,2,150.8685714285714,165.61752380952382,-14.748952380952403,-8.905429837192305,-1.3,La Nina moderada
1999,3,134.45714285714286,128.59952380952382,5.857619047619039,4.554930589241604,-1.07,La Nina moderada
1999,4,168.93428571428572,123.01209523809524,45.92219047619048,37.33144321077215,-0.98,La Nina fraca
1999,5,115.74857142857142,149.96038095238094,-34.21180952380952,-22.813898782154524,-1.02,La Nina moderada
1999,6,195.44857142857143,131.05228571428572,64.39628571428571,49.13785773617073,-1.04,La Nina moderada
1999,7,98.78285714285714,105.8864761904762,-7.103619047619063,-6.7087122956481835,-1.1,La Nina moderada
1999,8,12.417142857142858,92.07361904761905,-79.65647619047618,-86.51389726440436,-1.11,La Nina moderada
1999,9,104.60857142857144,147.04580952380954,-42.4372380952381,-28.859875866348094,-1.16,La Nina moderada
1999,10,72.82857142857142,193.30371428571428,-120.47514285714286,-62.32427726612304,-1.26,La Nina moderada
1999,11,77.8,153.6029523809524,-75.80295238095239,-49.349931889950035,-1.46,La Nina moderada
1999,12,136.47714285714287,185.4586666666667,-48.98152380952382,-26.411019064188867,-1.65,La Nina forte
2000,1,121.48857142857143,165.94780952380952,-44.45923809523809,-26.79109668444238,-1.66,La Nina forte
2000,2,162.9857142857143,165.61752380952382,-2.6318095238095225,-1.5890888012770668,-1.41,La Nina moderada
2000,3,113.48285714285714,128.59952380952382,-15.116666666666674,-11.754838757456708,-1.07,La Nina moderada
2000,4,51.6,123.01209523809524,-71.41209523809525,-58.05290536664223,-0.81,La Nina fraca
2000,5,70.2,149.96038095238094,-79.76038095238094,-53.18763559136889,-0.71,La Nina fraca
2000,6,187.1,131.05228571428572,56.04771428571428,42.76744505464558,-0.64,La Nina fraca
2000,7,118.80857142857144,105.8864761904762,12.922095238095238,12.203725823163712,-0.55,La Nina fraca
2000,8,172.28285714285715,92.07361904761905,80.2092380952381,87.1142450192548,-0.51,La Nina fraca
2000,9,312.40285714285716,147.04580952380954,165.35704761904762,112.45274391329944,-0.55,La Nina fraca
2000,10,161.32857142857142,193.30371428571428,-31.975142857142856,-16.54140117032708,-0.63,La Nina fraca
2000,11,185.19714285714284,153.6029523809524,31.594190476190448,20.56873906813545,-0.75,La Nina fraca
2000,12,218.99428571428572,185.4586666666667,33.535619047619036,18.0825300054023,-0.74,La Nina fraca
2001,1,168.79714285714286,165.94780952380952,2.849333333333334,1.717005690831082,-0.68,La Nina fraca
2001,2,262.12571428571425,165.61752380952382,96.50819047619044,58.27172647936953,-0.52,La Nina fraca
2001,3,125.57428571428572,128.59952380952382,-3.0252380952380946,-2.352448909312409,-0.44,neutro
2001,4,133.17142857142858,123.01209523809524,10.159333333333336,8.258808464053478,-0.34,neutro
2001,5,99.92857142857143,149.96038095238094,-50.031809523809514,-33.36335184404261,-0.25,neutro
2001,6,128.7485714285714,131.05228571428572,-2.3037142857143067,-1.757858913454406,-0.12,neutro
2001,7,124.84285714285714,105.8864761904762,18.95638095238094,17.90255151968684,-0.08,neutro
2001,8,60.234285714285726,92.07361904761905,-31.83933333333332,-34.58029961531816,-0.13,neutro
2001,9,197.33714285714285,147.04580952380954,50.29133333333331,34.201133304101525,-0.19,neutro
2001,10,82.00571428571428,193.30371428571428,-111.298,-57.576751906326535,-0.29,neutro
2001,11,182.7485714285714,153.6029523809524,29.14561904761902,18.974647684723305,-0.35,neutro
2001,12,137.2942857142857,185.4586666666667,-48.16438095238098,-25.970412608944837,-0.31,neutro
2002,1,212.13714285714286,165.94780952380952,46.18933333333334,27.833650510889253,-0.15,neutro
2002,2,105.2,165.61752380952382,-60.417523809523814,-36.480151628767146,0.03,neutro
2002,3,60.92857142857143,128.59952380952382,-67.67095238095239,-52.62146419856402,0.09,neutro
2002,4,38.19714285714285,123.01209523809524,-84.81495238095239,-68.94846577223922,0.2,neutro
2002,5,314.63142857142856,149.96038095238094,164.6710476190476,109.80970211814676,0.43,neutro
2002,6,48.64,131.05228571428572,-82.41228571428572,-62.88504261112795,0.65,El Nino fraco
2002,7,114.86,105.8864761904762,8.973523809523797,8.474664690306227,0.79,El Nino fraco
2002,8,92.40571428571428,92.07361904761905,0.3320952380952349,0.3606844626401406,0.86,El Nino fraco
2002,9,122.85142857142857,147.04580952380954,-24.194380952380968,-16.453635115976176,1.01,El Nino moderado
2002,10,129.6942857142857,193.30371428571428,-63.609428571428566,-32.90646990745873,1.21,El Nino moderado
2002,11,187.71714285714287,153.6029523809524,34.11419047619049,22.209332533910874,1.31,El Nino moderado
2002,12,213.71428571428572,185.4586666666667,28.255619047619035,15.23553444844082,1.14,El Nino moderado
2003,1,159.67428571428573,165.94780952380952,-6.273523809523795,-3.7804197762692944,0.92,El Nino fraco
2003,2,212.3,165.61752380952382,46.682476190476194,28.1869183385241,0.63,El Nino fraco
2003,3,133.79714285714286,128.59952380952382,5.1976190476190425,4.041709404241291,0.38,neutro
2003,4,118.92571428571428,123.01209523809524,-4.0863809523809635,-3.3219342735944757,-0.04,neutro
2003,5,40.74857142857143,149.96038095238094,-109.2118095238095,-72.82710862043561,-0.26,neutro
2003,6,71.39714285714285,131.05228571428572,-59.65514285714286,-45.52010865892131,-0.16,neutro
2003,7,77.47714285714287,105.8864761904762,-28.409333333333336,-26.829992228874048,0.08,neutro
2003,8,25.46,92.07361904761905,-66.61361904761904,-72.34821411024097,0.21,neutro
2003,9,110.50571428571428,147.04580952380954,-36.54009523809526,-24.849463821122168,0.26,neutro
2003,10,145.01142857142855,193.30371428571428,-48.292285714285725,-24.982595855818314,0.29,neutro
2003,11,145.17142857142858,153.6029523809524,-8.43152380952381,-5.489167804934305,0.35,neutro
2003,12,269.93428571428575,185.4586666666667,84.47561904761906,45.549566685632946,0.35,neutro
2004,1,62.17428571428571,165.94780952380952,-103.77352380952382,-62.5338316349604,0.37,neutro
2004,2,80.63142857142857,165.61752380952382,-84.98609523809525,-51.31467569569357,0.31,neutro
2004,3,116.28,128.59952380952382,-12.319523809523815,-9.579758497217279,0.23,neutro
2004,4,134.5142857142857,123.01209523809524,11.502190476190464,9.350454891388912,0.17,neutro
2004,5,294.27142857142854,149.96038095238094,144.3110476190476,96.23278275404805,0.17,neutro
2004,6,108.51428571428572,131.05228571428572,-22.537999999999997,-17.19771606970391,0.28,neutro
2004,7,135.34857142857143,105.8864761904762,29.46209523809523,27.8242286437946,0.47,neutro
2004,8,26.702857142857145,92.07361904761905,-65.3707619047619,-70.99836259390777,0.64,El Nino fraco
2004,9,84.94857142857143,147.04580952380954,-62.09723809523811,-42.22985904619293,0.7,El Nino fraco
2004,10,272.2085714285714,193.30371428571428,78.90485714285714,40.81911071104982,0.67,El Nino fraco
2004,11,194.71142857142857,153.6029523809524,41.10847619047618,26.76281643892013,0.66,El Nino fraco
2004,12,114.94,185.4586666666667,-70.51866666666669,-38.02392626569083,0.69,El Nino fraco
2005,1,189.0857142857143,165.94780952380952,23.137904761904764,13.942880492547285,0.64,El Nino fraco
2005,2,39.731428571428566,165.61752380952382,-125.88609523809525,-76.01013005295047,0.58,El Nino fraco
2005,3,52.26571428571428,128.59952380952382,-76.33380952380953,-59.3577699687846,0.45,neutro
2005,4,139.07142857142858,123.01209523809524,16.059333333333342,13.055084788410284,0.43,neutro
2005,5,87.95142857142858,149.96038095238094,-62.008952380952366,-41.35022329707402,0.29,neutro
2005,6,72.55714285714286,131.05228571428572,-58.49514285714285,-44.63496576066695,0.11,neutro
2005,7,83.26857142857143,105.8864761904762,-22.617904761904768,-21.360522680175,-0.06,neutro
2005,8,87.72,92.07361904761905,-4.353619047619048,-4.728410909282738,-0.14,neutro
2005,9,203.9,147.04580952380954,56.85419047619047,38.66427112768874,-0.11,neutro
2005,10,307.7457142857143,193.30371428571428,114.44200000000004,59.20320797915348,-0.29,neutro
2005,11,93.19428571428573,153.6029523809524,-60.40866666666666,-39.327803099022766,-0.57,La Nina fraca
2005,12,76.46,185.4586666666667,-108.9986666666667,-58.77248479445555,-0.84,La Nina fraca
2006,1,133.6457142857143,165.94780952380952,-32.302095238095234,-19.465213388948445,-0.85,La Nina fraca
2006,2,144.8342857142857,165.61752380952382,-20.78323809523812,-12.548936620463458,-0.77,La Nina fraca
2006,3,140.74571428571429,128.59952380952382,12.146190476190469,9.444973135500014,-0.57,La Nina fraca
2006,4,87.00285714285714,123.01209523809524,-36.0092380952381,-29.27292476852838,-0.37,neutro
2006,5,14.174285714285714,149.96038095238094,-135.78609523809524,-90.54797965684905,-0.14,neutro
2006,6,55.3,131.05228571428572,-75.75228571428572,-57.80310148839177,-0.03,neutro
2006,7,79.40285714285714,105.8864761904762,-26.483619047619058,-25.011332892010138,0.1,neutro
2006,8,86.41714285714285,92.07361904761905,-5.656476190476198,-6.143427671232035,0.3,neutro
2006,9,151.0,147.04580952380954,3.954190476190462,2.6890874952476644,0.54,El Nino fraco
2006,10,85.17714285714285,193.30371428571428,-108.12657142857142,-55.936106467542565,0.77,El Nino fraco
2006,11,205.73142857142855,153.6029523809524,52.128476190476164,33.937157705922054,0.94,El Nino fraco
2006,12,158.17714285714285,185.4586666666667,-27.281523809523833,-14.71029868804037,0.94,El Nino fraco
2007,1,192.1342857142857,165.94780952380952,26.186476190476185,15.779946879454927,0.66,El Nino fraco
2007,2,185.92857142857142,165.61752380952382,20.3110476190476,12.26382761428511,0.22,neutro
2007,3,111.49142857142857,128.59952380952382,-17.108095238095245,-13.303389259384065,-0.12,neutro
2007,4,147.78857142857143,123.01209523809524,24.77647619047619,20.141495958198455,-0.32,neutro
2007,5,119.53428571428572,149.96038095238094,-30.42609523809523,-20.28942247603176,-0.38,neutro
2007,6,13.902857142857144,131.05228571428572,-117.14942857142857,-89.39136615047866,-0.47,neutro
2007,7,107.14571428571428,105.8864761904762,1.259238095238075,1.1892341123647057,-0.56,La Nina fraca
2007,8,30.02857142857143,92.07361904761905,-62.04504761904762,-67.38634612261616,-0.81,La Nina fraca
2007,9,29.779999999999998,147.04580952380954,-117.26580952380954,-79.74780777742731,-1.07,La Nina moderada
2007,10,137.4685714285714,193.30371428571428,-55.83514285714287,-28.88467149400722,-1.34,La Nina moderada
2007,11,162.8542857142857,153.6029523809524,9.25133333333332,6.022887704911417,-1.5,La Nina forte
2007,12,134.6742857142857,185.4586666666667,-50.784380952380985,-27.38312631334618,-1.6,La Nina forte
2008,1,139.72,165.94780952380952,-26.227809523809526,-15.80485430875571,-1.64,La Nina forte
2008,2,174.72857142857143,165.61752380952382,9.11104761904761,5.5012582059409345,-1.52,La Nina forte
2008,3,64.41142857142857,128.59952380952382,-64.18809523809524,-49.91316712273985,-1.29,La Nina moderada
2008,4,155.73142857142855,123.01209523809524,32.71933333333331,26.59846844328895,-1.01,La Nina moderada
2008,5,105.55142857142857,149.96038095238094,-44.40895238095237,-29.61379005502405,-0.84,La Nina fraca
2008,6,133.86,131.05228571428572,2.8077142857142974,2.1424382416614614,-0.61,La Nina fraca
2008,7,79.19428571428573,105.8864761904762,-26.692190476190476,-25.208309348376694,-0.37,neutro
2008,8,200.02857142857144,92.07361904761905,107.95495238095239,117.24851645629327,-0.23,neutro
2008,9,77.75714285714285,147.04580952380954,-69.28866666666669,-47.120463269949575,-0.24,neutro
2008,10,233.55142857142857,193.30371428571428,40.247714285714295,20.82097306533169,-0.35,neutro
2008,11,221.33142857142857,153.6029523809524,67.72847619047619,44.09321249405548,-0.55,La Nina fraca
2008,12,57.088571428571434,185.4586666666667,-128.37009523809525,-69.21763083135967,-0.73,La Nina fraca
2009,1,157.34,165.94780952380952,-8.607809523809522,-5.18705823747225,-0.85,La Nina fraca
2009,2,141.73714285714286,165.61752380952382,-23.88038095238096,-14.41899407930148,-0.79,La Nina fraca
2009,3,58.13428571428572,128.59952380952382,-70.4652380952381,-54.794322722071854,-0.61,La Nina fraca
2009,4,16.017142857142858,123.01209523809524,-106.99495238095238,-86.9792130390585,-0.33,neutro
2009,5,176.2057142857143,149.96038095238094,26.24533333333335,17.50151151034179,0.01,neutro
2009,6,94.74571428571429,131.05228571428572,-36.30657142857143,-27.703882637900254,0.28,neutro
2009,7,143.6342857142857,105.8864761904762,37.74780952380951,35.649320746028074,0.45,neutro
2009,8,80.91142857142857,92.07361904761905,-11.162190476190474,-12.12311473324141,0.58,El Nino fraco
2009,9,216.31714285714287,147.04580952380954,69.27133333333333,47.108675560126706,0.71,El Nino fraco
2009,10,366.4742857142857,193.30371428571428,173.17057142857144,89.58470977573411,1.01,El Nino moderado
2009,11,201.88857142857145,153.6029523809524,48.285619047619065,31.435345674779327,1.36,El Nino moderado
2009,12,201.60571428571427,185.4586666666667,16.147047619047584,8.706547884370057,1.56,El Nino forte
2010,1,204.33714285714285,165.94780952380952,38.389333333333326,23.13337756219396,1.5,El Nino forte
2010,2,162.9685714285714,165.61752380952382,-2.6489523809524087,-1.599439672820468,1.22,El Nino moderado
2010,3,129.8542857142857,128.59952380952382,1.2547619047618923,0.9757127146290158,0.84,El Nino fraco
2010,4,184.35714285714286,123.01209523809524,61.34504761904762,49.869118561318395,0.35,neutro
2010,5,175.03428571428572,149.96038095238094,25.07390476190477,16.72035280429625,-0.17,neutro
2010,6,43.27142857142857,131.05228571428572,-87.78085714285714,-66.98155370920658,-0.66,La Nina fraca
2010,7,131.07714285714286,105.8864761904762,25.190666666666658,23.79025874971217,-1.05,La Nina moderada
2010,8,22.557142857142857,92.07361904761905,-69.5164761904762,-75.50097075528589,-1.35,La Nina moderada
2010,9,151.34857142857143,147.04580952380954,4.302761904761894,2.926137044432534,-1.56,La Nina forte
2010,10,212.76285714285714,193.30371428571428,19.459142857142865,10.06661611705045,-1.64,La Nina forte
2010,11,99.72857142857143,153.6029523809524,-53.87438095238096,-35.07379260443283,-1.64,La Nina forte
2010,12,260.7371428571428,185.4586666666667,75.27847619047614,40.59043319112047,-1.54,La Nina forte
2011,1,137.99142857142857,165.94780952380952,-27.956380952380954,-16.846489888961074,-1.31,La Nina moderada
2011,2,286.63428571428574,165.61752380952382,121.01676190476192,73.07002249589415,-1.04,La Nina moderada
2011,3,124.00571428571428,128.59952380952382,-4.59380952380954,-3.572182374962521,-0.8,La Nina fraca
2011,4,97.78,123.01209523809524,-25.23209523809524,-20.51188152616816,-0.62,La Nina fraca
2011,5,14.214285714285714,149.96038095238094,-135.74609523809522,-90.52130594493529,-0.46,neutro
2011,6,117.45142857142858,131.05228571428572,-13.600857142857137,-10.378191474286158,-0.37,neutro
2011,7,160.27714285714285,105.8864761904762,54.39066666666665,51.36696264103152,-0.43,neutro
2011,8,188.47714285714287,92.07361904761905,96.40352380952382,104.70265512172972,-0.58,La Nina fraca
2011,9,120.13714285714286,147.04580952380954,-26.908666666666676,-18.299512753071447,-0.79,La Nina fraca
2011,10,213.4685714285714,193.30371428571428,20.16485714285713,10.431696678653719,-0.96,La Nina fraca
2011,11,159.70285714285714,153.6029523809524,6.099904761904753,3.9712158310449084,-1.02,La Nina moderada
2011,12,80.02285714285715,185.4586666666667,-105.43580952380954,-56.851379026311086,-0.92,La Nina fraca
2012,1,144.6457142857143,165.94780952380952,-21.302095238095234,-12.836623333096117,-0.72,La Nina fraca
2012,2,109.18571428571428,165.61752380952382,-56.431809523809534,-34.07357399493038,-0.57,La Nina fraca
2012,3,59.69142857142858,128.59952380952382,-68.90809523809523,-53.58347620334815,-0.46,neutro
2012,4,224.93714285714287,123.01209523809524,101.92504761904763,82.85774453460637,-0.36,neutro
2012,5,120.57142857142857,149.96038095238094,-29.388952380952375,-19.597811231410958,-0.17,neutro
2012,6,200.51714285714286,131.05228571428572,69.46485714285714,53.00545256745944,0.06,neutro
2012,7,87.48571428571428,105.8864761904762,-18.40076190476192,-17.377820630900313,0.3,neutro
2012,8,7.388571428571429,92.07361904761905,-84.68504761904762,-91.97536546841917,0.41,neutro
2012,9,46.791428571428575,147.04580952380954,-100.25438095238096,-68.17901256556914,0.41,neutro
2012,10,136.6314285714286,193.30371428571428,-56.67228571428569,-29.317742767488014,0.31,neutro
2012,11,82.34,153.6029523809524,-71.26295238095238,-46.39425953494197,0.13,neutro
2012,12,177.48285714285714,185.4586666666667,-7.975809523809545,-4.300586037397125,-0.1,neutro
2013,1,111.88285714285715,165.94780952380952,-54.06495238095238,-32.57949142931914,-0.29,neutro
2013,2,251.22857142857143,165.61752380952382,85.61104761904761,51.69202246829182,-0.29,neutro
2013,3,231.79142857142855,128.59952380952382,103.19190476190474,80.24283582476419,-0.21,neutro
2013,4,150.04285714285714,123.01209523809524,27.030761904761903,21.974068364938173,-0.19,neutro
2013,5,166.61142857142855,149.96038095238094,16.651047619047603,11.103631181315182,-0.27,neutro
2013,6,376.03999999999996,131.05228571428572,244.98771428571425,186.93890987893596,-0.34,neutro
2013,7,68.80285714285714,105.8864761904762,-37.08361904761907,-35.02205416762608,-0.35,neutro
2013,8,41.48285714285714,92.07361904761905,-50.590761904761905,-54.945990423812,-0.28,neutro
2013,9,147.62,147.04580952380954,0.5741904761904664,0.3904840797911306,-0.21,neutro
2013,10,116.96,193.30371428571428,-76.34371428571428,-39.49417866481023,-0.13,neutro
2013,11,125.20285714285716,153.6029523809524,-28.400095238095233,-18.489289950403975,-0.1,neutro
2013,12,129.56857142857143,185.4586666666667,-55.890095238095256,-30.13614636761574,-0.15,neutro
2014,1,216.93714285714287,165.94780952380952,50.98933333333335,30.726126171624824,-0.28,neutro
2014,2,97.49428571428572,165.61752380952382,-68.1232380952381,-41.13286838751823,-0.32,neutro
2014,3,204.2057142857143,128.59952380952382,75.60619047619048,58.79196768113634,-0.14,neutro
2014,4,159.92571428571426,123.01209523809524,36.91361904761902,30.008121539732425,0.15,neutro
2014,5,144.23999999999998,149.96038095238094,-5.720380952380964,-3.8145948390178055,0.31,neutro
2014,6,284.4371428571428,131.05228571428572,153.3848571428571,117.04096293082584,0.23,neutro
2014,7,129.90857142857143,105.8864761904762,24.022095238095233,22.68665093253511,0.1,neutro
2014,8,57.111428571428576,92.07361904761905,-34.96219047619047,-37.97199549428873,0.11,neutro
2014,9,259.07428571428574,147.04580952380954,112.0284761904762,76.18610591710649,0.28,neutro
2014,10,53.722857142857144,193.30371428571428,-139.58085714285713,-72.20805749058107,0.54,El Nino fraco
2014,11,148.9857142857143,153.6029523809524,-4.617238095238093,-3.005956606736848,0.71,El Nino fraco
2014,12,143.40857142857143,185.4586666666667,-42.05009523809525,-22.673567104671257,0.77,El Nino fraco
2015,1,143.70285714285714,165.94780952380952,-22.244952380952384,-13.40478819502632,0.69,El Nino fraco
2015,2,141.6942857142857,165.61752380952382,-23.923238095238105,-14.44487125815994,0.61,El Nino fraco
2015,3,124.65142857142858,128.59952380952382,-3.9480952380952345,-3.070069873620206,0.65,El Nino fraco
2015,4,85.68857142857142,123.01209523809524,-37.32352380952382,-30.34134467613329,0.81,El Nino fraco
2015,5,129.88,149.96038095238094,-20.08038095238095,-13.390457416054016,1.02,El Nino moderado
2015,6,95.36285714285714,131.05228571428572,-35.68942857142858,-27.232969174789567,1.25,El Nino moderado
2015,7,404.68285714285713,105.8864761904762,298.7963809523809,282.18559319594743,1.57,El Nino forte
2015,8,39.605714285714285,92.07361904761905,-52.46790476190476,-56.98473167951526,1.91,El Nino forte
2015,9,216.36285714285714,147.04580952380954,69.3170476190476,47.13976402559356,2.21,El Nino muito forte
2015,10,151.42285714285714,193.30371428571428,-41.88085714285714,-21.665831563357735,2.47,El Nino muito forte
2015,11,353.36571428571426,153.6029523809524,199.76276190476187,130.05138170087253,2.64,El Nino muito forte
2015,12,326.8942857142857,185.4586666666667,141.43561904761899,76.2626096637628,2.75,El Nino muito forte
2016,1,166.5142857142857,165.94780952380952,0.5664761904761804,0.3413580402788653,2.63,El Nino muito forte
2016,2,264.6914285714286,165.61752380952382,99.0739047619048,59.82090692036271,2.28,El Nino muito forte
2016,3,137.5857142857143,128.59952380952382,8.986190476190473,6.987732310346995,1.71,El Nino forte
2016,4,57.214285714285715,123.01209523809524,-65.79780952380952,-53.488894239590834,1.05,El Nino moderado
2016,5,279.1914285714286,149.96038095238094,129.23104761904767,86.17679336256438,0.49,neutro
2016,6,56.362857142857145,131.05228571428572,-74.68942857142858,-56.99208385747892,0.0,neutro
2016,7,89.82857142857142,105.8864761904762,-16.05790476190478,-15.16520838130326,-0.31,neutro
2016,8,213.43142857142857,92.07361904761905,121.35780952380952,131.80519108415317,-0.5,La Nina fraca
2016,9,50.2,147.04580952380954,-96.84580952380954,-65.86097885919581,-0.58,La Nina fraca
2016,10,143.93142857142857,193.30371428571428,-49.37228571428571,-25.54130214037717,-0.64,La Nina fraca
2016,11,92.27714285714285,153.6029523809524,-61.32580952380954,-39.92488983656689,-0.6,La Nina fraca
2016,12,236.72000000000003,185.4586666666667,51.26133333333334,27.640300803772988,-0.45,neutro
2017,1,143.18,165.94780952380952,-22.767809523809518,-13.719861436642155,-0.19,neutro
2017,2,130.32571428571427,165.61752380952382,-35.29180952380955,-21.30922423668074,-0.02,neutro
2017,3,120.40285714285716,128.59952380952382,-8.196666666666658,-6.3737923935140035,0.18,neutro
2017,4,122.41428571428571,123.01209523809524,-0.5978095238095307,-0.4859762144953668,0.31,neutro
2017,5,214.29714285714286,149.96038095238094,64.33676190476191,42.9025063127785,0.4,neutro
2017,6,140.7514285714286,131.05228571428572,9.699142857142874,7.400971913064155,0.39,neutro
2017,7,8.594285714285714,105.8864761904762,-97.29219047619048,-91.88349067464885,0.19,neutro
2017,8,103.68571428571428,92.07361904761905,11.612095238095236,12.611750638464247,-0.07,neutro
2017,9,27.47142857142857,147.04580952380954,-119.57438095238096,-81.31777528350413,-0.34,neutro
2017,10,329.1057142857143,193.30371428571428,135.80200000000005,70.2531767182066,-0.6,La Nina fraca
2017,11,154.95714285714286,153.6029523809524,1.3541904761904675,0.8816174788306963,-0.77,La Nina fraca
2017,12,264.68857142857144,185.4586666666667,79.22990476190475,42.72105811280756,-0.86,La Nina fraca
2018,1,264.1171428571429,165.94780952380952,98.16933333333336,59.15675152027145,-0.77,La Nina fraca
2018,2,132.0542857142857,165.61752380952382,-33.56323809523812,-20.265511356056194,-0.71,La Nina fraca
2018,3,227.37714285714284,128.59952380952382,98.77761904761903,76.81025257443741,-0.57,La Nina fraca
2018,4,17.748571428571427,123.01209523809524,-105.26352380952382,-85.57168594338768,-0.39,neutro
2018,5,69.1257142857143,149.96038095238094,-80.83466666666665,-53.90401528276674,-0.13,neutro
2018,6,108.14285714285714,131.05228571428572,-22.909428571428577,-17.481136209539056,0.06,neutro
2018,7,20.034285714285716,105.8864761904762,-85.85219047619049,-81.07946695832374,0.14,neutro
2018,8,83.85714285714286,92.07361904761905,-8.216476190476186,-8.923811484185011,0.27,neutro
2018,9,200.39714285714285,147.04580952380954,53.351333333333315,36.282117461289985,0.53,El Nino fraco
2018,10,288.57142857142856,193.30371428571428,95.26771428571428,49.2839543398028,0.81,El Nino fraco
2018,11,132.56857142857143,153.6029523809524,-21.034380952380957,-13.693995217105824,0.97,El Nino fraco
2018,12,104.34571428571428,185.4586666666667,-81.11295238095241,-43.73640436374991,0.92,El Nino fraco
2019,1,111.40285714285714,165.94780952380952,-54.54495238095238,-32.8687389953927,0.89,El Nino fraco
2019,2,166.94857142857143,165.61752380952382,1.3310476190476095,0.8036876705018504,0.86,El Nino fraco
2019,3,148.46571428571428,128.59952380952382,19.866190476190468,15.448105784291574,0.84,El Nino fraco
2019,4,140.89428571428573,123.01209523809524,17.882190476190488,14.536936747218826,0.77,El Nino fraco
2019,5,316.1742857142857,149.96038095238094,166.21390476190476,110.83854529196282,0.64,El Nino fraco
2019,6,27.874285714285715,131.05228571428572,-103.178,-78.73040858283389,0.52,El Nino fraco
2019,7,37.24285714285714,105.8864761904762,-68.64361904761907,-64.82756015427125,0.33,neutro
2019,8,21.74857142857143,92.07361904761905,-70.32504761904761,-76.37915001763598,0.19,neutro
2019,9,56.43714285714285,147.04580952380954,-90.60866666666669,-61.61934635206004,0.23,neutro
2019,10,70.28857142857143,193.30371428571428,-123.01514285714285,-63.638271676104075,0.39,neutro
2019,11,106.11428571428571,153.6029523809524,-47.488666666666674,-30.91650644115844,0.58,El Nino fraco
2019,12,295.9428571428571,185.4586666666667,110.48419047619043,59.57348473488635,0.66,El Nino fraco
2020,1,156.66,165.94780952380952,-9.287809523809528,-5.5968256227431255,0.64,El Nino fraco
2020,2,133.82,165.61752380952382,-31.797523809523824,-19.19937158708764,0.63,El Nino fraco
2020,3,35.09428571428571,128.59952380952382,-93.5052380952381,-72.7104077257192,0.53,El Nino fraco
2020,4,56.934285714285714,123.01209523809524,-66.07780952380952,-53.716514132950145,0.3,neutro
2020,5,111.11428571428571,149.96038095238094,-38.84609523809523,-25.904238833876118,0.01,neutro
2020,6,135.38,131.05228571428572,4.327714285714279,3.302280660063699,-0.23,neutro
2020,7,39.82571428571429,105.8864761904762,-66.0607619047619,-62.388290064471555,-0.36,neutro
2020,8,176.29714285714286,92.07361904761905,84.22352380952381,91.47411026166432,-0.53,La Nina fraca
2020,9,18.78857142857143,147.04580952380954,-128.2572380952381,-87.22264069311733,-0.85,La Nina fraca
2020,10,59.111428571428576,193.30371428571428,-134.1922857142857,-69.42043830360217,-1.12,La Nina moderada
2020,11,74.28285714285714,153.6029523809524,-79.32009523809525,-51.639694425516375,-1.2,La Nina moderada
2020,12,243.77714285714288,185.4586666666667,58.31847619047619,31.44553837178968,-1.08,La Nina moderada
2021,1,410.18,165.94780952380952,244.23219047619048,147.17409719177343,-0.91,La Nina fraca
2021,2,55.07714285714286,165.61752380952382,-110.54038095238096,-66.74437487636459,-0.79,La Nina fraca
2021,3,123.20285714285716,128.59952380952382,-5.396666666666661,-4.1964903965429725,-0.71,La Nina fraca
2021,4,16.63142857142857,123.01209523809524,-106.38066666666667,-86.47984286485186,-0.55,La Nina fraca
2021,5,42.605714285714285,149.96038095238094,-107.35466666666666,-71.58868628158294,-0.39,neutro
2021,6,146.93142857142857,131.05228571428572,15.879142857142853,12.11664700893645,-0.3,neutro
2021,7,31.42,105.8864761904762,-74.4664761904762,-70.32671108680636,-0.35,neutro
2021,8,45.86,92.07361904761905,-46.21361904761905,-50.19203060077185,-0.45,neutro
2021,9,79.99714285714286,147.04580952380954,-67.04866666666668,-45.597128462073044,-0.63,La Nina fraca
2021,10,341.13428571428574,193.30371428571428,147.83057142857146,76.47580491395482,-0.76,La Nina fraca
2021,11,73.38857142857142,153.6029523809524,-80.21438095238096,-52.221900496704244,-0.91,La Nina fraca
2021,12,22.07428571428571,185.4586666666667,-163.38438095238098,-88.0974633803656,-0.87,La Nina fraca
2022,1,138.99142857142857,165.94780952380952,-26.956380952380954,-16.2438907929745,-0.82,La Nina fraca
2022,2,113.44,165.61752380952382,-52.17752380952382,-31.504832706913927,-0.79,La Nina fraca
2022,3,246.51714285714286,128.59952380952382,117.91761904761904,91.69366693944656,-0.86,La Nina fraca
2022,4,134.56285714285713,123.01209523809524,11.550761904761885,9.389939974930826,-0.95,La Nina fraca
2022,5,141.21142857142857,149.96038095238094,-8.748952380952375,-5.834175883916002,-0.9,La Nina fraca
2022,6,139.48285714285714,131.05228571428572,8.430571428571426,6.432983127781058,-0.78,La Nina fraca
2022,7,54.18857142857143,105.8864761904762,-51.69790476190477,-48.823897651393054,-0.76,La Nina fraca
2022,8,170.8342857142857,92.07361904761905,78.76066666666665,85.5409698036664,-0.87,La Nina fraca
2022,9,271.2628571428572,147.04580952380954,124.21704761904763,84.47506802221011,-0.97,La Nina fraca
2022,10,365.21714285714285,193.30371428571428,171.91342857142857,88.93436383603596,-0.94,La Nina fraca
2022,11,54.41142857142857,153.6029523809524,-99.19152380952382,-64.57657373897204,-0.85,La Nina fraca
2022,12,133.31714285714287,185.4586666666667,-52.14152380952382,-28.11490276873399,-0.71,La Nina fraca
2023,1,179.21142857142857,165.94780952380952,13.263619047619045,7.992644847605557,-0.54,La Nina fraca
2023,2,253.51714285714286,165.61752380952382,87.89961904761904,53.073863819333575,-0.29,neutro
2023,3,132.22857142857143,128.59952380952382,3.6290476190476113,2.8219759385911907,-0.02,neutro
2023,4,120.53714285714287,123.01209523809524,-2.4749523809523737,-2.0119585607919253,0.27,neutro
2023,5,62.388571428571424,149.96038095238094,-87.57180952380952,-58.39663047509691,0.57,El Nino fraco
2023,6,100.75999999999999,131.05228571428572,-30.292285714285725,-23.11465652749285,0.84,El Nino fraco
2023,7,144.0314285714286,105.8864761904762,38.14495238095239,36.02438550541101,1.12,El Nino moderado
2023,8,95.27142857142857,92.07361904761905,3.197809523809525,3.473100717541761,1.37,El Nino moderado
2023,9,137.32285714285715,147.04580952380954,-9.722952380952393,-6.61219276662084,1.6,El Nino forte
2023,10,384.75714285714287,193.30371428571428,191.4534285714286,99.04280902148065,1.83,El Nino forte
2023,11,286.46000000000004,153.6029523809524,132.85704761904765,86.49381119286522,1.99,El Nino forte
2023,12,172.0314285714286,185.4586666666667,-13.427238095238096,-7.24001651503916,2.06,El Nino muito forte
2024,1,155.26000000000002,165.94780952380952,-10.687809523809506,-6.440464357124317,1.92,El Nino forte
2024,2,130.15142857142857,165.61752380952382,-35.46609523809525,-21.414458097371803,1.62,El Nino forte
2024,3,114.35428571428572,128.59952380952382,-14.245238095238093,-11.077209054317759,1.26,El Nino moderado
2024,4,137.2485714285714,123.01209523809524,14.236476190476168,11.573232829601716,0.82,El Nino fraco
2024,5,117.4,149.96038095238094,-32.56038095238094,-21.712655533143984,0.49,neutro
2024,6,46.925714285714285,131.05228571428572,-84.12657142857142,-64.1931355642132,0.22,neutro
2024,7,133.36285714285714,105.8864761904762,27.476380952380936,25.94890484688002,0.08,neutro
2024,8,32.879999999999995,92.07361904761905,-59.19361904761905,-64.28944540238506,-0.07,neutro
2024,9,111.52571428571429,147.04580952380954,-35.52009523809525,-24.15580243539267,-0.17,neutro
2024,10,135.57142857142858,193.30371428571428,-57.732285714285695,-29.866102639369867,-0.21,neutro
2024,11,119.28857142857144,153.6029523809524,-34.314380952380944,-22.339662370080926,-0.3,neutro
2024,12,329.1171428571429,185.4586666666667,143.6584761904762,77.46118246858752,-0.42,neutro
2025,1,120.53428571428572,165.94780952380952,-45.41352380952381,-27.36614839318386,-0.45,neutro
2025,2,118.72285714285715,165.61752380952382,-46.894666666666666,-28.31503912629443,-0.24,neutro
2025,3,101.20285714285714,128.59952380952382,-27.396666666666675,-21.303863229886808,-0.06,neutro
2025,4,188.9142857142857,123.01209523809524,65.90219047619047,53.57374845833975,0.02,neutro
2025,5,100.70571428571428,149.96038095238094,-49.254666666666665,-32.84511972686119,-0.02,neutro
2025,6,278.3857142857143,131.05228571428572,147.33342857142858,112.42339480643494,-0.04,neutro
2025,7,54.30285714285714,105.8864761904762,-51.58361904761906,-48.71596534653466,-0.14,neutro
2025,8,114.85428571428572,92.07361904761905,22.780666666666676,24.741795643858495,-0.28,neutro
2025,9,98.08857142857143,147.04580952380954,-48.95723809523811,-33.29386825356012,-0.4,neutro
2025,10,213.77714285714285,193.30371428571428,20.47342857142857,10.591327045670544,-0.51,La Nina fraca
2025,11,170.36,153.6029523809524,16.757047619047626,10.909326519641553,-0.55,La Nina fraca
2025,12,196.1257142857143,185.4586666666667,10.667047619047622,5.7517115866146025,-0.54,La Nina fraca
2026,1,106.66285714285713,165.94780952380952,-59.28495238095239,-35.72505871036907,-0.37,neutro
2026,2,106.55714285714286,165.61752380952382,-59.06038095238095,-35.66070763158258,-0.14,neutro
2026,3,95.19142857142856,128.59952380952382,-33.40809523809526,-25.978397313179727,0.13,neutro
2026,4,167.9542857142857,123.01209523809524,44.94219047619046,36.534773584014566,0.51,El Nino fraco
2026,5,184.71142857142857,149.96038095238094,34.751047619047625,23.173485822287034,0.98,El Nino fraco
2026,6,240.21714285714287,131.05228571428572,109.16485714285716,83.29870520599195,,
