cod_ibge,municipio,ano,populacao,area_km2,densidade,pib_per_capita
4102000,Assis Chateaubriand,2008,33077,983.0,33.65,15027.9
4102000,Assis Chateaubriand,2009,33023,983.0,33.59,12353.57
4102000,Assis Chateaubriand,2010,33013,983.0,33.58,16868.51
4102000,Assis Chateaubriand,2011,33003,983.0,33.57,18720.45
4102000,Assis Chateaubriand,2012,32981,983.0,33.55,19424.85
4102000,Assis Chateaubriand,2013,33988,983.0,34.58,26826.0
4102000,Assis Chateaubriand,2014,34008,983.0,34.6,27072.69
4102000,Assis Chateaubriand,2015,34027,983.0,34.62,29225.47
4102000,Assis Chateaubriand,2016,34046,983.0,34.63,33930.51
4102000,Assis Chateaubriand,2017,34064,983.0,34.65,33812.85
4102000,Assis Chateaubriand,2018,33397,983.0,33.97,36800.16
4102000,Assis Chateaubriand,2019,33362,983.0,33.94,35134.49
4102000,Assis Chateaubriand,2020,33340,983.0,33.92,41843.04
4102000,Assis Chateaubriand,2021,33306,983.0,33.88,49038.01
4102000,Assis Chateaubriand,2022,34906,983.0,35.51,46341.26
4102000,Assis Chateaubriand,2023,36505,983.0,37.14,55711.03
4102000,Assis Chateaubriand,2024,38105,983.0,38.76,53371.76
4102000,Assis Chateaubriand,2025,38357,983.0,39.02,53021.12
4102000,Assis Chateaubriand,2026,38357,983.0,39.02,53021.12
4103057,Boa Vista da Aparecida,2008,7972,266.8,29.88,6899.4
4103057,Boa Vista da Aparecida,2009,7919,266.8,29.68,6885.84
4103057,Boa Vista da Aparecida,2010,7896,266.8,29.6,7602.96
4103057,Boa Vista da Aparecida,2011,7872,266.8,29.51,9065.68
4103057,Boa Vista da Aparecida,2012,7834,266.8,29.36,10285.93
4103057,Boa Vista da Aparecida,2013,8028,266.8,30.09,12022.8
4103057,Boa Vista da Aparecida,2014,7998,266.8,29.98,13330.33
4103057,Boa Vista da Aparecida,2015,7968,266.8,29.87,14774.6
4103057,Boa Vista da Aparecida,2016,7939,266.8,29.76,16823.4
4103057,Boa Vista da Aparecida,2017,7911,266.8,29.65,17035.39
4103057,Boa Vista da Aparecida,2018,7643,266.8,28.65,18345.68
4103057,Boa Vista da Aparecida,2019,7591,266.8,28.45,18545.51
4103057,Boa Vista da Aparecida,2020,7540,266.8,28.26,23924.14
4103057,Boa Vista da Aparecida,2021,7524,266.8,28.2,24629.85
4103057,Boa Vista da Aparecida,2022,7694,266.8,28.84,24992.46
4103057,Boa Vista da Aparecida,2023,7864,266.8,29.48,28285.48
4103057,Boa Vista da Aparecida,2024,8034,266.8,30.11,27686.96
4103057,Boa Vista da Aparecida,2025,8023,266.8,30.07,27724.92
4103057,Boa Vista da Aparecida,2026,8023,266.8,30.07,27724.92
4103354,Braganey,2008,6213,344.2,18.05,13289.72
4103354,Braganey,2009,6209,344.2,18.04,11935.9
4103354,Braganey,2010,5954,344.2,17.3,13211.96
4103354,Braganey,2011,5700,344.2,16.56,18764.74
4103354,Braganey,2012,5667,344.2,16.46,21895.18
4103354,Braganey,2013,5799,344.2,16.85,27007.07
4103354,Braganey,2014,5770,344.2,16.76,27497.23
4103354,Braganey,2015,5742,344.2,16.68,28388.89
4103354,Braganey,2016,5714,344.2,16.6,31542.7
4103354,Braganey,2017,5687,344.2,16.52,28460.52
4103354,Braganey,2018,5473,344.2,15.9,31363.24
4103354,Braganey,2019,5427,344.2,15.77,32664.64
4103354,Braganey,2020,5382,344.2,15.64,45479.38
4103354,Braganey,2021,5338,344.2,15.51,45246.53
4103354,Braganey,2022,5159,344.2,14.99,49871.29
4103354,Braganey,2023,4981,344.2,14.47,52400.52
4103354,Braganey,2024,4802,344.2,13.95,54353.81
4103354,Braganey,2025,4745,344.2,13.79,55006.74
4103354,Braganey,2026,4745,344.2,13.79,55006.74
4103453,Cafelandia,2008,13776,275.5,50.0,27429.15
4103453,Cafelandia,2009,14034,275.5,50.94,28252.6
4103453,Cafelandia,2010,14484,275.5,52.57,33374.69
4103453,Cafelandia,2011,14933,275.5,54.2,46966.65
4103453,Cafelandia,2012,15194,275.5,55.15,56371.2
4103453,Cafelandia,2013,16020,275.5,58.15,68932.83
4103453,Cafelandia,2014,16321,275.5,59.24,76703.57
4103453,Cafelandia,2015,16611,275.5,60.29,82207.57
4103453,Cafelandia,2016,16896,275.5,61.33,89218.34
4103453,Cafelandia,2017,17175,275.5,62.34,78341.14
4103453,Cafelandia,2018,17775,275.5,64.52,77663.18
4103453,Cafelandia,2019,18120,275.5,65.77,75397.85
4103453,Cafelandia,2020,18456,275.5,66.99,113472.37
4103453,Cafelandia,2021,18783,275.5,68.18,103776.07
4103453,Cafelandia,2022,19137,275.5,69.46,125969.22
4103453,Cafelandia,2023,19490,275.5,70.74,138416.32
4103453,Cafelandia,2024,19844,275.5,72.03,135947.09
4103453,Cafelandia,2025,20145,275.5,73.12,133915.81
4103453,Cafelandia,2026,20145,275.5,73.12,133915.81
4104600,Capitao Leonidas Marques,2008,13929,280.6,49.64,40617.2
4104600,Capitao Leonidas Marques,2009,13870,280.6,49.43,44543.62
4104600,Capitao Leonidas Marques,2010,14443,280.6,51.47,48993.63
4104600,Capitao Leonidas Marques,2011,15016,280.6,53.51,51192.73
4104600,Capitao Leonidas Marques,2012,15060,280.6,53.67,61806.77
4104600,Capitao Leonidas Marques,2013,15592,280.6,55.57,68901.87
4104600,Capitao Leonidas Marques,2014,15659,280.6,55.81,49645.32
4104600,Capitao Leonidas Marques,2015,15724,280.6,56.04,64120.64
4104600,Capitao Leonidas Marques,2016,15788,280.6,56.27,94458.7
4104600,Capitao Leonidas Marques,2017,15850,280.6,56.49,74843.6
4104600,Capitao Leonidas Marques,2018,15724,280.6,56.04,74161.79
4104600,Capitao Leonidas Marques,2019,15780,280.6,56.24,81455.39
4104600,Capitao Leonidas Marques,2020,15834,280.6,56.43,88039.47
4104600,Capitao Leonidas Marques,2021,15887,280.6,56.62,79028.51
4104600,Capitao Leonidas Marques,2022,15523,280.6,55.32,74993.36
4104600,Capitao Leonidas Marques,2023,15160,280.6,54.03,85766.49
4104600,Capitao Leonidas Marques,2024,14796,280.6,52.73,87876.45
4104600,Capitao Leonidas Marques,2025,14776,280.6,52.66,87995.4
4104600,Capitao Leonidas Marques,2026,14776,280.6,52.66,87995.4
4104808,Cascavel,2008,291747,2095.1,139.25,15485.62
4104808,Cascavel,2009,296254,2095.1,141.4,16810.26
4104808,Cascavel,2010,292797,2095.1,139.75,18159.55
4104808,Cascavel,2011,289340,2095.1,138.1,21799.46
4104808,Cascavel,2012,292372,2095.1,139.55,24670.59
4104808,Cascavel,2013,305615,2095.1,145.87,27594.99
4104808,Cascavel,2014,309259,2095.1,147.61,30613.85
4104808,Cascavel,2015,312778,2095.1,149.29,32381.5
4104808,Cascavel,2016,316226,2095.1,150.94,34205.66
4104808,Cascavel,2017,319608,2095.1,152.55,35600.54
4104808,Cascavel,2018,324476,2095.1,154.87,37731.74
4104808,Cascavel,2019,328454,2095.1,156.77,38341.24
4104808,Cascavel,2020,332333,2095.1,158.62,42599.97
4104808,Cascavel,2021,336073,2095.1,160.41,46974.63
4104808,Cascavel,2022,345417,2095.1,164.87,52399.83
4104808,Cascavel,2023,354760,2095.1,169.33,54132.87
4104808,Cascavel,2024,364104,2095.1,173.79,52743.66
4104808,Cascavel,2025,368195,2095.1,175.74,52157.63
4104808,Cascavel,2026,368195,2095.1,175.74,52157.63
4105300,Ceu Azul,2008,11332,1181.4,9.59,26310.89
4105300,Ceu Azul,2009,11413,1181.4,9.66,23706.74
4105300,Ceu Azul,2010,11246,1181.4,9.52,23850.35
4105300,Ceu Azul,2011,11078,1181.4,9.38,27303.3
4105300,Ceu Azul,2012,11121,1181.4,9.41,29345.47
4105300,Ceu Azul,2013,11528,1181.4,9.76,37128.04
4105300,Ceu Azul,2014,11589,1181.4,9.81,39628.18
4105300,Ceu Azul,2015,11649,1181.4,9.86,42518.07
4105300,Ceu Azul,2016,11707,1181.4,9.91,49159.22
4105300,Ceu Azul,2017,11764,1181.4,9.96,49504.17
4105300,Ceu Azul,2018,11709,1181.4,9.91,54748.57
4105300,Ceu Azul,2019,11765,1181.4,9.96,51482.19
4105300,Ceu Azul,2020,11819,1181.4,10.0,68183.26
4105300,Ceu Azul,2021,11872,1181.4,10.05,79410.21
4105300,Ceu Azul,2022,11665,1181.4,9.87,80334.42
4105300,Ceu Azul,2023,11458,1181.4,9.7,93435.42
4105300,Ceu Azul,2024,11251,1181.4,9.52,95154.48
4105300,Ceu Azul,2025,11255,1181.4,9.53,95120.66
4105300,Ceu Azul,2026,11255,1181.4,9.53,95120.66
4106308,Corbelia,2008,15858,530.3,29.9,17049.12
4106308,Corbelia,2009,15850,530.3,29.89,16655.33
4106308,Corbelia,2010,16101,530.3,30.36,18297.19
4106308,Corbelia,2011,16352,530.3,30.84,21199.67
4106308,Corbelia,2012,16389,530.3,30.91,23939.47
4106308,Corbelia,2013,16954,530.3,31.97,29420.79
4106308,Corbelia,2014,17016,530.3,32.09,30859.6
4106308,Corbelia,2015,17076,530.3,32.2,33653.61
4106308,Corbelia,2016,17135,530.3,32.31,35603.27
4106308,Corbelia,2017,17193,530.3,32.42,33683.01
4106308,Corbelia,2018,17024,530.3,32.1,35814.14
4106308,Corbelia,2019,17071,530.3,32.19,39545.14
4106308,Corbelia,2020,17117,530.3,32.28,60243.15
4106308,Corbelia,2021,17162,530.3,32.36,62007.75
4106308,Corbelia,2022,17395,530.3,32.8,57696.98
4106308,Corbelia,2023,17629,530.3,33.24,56354.87
4106308,Corbelia,2024,17862,530.3,33.68,55619.75
4106308,Corbelia,2025,17933,530.3,33.82,55399.54
4106308,Corbelia,2026,17933,530.3,33.82,55399.54
4107157,Diamante D'Oeste,2008,5110,309.8,16.49,9666.34
4107157,Diamante D'Oeste,2009,5129,309.8,16.56,9138.43
4107157,Diamante D'Oeste,2010,5084,309.8,16.41,10081.24
4107157,Diamante D'Oeste,2011,5039,309.8,16.27,11250.84
4107157,Diamante D'Oeste,2012,5050,309.8,16.3,13136.63
4107157,Diamante D'Oeste,2013,5223,309.8,16.86,16274.75
4107157,Diamante D'Oeste,2014,5242,309.8,16.92,17414.54
4107157,Diamante D'Oeste,2015,5259,309.8,16.98,18405.78
4107157,Diamante D'Oeste,2016,5277,309.8,17.03,19381.47
4107157,Diamante D'Oeste,2017,5294,309.8,17.09,18300.34
4107157,Diamante D'Oeste,2018,5239,309.8,16.91,19085.89
4107157,Diamante D'Oeste,2019,5253,309.8,16.96,19693.51
4107157,Diamante D'Oeste,2020,5266,309.8,17.0,21443.22
4107157,Diamante D'Oeste,2021,5279,309.8,17.04,24252.89
4107157,Diamante D'Oeste,2022,5038,309.8,16.26,22860.86
4107157,Diamante D'Oeste,2023,4798,309.8,15.49,28031.05
4107157,Diamante D'Oeste,2024,4557,309.8,14.71,29513.5
4107157,Diamante D'Oeste,2025,4513,309.8,14.57,29801.24
4107157,Diamante D'Oeste,2026,4513,309.8,14.57,29801.24
4107538,Entre Rios do Oeste,2008,4043,121.2,33.36,16446.7
4107538,Entre Rios do Oeste,2009,4113,121.2,33.94,14515.44
4107538,Entre Rios do Oeste,2010,4042,121.2,33.35,20332.51
4107538,Entre Rios do Oeste,2011,3972,121.2,32.77,24160.88
4107538,Entre Rios do Oeste,2012,4017,121.2,33.14,27198.66
4107538,Entre Rios do Oeste,2013,4202,121.2,34.67,33625.18
4107538,Entre Rios do Oeste,2014,4255,121.2,35.11,43558.87
4107538,Entre Rios do Oeste,2015,4306,121.2,35.53,46038.32
4107538,Entre Rios do Oeste,2016,4357,121.2,35.95,50771.63
4107538,Entre Rios do Oeste,2017,4406,121.2,36.35,51406.04
4107538,Entre Rios do Oeste,2018,4481,121.2,36.97,50896.23
4107538,Entre Rios do Oeste,2019,4539,121.2,37.45,52804.58
4107538,Entre Rios do Oeste,2020,4596,121.2,37.92,63703.22
4107538,Entre Rios do Oeste,2021,4651,121.2,38.37,67328.1
4107538,Entre Rios do Oeste,2022,4677,121.2,38.59,82207.4
4107538,Entre Rios do Oeste,2023,4703,121.2,38.8,89470.13
4107538,Entre Rios do Oeste,2024,4729,121.2,39.02,88978.22
4107538,Entre Rios do Oeste,2025,4770,121.2,39.36,88213.42
4107538,Entre Rios do Oeste,2026,4770,121.2,39.36,88213.42
4108304,Foz do Iguacu,2008,319189,610.5,522.83,18285.4
4108304,Foz do Iguacu,2009,325137,610.5,532.57,19507.95
4108304,Foz do Iguacu,2010,290518,610.5,475.87,21497.85
4108304,Foz do Iguacu,2011,255900,610.5,419.16,26157.11
4108304,Foz do Iguacu,2012,255718,610.5,418.87,32142.05
4108304,Foz do Iguacu,2013,263508,610.5,431.63,34494.14
4108304,Foz do Iguacu,2014,263647,610.5,431.85,34964.23
4108304,Foz do Iguacu,2015,263782,610.5,432.08,45494.68
4108304,Foz do Iguacu,2016,263915,610.5,432.29,51345.25
4108304,Foz do Iguacu,2017,264044,610.5,432.5,51007.32
4108304,Foz do Iguacu,2018,258823,610.5,423.95,56701.87
4108304,Foz do Iguacu,2019,258532,610.5,423.48,60997.41
4108304,Foz do Iguacu,2020,258248,610.5,423.01,69177.41
4108304,Foz do Iguacu,2021,257971,610.5,422.56,73531.63
4108304,Foz do Iguacu,2022,270481,610.5,443.05,64625.43
4108304,Foz do Iguacu,2023,282990,610.5,463.54,59978.27
4108304,Foz do Iguacu,2024,295500,610.5,484.03,57439.09
4108304,Foz do Iguacu,2025,297352,610.5,487.06,57081.34
4108304,Foz do Iguacu,2026,297352,610.5,487.06,57081.34
4108809,Guaira,2008,29594,564.8,52.4,12648.37
4108809,Guaira,2009,29664,564.8,52.52,11221.75
4108809,Guaira,2010,30262,564.8,53.58,12930.37
4108809,Guaira,2011,30861,564.8,54.64,15942.74
4108809,Guaira,2012,31013,564.8,54.91,17351.92
4108809,Guaira,2013,32190,564.8,56.99,21678.1
4108809,Guaira,2014,32394,564.8,57.35,23024.88
4108809,Guaira,2015,32591,564.8,57.7,23770.0
4108809,Guaira,2016,32784,564.8,58.05,27376.31
4108809,Guaira,2017,32974,564.8,58.38,26597.05
4108809,Guaira,2018,32923,564.8,58.29,28448.8
4108809,Guaira,2019,33119,564.8,58.64,29146.11
4108809,Guaira,2020,33310,564.8,58.98,33855.06
4108809,Guaira,2021,33497,564.8,59.31,34030.93
4108809,Guaira,2022,33320,564.8,58.99,34984.0
4108809,Guaira,2023,33143,564.8,58.68,43413.27
4108809,Guaira,2024,32966,564.8,58.37,43646.36
4108809,Guaira,2025,33058,564.8,58.53,43524.9
4108809,Guaira,2026,33058,564.8,58.53,43524.9
4109757,Ibema,2008,6124,145.8,42.0,10978.94
4109757,Ibema,2009,6144,145.8,42.14,11104.49
4109757,Ibema,2010,6112,145.8,41.92,11440.61
4109757,Ibema,2011,6081,145.8,41.71,12302.42
4109757,Ibema,2012,6096,145.8,41.81,13692.42
4109757,Ibema,2013,6306,145.8,43.25,17901.05
4109757,Ibema,2014,6329,145.8,43.41,18471.48
4109757,Ibema,2015,6352,145.8,43.57,19949.46
4109757,Ibema,2016,6374,145.8,43.72,21629.28
4109757,Ibema,2017,6396,145.8,43.87,21028.61
4109757,Ibema,2018,6334,145.8,43.44,26149.04
4109757,Ibema,2019,6352,145.8,43.57,23210.01
4109757,Ibema,2020,6370,145.8,43.69,26453.69
4109757,Ibema,2021,6387,145.8,43.81,28548.77
4109757,Ibema,2022,6367,145.8,43.67,31168.68
4109757,Ibema,2023,6347,145.8,43.53,32785.73
4109757,Ibema,2024,6327,145.8,43.4,32889.36
4109757,Ibema,2025,6343,145.8,43.5,32806.4
4109757,Ibema,2026,6343,145.8,43.5,32806.4
4110656,Iracema do Oeste,2008,2604,81.8,31.83,12692.4
4110656,Iracema do Oeste,2009,2567,81.8,31.38,12515.78
4110656,Iracema do Oeste,2010,2558,81.8,31.27,14587.96
4110656,Iracema do Oeste,2011,2550,81.8,31.17,19428.63
4110656,Iracema do Oeste,2012,2522,81.8,30.83,17666.14
4110656,Iracema do Oeste,2013,2564,81.8,31.34,26025.35
4110656,Iracema do Oeste,2014,2537,81.8,31.01,25286.16
4110656,Iracema do Oeste,2015,2512,81.8,30.71,26135.35
4110656,Iracema do Oeste,2016,2487,81.8,30.4,30307.6
4110656,Iracema do Oeste,2017,2462,81.8,30.1,30629.16
4110656,Iracema do Oeste,2018,2325,81.8,28.42,35498.92
4110656,Iracema do Oeste,2019,2288,81.8,27.97,33687.94
4110656,Iracema do Oeste,2020,2251,81.8,27.52,40120.39
4110656,Iracema do Oeste,2021,2216,81.8,27.09,87710.29
4110656,Iracema do Oeste,2022,2259,81.8,27.62,37495.79
4110656,Iracema do Oeste,2023,2301,81.8,28.13,54787.05
4110656,Iracema do Oeste,2024,2344,81.8,28.66,53782.0
4110656,Iracema do Oeste,2025,2328,81.8,28.46,54151.63
4110656,Iracema do Oeste,2026,2328,81.8,28.46,54151.63
4112751,Jesuitas,2008,8948,247.9,36.1,12131.31
4112751,Jesuitas,2009,8849,247.9,35.7,11362.64
4112751,Jesuitas,2010,8894,247.9,35.88,14560.49
4112751,Jesuitas,2011,8938,247.9,36.05,18557.95
4112751,Jesuitas,2012,8876,247.9,35.8,17724.88
4112751,Jesuitas,2013,9072,247.9,36.6,22567.35
4112751,Jesuitas,2014,9017,247.9,36.37,27286.24
4112751,Jesuitas,2015,8964,247.9,36.16,29628.74
4112751,Jesuitas,2016,8912,247.9,35.95,35748.43
4112751,Jesuitas,2017,8861,247.9,35.74,37487.42
4112751,Jesuitas,2018,8495,247.9,34.27,40573.75
4112751,Jesuitas,2019,8412,247.9,33.93,37909.53
4112751,Jesuitas,2020,8330,247.9,33.6,47023.41
4112751,Jesuitas,2021,8251,247.9,33.28,53565.87
4112751,Jesuitas,2022,9121,247.9,36.79,47477.47
4112751,Jesuitas,2023,9990,247.9,40.3,55714.31
4112751,Jesuitas,2024,10860,247.9,43.81,51251.01
4112751,Jesuitas,2025,10954,247.9,44.19,50811.21
4112751,Jesuitas,2026,10954,247.9,44.19,50811.21
4113452,Lindoeste,2008,5498,347.9,15.8,13091.85
4113452,Lindoeste,2009,5419,347.9,15.58,12164.79
4113452,Lindoeste,2010,5357,347.9,15.4,15182.0
4113452,Lindoeste,2011,5295,347.9,15.22,17037.39
4113452,Lindoeste,2012,5231,347.9,15.04,20320.02
4113452,Lindoeste,2013,5309,347.9,15.26,25080.43
4113452,Lindoeste,2014,5247,347.9,15.08,30617.31
4113452,Lindoeste,2015,5187,347.9,14.91,31207.83
4113452,Lindoeste,2016,5129,347.9,14.74,33251.32
4113452,Lindoeste,2017,5071,347.9,14.58,28827.06
4113452,Lindoeste,2018,4762,347.9,13.69,34336.62
4113452,Lindoeste,2019,4676,347.9,13.44,35735.03
4113452,Lindoeste,2020,4592,347.9,13.2,40704.92
4113452,Lindoeste,2021,4488,347.9,12.9,44757.35
4113452,Lindoeste,2022,4734,347.9,13.61,49057.88
4113452,Lindoeste,2023,4980,347.9,14.31,50011.45
4113452,Lindoeste,2024,5226,347.9,15.02,47657.29
4113452,Lindoeste,2025,5217,347.9,15.0,47739.51
4113452,Lindoeste,2026,5217,347.9,15.0,47739.51
4114609,Marechal Candido Rondon,2008,46523,747.4,62.25,17408.36
4114609,Marechal Candido Rondon,2009,47048,747.4,62.95,16153.52
4114609,Marechal Candido Rondon,2010,47157,747.4,63.09,20857.75
4114609,Marechal Candido Rondon,2011,47266,747.4,63.24,24327.44
4114609,Marechal Candido Rondon,2012,47697,747.4,63.82,26143.57
4114609,Marechal Candido Rondon,2013,49773,747.4,66.59,30121.67
4114609,Marechal Candido Rondon,2014,50299,747.4,67.3,33995.84
4114609,Marechal Candido Rondon,2015,50808,747.4,67.98,36042.38
4114609,Marechal Candido Rondon,2016,51306,747.4,68.65,40507.47
4114609,Marechal Candido Rondon,2017,51795,747.4,69.3,42466.42
4114609,Marechal Candido Rondon,2018,52379,747.4,70.08,44733.61
4114609,Marechal Candido Rondon,2019,52944,747.4,70.84,44316.94
4114609,Marechal Candido Rondon,2020,53495,747.4,71.57,52950.86
4114609,Marechal Candido Rondon,2021,54031,747.4,72.29,54112.44
4114609,Marechal Candido Rondon,2022,55401,747.4,74.12,65544.74
4114609,Marechal Candido Rondon,2023,56770,747.4,75.96,69033.06
4114609,Marechal Candido Rondon,2024,58140,747.4,77.79,67406.38
4114609,Marechal Candido Rondon,2025,58734,747.4,78.58,66724.67
4114609,Marechal Candido Rondon,2026,58734,747.4,78.58,66724.67
4115606,Matelandia,2008,16056,641.0,25.05,13450.49
4115606,Matelandia,2009,16217,641.0,25.3,13990.07
4115606,Matelandia,2010,16214,641.0,25.29,15742.88
4115606,Matelandia,2011,16212,641.0,25.29,19576.12
4115606,Matelandia,2012,16340,641.0,25.49,23178.46
4115606,Matelandia,2013,17026,641.0,26.56,29879.48
4115606,Matelandia,2014,17186,641.0,26.81,33660.71
4115606,Matelandia,2015,17340,641.0,27.05,37767.82
4115606,Matelandia,2016,17491,641.0,27.29,43168.83
4115606,Matelandia,2017,17640,641.0,27.52,48866.84
4115606,Matelandia,2018,17775,641.0,27.73,51478.2
4115606,Matelandia,2019,17943,641.0,27.99,47077.02
4115606,Matelandia,2020,18107,641.0,28.25,54738.28
4115606,Matelandia,2021,18266,641.0,28.5,60022.23
4115606,Matelandia,2022,18518,641.0,28.89,69568.96
4115606,Matelandia,2023,18770,641.0,29.28,76761.59
4115606,Matelandia,2024,19022,641.0,29.68,75744.66
4115606,Matelandia,2025,19223,641.0,29.99,74952.66
4115606,Matelandia,2026,19223,641.0,29.99,74952.66
4115804,Medianeira,2008,39700,329.4,120.52,14984.96
4115804,Medianeira,2009,39857,329.4,121.0,16209.7
4115804,Medianeira,2010,40990,329.4,124.44,18303.44
4115804,Medianeira,2011,42124,329.4,127.88,21754.63
4115804,Medianeira,2012,42420,329.4,128.78,24382.77
4115804,Medianeira,2013,44149,329.4,134.03,28674.33
4115804,Medianeira,2014,44523,329.4,135.16,31048.72
4115804,Medianeira,2015,44885,329.4,136.26,33029.23
4115804,Medianeira,2016,45239,329.4,137.34,36981.87
4115804,Medianeira,2017,45586,329.4,138.39,39995.74
4115804,Medianeira,2018,45812,329.4,139.08,42116.0
4115804,Medianeira,2019,46198,329.4,140.25,42284.71
4115804,Medianeira,2020,46574,329.4,141.39,44412.91
4115804,Medianeira,2021,46940,329.4,142.5,52024.71
4115804,Medianeira,2022,50333,329.4,152.8,52540.28
4115804,Medianeira,2023,53727,329.4,163.11,55979.23
4115804,Medianeira,2024,57120,329.4,173.41,52653.99
4115804,Medianeira,2025,57910,329.4,175.8,51935.69
4115804,Medianeira,2026,57910,329.4,175.8,51935.69
4115853,Mercedes,2008,4879,197.6,24.69,16898.54
4115853,Mercedes,2009,4902,197.6,24.81,13944.51
4115853,Mercedes,2010,4991,197.6,25.26,17099.38
4115853,Mercedes,2011,5080,197.6,25.71,19142.52
4115853,Mercedes,2012,5113,197.6,25.88,20994.52
4115853,Mercedes,2013,5316,197.6,26.9,27848.57
4115853,Mercedes,2014,5357,197.6,27.11,30034.53
4115853,Mercedes,2015,5398,197.6,27.32,32309.93
4115853,Mercedes,2016,5437,197.6,27.52,36693.21
4115853,Mercedes,2017,5476,197.6,27.71,37414.17
4115853,Mercedes,2018,5493,197.6,27.8,39391.41
4115853,Mercedes,2019,5536,197.6,28.02,35571.53
4115853,Mercedes,2020,5577,197.6,28.22,44276.13
4115853,Mercedes,2021,5617,197.6,28.43,49530.18
4115853,Mercedes,2022,5790,197.6,29.3,45340.93
4115853,Mercedes,2023,5963,197.6,30.18,52300.69
4115853,Mercedes,2024,6136,197.6,31.05,50826.11
4115853,Mercedes,2025,6194,197.6,31.35,50350.18
4115853,Mercedes,2026,6194,197.6,31.35,50350.18
4116703,Nova Aurora,2008,11833,471.6,25.09,17163.61
4116703,Nova Aurora,2009,11636,471.6,24.67,15956.86
4116703,Nova Aurora,2010,11683,471.6,24.77,17542.41
4116703,Nova Aurora,2011,11730,471.6,24.87,20871.78
4116703,Nova Aurora,2012,11598,471.6,24.59,24358.42
4116703,Nova Aurora,2013,11786,471.6,24.99,31266.93
4116703,Nova Aurora,2014,11659,471.6,24.72,34330.3
4116703,Nova Aurora,2015,11537,471.6,24.46,37843.89
4116703,Nova Aurora,2016,11418,471.6,24.21,45562.97
4116703,Nova Aurora,2017,11300,471.6,23.96,48606.99
4116703,Nova Aurora,2018,10650,471.6,22.58,58756.53
4116703,Nova Aurora,2019,10472,471.6,22.21,52995.42
4116703,Nova Aurora,2020,10299,471.6,21.84,72354.4
4116703,Nova Aurora,2021,10131,471.6,21.48,80915.51
4116703,Nova Aurora,2022,11494,471.6,24.37,74087.35
4116703,Nova Aurora,2023,12856,471.6,27.26,80959.32
4116703,Nova Aurora,2024,14219,471.6,30.15,73198.75
4116703,Nova Aurora,2025,14331,471.6,30.39,72626.68
4116703,Nova Aurora,2026,14331,471.6,30.39,72626.68
4117453,Ouro Verde do Oeste,2008,5636,293.7,19.19,14248.76
4117453,Ouro Verde do Oeste,2009,5648,293.7,19.23,11869.87
4117453,Ouro Verde do Oeste,2010,5678,293.7,19.33,13672.24
4117453,Ouro Verde do Oeste,2011,5709,293.7,19.44,15257.14
4117453,Ouro Verde do Oeste,2012,5726,293.7,19.5,16409.54
4117453,Ouro Verde do Oeste,2013,5927,293.7,20.18,23436.98
4117453,Ouro Verde do Oeste,2014,5952,293.7,20.27,24502.52
4117453,Ouro Verde do Oeste,2015,5976,293.7,20.35,24964.19
4117453,Ouro Verde do Oeste,2016,6000,293.7,20.43,28097.17
4117453,Ouro Verde do Oeste,2017,6023,293.7,20.51,29023.24
4117453,Ouro Verde do Oeste,2018,5975,293.7,20.34,29576.07
4117453,Ouro Verde do Oeste,2019,5996,293.7,20.42,29985.99
4117453,Ouro Verde do Oeste,2020,6016,293.7,20.48,43839.93
4117453,Ouro Verde do Oeste,2021,6036,293.7,20.55,52786.94
4117453,Ouro Verde do Oeste,2022,6368,293.7,21.68,37282.04
4117453,Ouro Verde do Oeste,2023,6699,293.7,22.81,44355.43
4117453,Ouro Verde do Oeste,2024,7031,293.7,23.94,42260.99
4117453,Ouro Verde do Oeste,2025,7102,293.7,24.18,41838.5
4117453,Ouro Verde do Oeste,2026,7102,293.7,24.18,41838.5
4117909,Palotina,2008,28691,652.7,43.96,24753.79
4117909,Palotina,2009,28966,652.7,44.38,25311.85
4117909,Palotina,2010,28936,652.7,44.33,27606.79
4117909,Palotina,2011,28907,652.7,44.29,32496.63
4117909,Palotina,2012,29123,652.7,44.62,34812.31
4117909,Palotina,2013,30327,652.7,46.46,45312.69
4117909,Palotina,2014,30598,652.7,46.88,47319.5
4117909,Palotina,2015,30859,652.7,47.28,53437.51
4117909,Palotina,2016,31115,652.7,47.67,62617.71
4117909,Palotina,2017,31366,652.7,48.06,64942.84
4117909,Palotina,2018,31564,652.7,48.36,69645.42
4117909,Palotina,2019,31846,652.7,48.79,67256.77
4117909,Palotina,2020,32121,652.7,49.21,83298.96
4117909,Palotina,2021,32389,652.7,49.62,86937.39
4117909,Palotina,2022,33800,652.7,51.78,92004.85
4117909,Palotina,2023,35212,652.7,53.95,105023.71
4117909,Palotina,2024,36623,652.7,56.11,100977.39
4117909,Palotina,2025,37039,652.7,56.75,99843.27
4117909,Palotina,2026,37039,652.7,56.75,99843.27
4118451,Pato Bragado,2008,4867,135.9,35.81,11824.12
4118451,Pato Bragado,2009,4947,135.9,36.4,10687.29
4118451,Pato Bragado,2010,4914,135.9,36.16,13460.11
4118451,Pato Bragado,2011,4882,135.9,35.92,15472.55
4118451,Pato Bragado,2012,4939,135.9,36.34,16209.76
4118451,Pato Bragado,2013,5170,135.9,38.04,21607.93
4118451,Pato Bragado,2014,5239,135.9,38.55,24362.86
4118451,Pato Bragado,2015,5304,135.9,39.03,24704.75
4118451,Pato Bragado,2016,5369,135.9,39.51,28049.17
4118451,Pato Bragado,2017,5432,135.9,39.97,29336.34
4118451,Pato Bragado,2018,5535,135.9,40.73,29832.34
4118451,Pato Bragado,2019,5610,135.9,41.28,30413.9
4118451,Pato Bragado,2020,5684,135.9,41.82,38500.0
4118451,Pato Bragado,2021,5755,135.9,42.35,42308.08
4118451,Pato Bragado,2022,5816,135.9,42.8,38397.87
4118451,Pato Bragado,2023,5878,135.9,43.25,45890.44
4118451,Pato Bragado,2024,5939,135.9,43.7,45419.09
4118451,Pato Bragado,2025,6004,135.9,44.18,44927.38
4118451,Pato Bragado,2026,6004,135.9,44.18,44927.38
4120853,Quatro Pontes,2008,3789,114.6,33.06,19111.38
4120853,Quatro Pontes,2009,3800,114.6,33.16,17494.21
4120853,Quatro Pontes,2010,3808,114.6,33.23,20197.74
4120853,Quatro Pontes,2011,3816,114.6,33.3,25503.67
4120853,Quatro Pontes,2012,3827,114.6,33.39,22315.13
4120853,Quatro Pontes,2013,3963,114.6,34.58,29752.46
4120853,Quatro Pontes,2014,3981,114.6,34.74,36762.37
4120853,Quatro Pontes,2015,3998,114.6,34.89,35416.21
4120853,Quatro Pontes,2016,4014,114.6,35.03,39901.84
4120853,Quatro Pontes,2017,4031,114.6,35.17,43148.6
4120853,Quatro Pontes,2018,4000,114.6,34.9,44284.25
4120853,Quatro Pontes,2019,4015,114.6,35.03,42783.56
4120853,Quatro Pontes,2020,4029,114.6,35.16,60921.32
4120853,Quatro Pontes,2021,4043,114.6,35.28,62717.54
4120853,Quatro Pontes,2022,4241,114.6,37.01,59684.51
4120853,Quatro Pontes,2023,4438,114.6,38.73,69202.79
4120853,Quatro Pontes,2024,4636,114.6,40.45,66247.2
4120853,Quatro Pontes,2025,4672,114.6,40.77,65736.73
4120853,Quatro Pontes,2026,4672,114.6,40.77,65736.73
4121257,Ramilandia,2008,4322,237.7,18.18,11115.22
4121257,Ramilandia,2009,4365,237.7,18.36,9772.51
4121257,Ramilandia,2010,4260,237.7,17.92,11466.9
4121257,Ramilandia,2011,4155,237.7,17.48,13067.15
4121257,Ramilandia,2012,4175,237.7,17.56,13619.16
4121257,Ramilandia,2013,4332,237.7,18.22,16269.39
4121257,Ramilandia,2014,4359,237.7,18.34,16955.04
4121257,Ramilandia,2015,4385,237.7,18.45,17376.51
4121257,Ramilandia,2016,4410,237.7,18.55,19097.73
4121257,Ramilandia,2017,4435,237.7,18.66,18396.84
4121257,Ramilandia,2018,4426,237.7,18.62,18590.6
4121257,Ramilandia,2019,4451,237.7,18.73,18432.94
4121257,Ramilandia,2020,4476,237.7,18.83,21002.46
4121257,Ramilandia,2021,4500,237.7,18.93,25283.11
4121257,Ramilandia,2022,4431,237.7,18.64,22277.59
4121257,Ramilandia,2023,4362,237.7,18.35,29019.94
4121257,Ramilandia,2024,4293,237.7,18.06,29486.37
4121257,Ramilandia,2025,4279,237.7,18.0,29582.85
4121257,Ramilandia,2026,4279,237.7,18.0,29582.85
4123501,Santa Helena,2008,23872,756.1,31.57,15717.28
4123501,Santa Helena,2009,24198,756.1,32.0,13791.72
4123501,Santa Helena,2010,23918,756.1,31.63,17272.85
4123501,Santa Helena,2011,23638,756.1,31.26,20692.7
4123501,Santa Helena,2012,23855,756.1,31.55,21984.32
4123501,Santa Helena,2013,24895,756.1,32.93,25195.22
4123501,Santa Helena,2014,25159,756.1,33.27,27749.0
4123501,Santa Helena,2015,25415,756.1,33.61,30515.21
4123501,Santa Helena,2016,25665,756.1,33.94,33300.25
4123501,Santa Helena,2017,25911,756.1,34.27,33043.65
4123501,Santa Helena,2018,26206,756.1,34.66,35652.98
4123501,Santa Helena,2019,26490,756.1,35.04,36926.61
4123501,Santa Helena,2020,26767,756.1,35.4,45163.67
4123501,Santa Helena,2021,27036,756.1,35.76,54194.07
4123501,Santa Helena,2022,26804,756.1,35.45,58222.77
4123501,Santa Helena,2023,26573,756.1,35.14,61756.07
4123501,Santa Helena,2024,26341,756.1,34.84,62299.99
4123501,Santa Helena,2025,26461,756.1,35.0,62017.46
4123501,Santa Helena,2026,26461,756.1,35.0,62017.46
4123824,Santa Lucia,2008,3781,127.0,29.77,9752.71
4123824,Santa Lucia,2009,3743,127.0,29.47,10035.53
4123824,Santa Lucia,2010,3826,127.0,30.13,14526.92
4123824,Santa Lucia,2011,3910,127.0,30.79,18216.62
4123824,Santa Lucia,2012,3895,127.0,30.67,20221.05
4123824,Santa Lucia,2013,3997,127.0,31.47,22486.87
4123824,Santa Lucia,2014,3986,127.0,31.39,23218.77
4123824,Santa Lucia,2015,3976,127.0,31.31,23335.01
4123824,Santa Lucia,2016,3965,127.0,31.22,27681.46
4123824,Santa Lucia,2017,3955,127.0,31.14,25141.34
4123824,Santa Lucia,2018,3834,127.0,30.19,28147.37
4123824,Santa Lucia,2019,3813,127.0,30.02,30452.4
4123824,Santa Lucia,2020,3793,127.0,29.87,38485.9
4123824,Santa Lucia,2021,3795,127.0,29.88,36919.1
4123824,Santa Lucia,2022,3749,127.0,29.52,41763.94
4123824,Santa Lucia,2023,3703,127.0,29.16,42718.88
4123824,Santa Lucia,2024,3657,127.0,28.8,43256.22
4123824,Santa Lucia,2025,3638,127.0,28.65,43482.13
4123824,Santa Lucia,2026,3638,127.0,28.65,43482.13
4124020,Santa Tereza do Oeste,2008,9462,326.8,28.95,14471.89
4124020,Santa Tereza do Oeste,2009,9320,326.8,28.52,14817.17
4124020,Santa Tereza do Oeste,2010,9810,326.8,30.02,16649.64
4124020,Santa Tereza do Oeste,2011,10300,326.8,31.52,20637.18
4124020,Santa Tereza do Oeste,2012,10269,326.8,31.42,22550.69
4124020,Santa Tereza do Oeste,2013,10548,326.8,32.28,29430.6
4124020,Santa Tereza do Oeste,2014,10528,326.8,32.22,30656.82
4124020,Santa Tereza do Oeste,2015,10509,326.8,32.16,29454.09
4124020,Santa Tereza do Oeste,2016,10489,326.8,32.1,34475.93
4124020,Santa Tereza do Oeste,2017,10471,326.8,32.04,34005.25
4124020,Santa Tereza do Oeste,2018,10182,326.8,31.16,36647.52
4124020,Santa Tereza do Oeste,2019,10139,326.8,31.03,37598.38
4124020,Santa Tereza do Oeste,2020,10096,326.8,30.89,52218.8
4124020,Santa Tereza do Oeste,2021,10055,326.8,30.77,57891.1
4124020,Santa Tereza do Oeste,2022,11286,326.8,34.53,60134.41
4124020,Santa Tereza do Oeste,2023,12518,326.8,38.3,56983.14
4124020,Santa Tereza do Oeste,2024,13749,326.8,42.07,51881.23
4124020,Santa Tereza do Oeste,2025,13938,326.8,42.65,51177.72
4124020,Santa Tereza do Oeste,2026,13938,326.8,42.65,51177.72
4125456,Sao Jose das Palmeiras,2008,3960,182.8,21.66,8516.67
4125456,Sao Jose das Palmeiras,2009,3942,182.8,21.56,7369.36
4125456,Sao Jose das Palmeiras,2010,3876,182.8,21.2,10007.22
4125456,Sao Jose das Palmeiras,2011,3810,182.8,20.84,11445.41
4125456,Sao Jose das Palmeiras,2012,3789,182.8,20.73,10812.62
4125456,Sao Jose das Palmeiras,2013,3880,182.8,21.23,15731.7
4125456,Sao Jose das Palmeiras,2014,3864,182.8,21.14,16506.99
4125456,Sao Jose das Palmeiras,2015,3847,182.8,21.04,18293.74
4125456,Sao Jose das Palmeiras,2016,3832,182.8,20.96,21376.83
4125456,Sao Jose das Palmeiras,2017,3816,182.8,20.88,19231.39
4125456,Sao Jose das Palmeiras,2018,3682,182.8,20.14,20466.05
4125456,Sao Jose das Palmeiras,2019,3654,182.8,19.99,20935.14
4125456,Sao Jose das Palmeiras,2020,3627,182.8,19.84,25015.99
4125456,Sao Jose das Palmeiras,2021,3601,182.8,19.7,27499.03
4125456,Sao Jose das Palmeiras,2022,3744,182.8,20.48,23876.34
4125456,Sao Jose das Palmeiras,2023,3887,182.8,21.26,28215.59
4125456,Sao Jose das Palmeiras,2024,4030,182.8,22.05,27214.39
4125456,Sao Jose das Palmeiras,2025,4031,182.8,22.05,27207.64
4125456,Sao Jose das Palmeiras,2026,4031,182.8,22.05,27207.64
4125704,Sao Miguel do Iguacu,2008,26284,853.7,30.79,16179.96
4125704,Sao Miguel do Iguacu,2009,26451,853.7,30.98,18261.09
4125704,Sao Miguel do Iguacu,2010,26162,853.7,30.65,20810.03
4125704,Sao Miguel do Iguacu,2011,25872,853.7,30.31,25287.84
4125704,Sao Miguel do Iguacu,2012,25971,853.7,30.42,26099.57
4125704,Sao Miguel do Iguacu,2013,26920,853.7,31.53,31970.02
4125704,Sao Miguel do Iguacu,2014,27061,853.7,31.7,34454.2
4125704,Sao Miguel do Iguacu,2015,27197,853.7,31.86,37459.98
4125704,Sao Miguel do Iguacu,2016,27330,853.7,32.01,37274.13
4125704,Sao Miguel do Iguacu,2017,27461,853.7,32.17,34321.84
4125704,Sao Miguel do Iguacu,2018,27325,853.7,32.01,36720.0
4125704,Sao Miguel do Iguacu,2019,27452,853.7,32.16,39864.86
4125704,Sao Miguel do Iguacu,2020,27576,853.7,32.3,43738.61
4125704,Sao Miguel do Iguacu,2021,27696,853.7,32.44,53079.18
4125704,Sao Miguel do Iguacu,2022,28530,853.7,33.42,49633.86
4125704,Sao Miguel do Iguacu,2023,29364,853.7,34.4,50552.1
4125704,Sao Miguel do Iguacu,2024,30198,853.7,35.37,49155.97
4125704,Sao Miguel do Iguacu,2025,30416,853.7,35.63,48803.66
4125704,Sao Miguel do Iguacu,2026,30416,853.7,35.63,48803.66
4127403,Terra Roxa,2008,16707,802.5,20.82,17963.61
4127403,Terra Roxa,2009,16734,802.5,20.85,16457.27
4127403,Terra Roxa,2010,16764,802.5,20.89,19305.54
4127403,Terra Roxa,2011,16795,802.5,20.93,23004.88
4127403,Terra Roxa,2012,16829,802.5,20.97,22168.76
4127403,Terra Roxa,2013,17402,802.5,21.68,30910.18
4127403,Terra Roxa,2014,17461,802.5,21.76,30983.05
4127403,Terra Roxa,2015,17517,802.5,21.83,33861.22
4127403,Terra Roxa,2016,17573,802.5,21.9,36575.88
4127403,Terra Roxa,2017,17627,802.5,21.97,34822.15
4127403,Terra Roxa,2018,17439,802.5,21.73,38867.19
4127403,Terra Roxa,2019,17481,802.5,21.78,35690.69
4127403,Terra Roxa,2020,17522,802.5,21.83,52107.98
4127403,Terra Roxa,2021,17562,802.5,21.88,51025.22
4127403,Terra Roxa,2022,17891,802.5,22.29,41071.15
4127403,Terra Roxa,2023,18219,802.5,22.7,50573.58
4127403,Terra Roxa,2024,18548,802.5,23.11,49676.51
4127403,Terra Roxa,2025,18636,802.5,23.22,49441.94
4127403,Terra Roxa,2026,18636,802.5,23.22,49441.94
4127700,Toledo,2008,115136,1200.4,95.91,18800.71
4127700,Toledo,2009,116774,1200.4,97.28,20119.73
4127700,Toledo,2010,118854,1200.4,99.01,20514.63
4127700,Toledo,2011,120934,1200.4,100.74,23625.08
4127700,Toledo,2012,122502,1200.4,102.05,26778.58
4127700,Toledo,2013,128448,1200.4,107.0,30940.47
4127700,Toledo,2014,130295,1200.4,108.54,34298.18
4127700,Toledo,2015,132077,1200.4,110.03,36891.81
4127700,Toledo,2016,133824,1200.4,111.48,40406.32
4127700,Toledo,2017,135538,1200.4,112.91,43760.73
4127700,Toledo,2018,138572,1200.4,115.44,44448.3
4127700,Toledo,2019,140635,1200.4,117.16,44031.64
4127700,Toledo,2020,142645,1200.4,118.83,47558.62
4127700,Toledo,2021,144601,1200.4,120.46,51743.69
4127700,Toledo,2022,149274,1200.4,124.35,56509.53
4127700,Toledo,2023,153947,1200.4,128.25,61765.23
4127700,Toledo,2024,158620,1200.4,132.14,59945.61
4127700,Toledo,2025,160701,1200.4,133.87,59169.34
4127700,Toledo,2026,160701,1200.4,133.87,59169.34
4127858,Tres Barras do Parana,2008,12073,506.6,23.83,9922.39
4127858,Tres Barras do Parana,2009,12088,506.6,23.86,10678.36
4127858,Tres Barras do Parana,2010,11956,506.6,23.6,13327.28
4127858,Tres Barras do Parana,2011,11825,506.6,23.34,15887.19
4127858,Tres Barras do Parana,2012,11825,506.6,23.34,16127.36
4127858,Tres Barras do Parana,2013,12196,506.6,24.07,20770.33
4127858,Tres Barras do Parana,2014,12212,506.6,24.11,20420.32
4127858,Tres Barras do Parana,2015,12227,506.6,24.14,22995.75
4127858,Tres Barras do Parana,2016,12242,506.6,24.17,25038.64
4127858,Tres Barras do Parana,2017,12256,506.6,24.19,26365.45
4127858,Tres Barras do Parana,2018,12043,506.6,23.77,26456.61
4127858,Tres Barras do Parana,2019,12040,506.6,23.77,27056.15
4127858,Tres Barras do Parana,2020,12038,506.6,23.76,36117.05
4127858,Tres Barras do Parana,2021,12036,506.6,23.76,36221.0
4127858,Tres Barras do Parana,2022,11756,506.6,23.21,38658.73
4127858,Tres Barras do Parana,2023,11477,506.6,22.65,39518.17
4127858,Tres Barras do Parana,2024,11197,506.6,22.1,40506.39
4127858,Tres Barras do Parana,2025,11157,506.6,22.02,40651.61
4127858,Tres Barras do Parana,2026,11157,506.6,22.02,40651.61
4128559,Vera Cruz do Oeste,2008,9301,327.9,28.37,12169.23
4128559,Vera Cruz do Oeste,2009,9257,327.9,28.23,10935.4
4128559,Vera Cruz do Oeste,2010,9089,327.9,27.72,12241.94
4128559,Vera Cruz do Oeste,2011,8921,327.9,27.21,14360.27
4128559,Vera Cruz do Oeste,2012,8871,327.9,27.05,14956.83
4128559,Vera Cruz do Oeste,2013,9081,327.9,27.69,21837.57
4128559,Vera Cruz do Oeste,2014,9038,327.9,27.56,21310.25
4128559,Vera Cruz do Oeste,2015,8998,327.9,27.44,23019.23
4128559,Vera Cruz do Oeste,2016,8958,327.9,27.32,26812.68
4128559,Vera Cruz do Oeste,2017,8918,327.9,27.2,25542.27
4128559,Vera Cruz do Oeste,2018,8590,327.9,26.2,29918.63
4128559,Vera Cruz do Oeste,2019,8521,327.9,25.99,27925.95
4128559,Vera Cruz do Oeste,2020,8454,327.9,25.78,39549.68
4128559,Vera Cruz do Oeste,2021,8389,327.9,25.58,40661.34
4128559,Vera Cruz do Oeste,2022,8335,327.9,25.42,34885.3
4128559,Vera Cruz do Oeste,2023,8281,327.9,25.25,40527.35
4128559,Vera Cruz do Oeste,2024,8227,327.9,25.09,40793.36
4128559,Vera Cruz do Oeste,2025,8178,327.9,24.94,41037.78
4128559,Vera Cruz do Oeste,2026,8178,327.9,24.94,41037.78
