estrato,ano,mes,casos,total,populacao,anomalia_mm,dias_20mm,temp_media
cobertura alta,2008,1,165,3524,850680,-30.859,1.6,23.861290322580647
cobertura alta,2008,2,127,4745,850680,9.891333333333336,3.5,23.86241379310345
cobertura alta,2008,3,157,4388,850680,-63.45799999999999,0.7,23.07483870967742
cobertura alta,2008,4,114,4353,850680,33.10066666666667,2.4,20.743666666666666
cobertura alta,2008,5,118,4142,850680,-42.33833333333334,1.9,17.358387096774194
cobertura alta,2008,6,107,4429,850680,3.4596666666666693,2.4,15.328999999999999
cobertura alta,2008,7,111,4363,850680,-26.044,1.3,18.42064516129032
cobertura alta,2008,8,121,4812,850680,102.53966666666668,3.4,19.106451612903225
cobertura alta,2008,9,143,4606,850680,-71.48966666666666,1.4,18.20733333333333
cobertura alta,2008,10,143,4391,850680,32.97833333333334,2.7,22.456129032258065
cobertura alta,2008,11,106,4094,850680,62.13933333333333,4.8,23.021
cobertura alta,2008,12,124,3308,850680,-128.426,0.8,25.192903225806454
cobertura alta,2009,1,135,4692,863566,-10.738999999999995,1.7,23.666451612903224
cobertura alta,2009,2,110,4730,863566,-25.18866666666666,1.9,24.90607142857143
cobertura alta,2009,3,131,4910,863566,-65.46799999999999,0.3,24.949354838709677
cobertura alta,2009,4,138,4613,863566,-108.52933333333333,0.0,23.23933333333333
cobertura alta,2009,5,106,4524,863566,32.16166666666667,2.8,19.220967741935485
cobertura alta,2009,6,92,4445,863566,-38.24033333333333,1.4,14.776333333333335
cobertura alta,2009,7,75,4184,863566,41.016000000000005,1.3,15.326451612903224
cobertura alta,2009,8,50,4330,863566,-10.480333333333334,1.1,18.08516129032258
cobertura alta,2009,9,59,4557,863566,69.17033333333333,4.6,19.287
cobertura alta,2009,10,52,4130,863566,181.35833333333335,6.9,21.79967741935484
cobertura alta,2009,11,62,4395,863566,59.74933333333333,3.4,25.452666666666666
cobertura alta,2009,12,132,4252,863566,23.803999999999995,3.4,24.59258064516129
cobertura alta,2010,1,101,4163,828501,45.691,1.7,24.82774193548387
cobertura alta,2010,2,143,4219,828501,1.731333333333336,1.3,25.25642857142857
cobertura alta,2010,3,152,4482,828501,6.972000000000001,2.3,24.06709677419355
cobertura alta,2010,4,113,3954,828501,67.36066666666667,4.1,21.227666666666668
cobertura alta,2010,5,80,4799,828501,21.77166666666666,4.1,16.95741935483871
cobertura alta,2010,6,59,4041,828501,-87.10033333333334,1.2,17.318666666666665
cobertura alta,2010,7,74,4553,828501,26.565999999999995,2.8,16.80516129032258
cobertura alta,2010,8,87,5196,828501,-70.89033333333334,0.0,17.850967741935484
cobertura alta,2010,9,104,4506,828501,4.670333333333335,2.2,20.885666666666665
cobertura alta,2010,10,110,4482,828501,20.83833333333333,3.8,20.16193548387097
cobertura alta,2010,11,122,4734,828501,-53.91066666666667,1.7,21.631666666666668
cobertura alta,2010,12,131,4262,828501,81.064,4.4,23.630322580645164
cobertura alta,2011,1,112,4693,793438,-25.829,1.1,24.84225806451613
cobertura alta,2011,2,114,4106,793438,134.87133333333333,4.3,23.976785714285715
cobertura alta,2011,3,136,4377,793438,-0.6779999999999958,2.2,23.431612903225805
cobertura alta,2011,4,90,4647,793438,-24.68933333333333,0.1,21.51666666666667
cobertura alta,2011,5,68,4755,793438,-138.73833333333334,0.0,17.980645161290322
cobertura alta,2011,6,43,4887,793438,-13.250333333333327,2.4,15.926333333333332
cobertura alta,2011,7,72,5145,793438,57.54600000000001,3.5,16.88258064516129
cobertura alta,2011,8,44,4482,793438,96.33966666666666,4.3,17.493225806451612
cobertura alta,2011,9,57,4767,793438,-27.699666666666666,2.5,19.701666666666664
cobertura alta,2011,10,54,4685,793438,25.708333333333336,4.3,22.016129032258064
cobertura alta,2011,11,89,4594,793438,2.3493333333333313,3.0,22.262999999999998
cobertura alta,2011,12,114,4320,793438,-104.28599999999999,0.7,24.03483870967742
cobertura alta,2012,1,102,4933,798643,-24.069,2.0,24.32483870967742
cobertura alta,2012,2,112,4879,798643,-57.62866666666666,1.2,25.696206896551722
cobertura alta,2012,3,117,4597,798643,-73.848,0.8,23.55516129032258
cobertura alta,2012,4,91,4985,798643,102.44066666666667,4.4,21.301333333333332
cobertura alta,2012,5,89,5133,798643,-29.008333333333336,2.8,18.288064516129033
cobertura alta,2012,6,81,4818,798643,71.22966666666667,3.6,16.964666666666666
cobertura alta,2012,7,65,5030,798643,-19.264000000000003,0.9,16.419032258064515
cobertura alta,2012,8,69,5283,798643,-85.57033333333334,0.0,20.70967741935484
cobertura alta,2012,9,64,4948,798643,-101.56966666666666,0.5,21.942666666666668
cobertura alta,2012,10,76,4999,798643,-55.45166666666667,2.0,23.78451612903226
cobertura alta,2012,11,63,4628,798643,-70.73066666666666,0.3,24.250333333333334
cobertura alta,2012,12,81,4569,798643,-13.206,2.0,26.128387096774198
cobertura alta,2013,1,56,4367,830697,-60.45899999999999,2.1,24.573548387096775
cobertura alta,2013,2,88,4408,830697,86.27133333333333,4.2,24.01357142857143
cobertura alta,2013,3,55,4568,830697,98.742,3.2,22.59935483870968
cobertura alta,2013,4,50,4647,830697,33.80066666666666,3.7,20.557333333333332
cobertura alta,2013,5,41,4694,830697,18.691666666666663,2.5,18.70064516129032
cobertura alta,2013,6,35,4371,830697,240.47966666666667,7.6,17.052
cobertura alta,2013,7,44,4313,830697,-32.874,1.4,15.945483870967744
cobertura alta,2013,8,36,4720,830697,-50.06033333333334,0.0,16.461290322580645
cobertura alta,2013,9,50,4521,830697,4.520333333333338,3.1,19.852
cobertura alta,2013,10,32,4515,830697,-78.54166666666666,1.8,21.489032258064515
cobertura alta,2013,11,56,4428,830697,-26.47066666666667,2.7,23.40266666666667
cobertura alta,2013,12,56,4085,830697,-55.196000000000005,1.6,25.06967741935484
cobertura alta,2014,1,81,4317,837343,46.641000000000005,3.3,25.045806451612904
cobertura alta,2014,2,88,4377,837343,-72.83866666666667,1.1,25.648571428571426
cobertura alta,2014,3,61,4433,837343,71.912,3.0,22.91161290322581
cobertura alta,2014,4,86,4244,837343,37.04066666666667,2.7,21.546666666666667
cobertura alta,2014,5,62,4432,837343,-3.3483333333333376,3.8,18.297096774193548
cobertura alta,2014,6,64,4599,837343,156.33966666666666,4.5,17.614333333333335
cobertura alta,2014,7,38,4809,837343,25.576,3.4,16.748064516129034
cobertura alta,2014,8,55,4628,837343,-35.71033333333334,0.6,19.12548387096774
cobertura alta,2014,9,51,4859,837343,111.78033333333333,5.6,21.760333333333335
cobertura alta,2014,10,64,4674,837343,-142.67166666666668,0.2,24.530322580645162
cobertura alta,2014,11,58,4543,837343,-2.400666666666666,1.5,23.313333333333333
cobertura alta,2014,12,50,3892,837343,-41.896,1.0,24.28483870967742
cobertura alta,2015,1,46,4017,843761,-21.028999999999996,1.2,25.518064516129034
cobertura alta,2015,2,49,3488,843761,-24.43866666666667,0.8,24.286785714285713
cobertura alta,2015,3,41,3785,843761,5.7020000000000035,1.6,23.48290322580645
cobertura alta,2015,4,41,3943,843761,-40.769333333333336,0.2,21.675666666666665
cobertura alta,2015,5,33,4222,843761,-19.768333333333338,3.1,18.81967741935484
cobertura alta,2015,6,14,3991,843761,-32.040333333333336,2.3,18.282
cobertura alta,2015,7,14,4086,843761,291.416,6.8,17.115806451612904
cobertura alta,2015,8,20,4295,843761,-51.69033333333334,0.0,21.337096774193547
cobertura alta,2015,9,46,4246,843761,69.51033333333332,4.5,21.80466666666667
cobertura alta,2015,10,28,3944,843761,-44.01166666666667,1.8,23.534193548387098
cobertura alta,2015,11,37,3907,843761,205.74933333333334,6.9,23.18933333333333
cobertura alta,2015,12,35,3895,843761,152.704,5.1,24.17322580645161
cobertura alta,2016,1,47,3639,850051,6.701000000000002,2.8,25.281935483870967
cobertura alta,2016,2,53,3722,850051,105.65133333333333,5.1,24.893793103448274
cobertura alta,2016,3,28,3946,850051,8.132,2.7,22.731612903225805
cobertura alta,2016,4,31,4223,850051,-66.76933333333332,1.3,23.763333333333332
cobertura alta,2016,5,34,4131,850051,123.46166666666666,5.8,16.850967741935484
cobertura alta,2016,6,23,4116,850051,-73.18033333333334,0.9,14.180333333333333
cobertura alta,2016,7,37,4260,850051,-16.774,1.4,16.791290322580643
cobertura alta,2016,8,56,4314,850051,124.55966666666666,4.1,18.24967741935484
cobertura alta,2016,9,60,4249,850051,-97.49966666666667,0.7,18.489666666666665
cobertura alta,2016,10,65,4128,850051,-50.28166666666666,2.3,21.76258064516129
cobertura alta,2016,11,70,3967,850051,-64.00066666666666,1.4,22.991666666666667
cobertura alta,2016,12,50,3364,850051,43.97400000000001,3.3,23.938709677419354
cobertura alta,2017,1,61,3734,856220,-30.478999999999996,0.9,24.594516129032257
cobertura alta,2017,2,49,3876,856220,-44.61866666666666,1.0,24.947499999999998
cobertura alta,2017,3,59,4349,856220,-19.928,1.2,23.714516129032255
cobertura alta,2017,4,43,4084,856220,-4.389333333333329,2.4,20.695333333333334
cobertura alta,2017,5,32,4141,856220,67.19166666666666,3.8,19.994193548387095
cobertura alta,2017,6,35,4292,856220,-2.5203333333333306,2.3,17.15
cobertura alta,2017,7,35,4117,856220,-98.73400000000001,0.0,17.360967741935486
cobertura alta,2017,8,16,4163,856220,12.139666666666663,1.9,19.758709677419354
cobertura alta,2017,9,33,4267,856220,-123.53966666666668,0.2,24.229000000000003
cobertura alta,2017,10,27,4264,856220,115.97833333333332,5.8,21.810645161290324
cobertura alta,2017,11,33,4341,856220,-6.95066666666667,2.7,22.134
cobertura alta,2017,12,18,4211,856220,76.644,3.9,24.43774193548387
cobertura alta,2018,1,23,3491,859231,98.091,4.2,23.81935483870968
cobertura alta,2018,2,35,3688,859231,-41.57866666666667,1.6,23.54357142857143
cobertura alta,2018,3,40,4005,859231,89.942,2.7,23.943870967741937
cobertura alta,2018,4,27,4414,859231,-107.51933333333334,0.0,22.811666666666667
cobertura alta,2018,5,20,4377,859231,-87.01833333333335,0.8,19.39483870967742
cobertura alta,2018,6,19,4492,859231,-27.730333333333334,0.9,16.280333333333335
cobertura alta,2018,7,16,4603,859231,-86.654,0.1,18.086774193548386
cobertura alta,2018,8,20,4431,859231,-10.670333333333339,1.5,16.116129032258065
cobertura alta,2018,9,15,4412,859231,47.35033333333333,4.1,19.913333333333334
cobertura alta,2018,10,18,4326,859231,76.26833333333335,4.9,21.78677419354839
cobertura alta,2018,11,27,4690,859231,-21.210666666666665,3.0,23.657333333333334
cobertura alta,2018,12,18,4372,859231,-89.846,0.4,24.942580645161293
cobertura alta,2019,1,26,4580,866006,-59.818999999999996,1.1,26.32161290322581
cobertura alta,2019,2,37,4560,866006,-7.888666666666663,2.0,24.490357142857142
cobertura alta,2019,3,33,4603,866006,11.552000000000001,1.7,23.36032258064516
cobertura alta,2019,4,38,4497,866006,4.680666666666667,1.9,22.020666666666667
cobertura alta,2019,5,38,4646,866006,166.85166666666666,5.0,19.924193548387098
cobertura alta,2019,6,32,4640,866006,-103.44033333333331,0.0,19.317333333333334
cobertura alta,2019,7,33,4601,866006,-69.524,0.6,16.71451612903226
cobertura alta,2019,8,32,4659,866006,-70.61033333333333,0.1,19.321290322580644
cobertura alta,2019,9,26,4716,866006,-91.60966666666667,0.4,22.478
cobertura alta,2019,10,27,5048,866006,-121.73166666666665,0.6,25.227096774193548
cobertura alta,2019,11,49,5002,866006,-49.11066666666667,1.1,25.12633333333333
cobertura alta,2019,12,18,4523,866006,96.644,4.8,23.773225806451613
cobertura alta,2020,1,17,4505,872610,-19.218999999999994,1.7,24.596129032258066
cobertura alta,2020,2,23,4529,872610,-41.238666666666674,2.2,24.658965517241377
cobertura alta,2020,3,26,4456,872610,-98.238,0.1,24.65258064516129
cobertura alta,2020,4,17,3943,872610,-69.07933333333332,1.1,20.703666666666667
cobertura alta,2020,5,20,4140,872610,-43.54833333333333,2.0,17.41741935483871
cobertura alta,2020,6,21,4214,872610,3.2396666666666674,2.5,18.706666666666667
cobertura alta,2020,7,19,3963,872610,-66.884,0.2,17.365806451612904
cobertura alta,2020,8,22,4074,872610,77.28966666666666,3.0,19.01322580645161
cobertura alta,2020,9,16,4654,872610,-131.39966666666666,0.0,24.039666666666665
cobertura alta,2020,10,12,4405,872610,-137.68166666666667,0.3,25.112903225806452
cobertura alta,2020,11,18,4433,872610,-82.33066666666667,0.9,24.346333333333334
cobertura alta,2020,12,21,4270,872610,55.974000000000004,4.2,24.455161290322582
cobertura alta,2021,1,16,4237,879003,229.391,7.3,23.968064516129033
cobertura alta,2021,2,10,4421,879003,-119.60866666666666,0.0,23.632142857142856
cobertura alta,2021,3,17,4344,879003,-14.348000000000003,1.3,24.11064516129032
cobertura alta,2021,4,14,4238,879003,-107.61933333333334,0.0,21.515
cobertura alta,2021,5,22,4412,879003,-112.48833333333334,0.2,18.551612903225806
cobertura alta,2021,6,19,4753,879003,16.81966666666667,2.5,16.326999999999998
cobertura alta,2021,7,20,4797,879003,-75.404,0.0,15.226451612903224
cobertura alta,2021,8,21,4806,879003,-47.35033333333334,0.3,20.230645161290322
cobertura alta,2021,9,23,5067,879003,-72.68966666666667,1.1,23.657666666666664
cobertura alta,2021,10,30,4949,879003,151.77833333333334,6.4,21.544193548387096
cobertura alta,2021,11,30,4946,879003,-87.79066666666667,0.5,24.341
cobertura alta,2021,12,34,4774,879003,-169.18599999999998,0.2,26.730967741935483
cobertura alta,2022,1,10,4509,907342,-28.94899999999999,1.7,26.089677419354835
cobertura alta,2022,2,16,4719,907342,-67.84866666666667,2.0,25.935000000000002
cobertura alta,2022,3,12,5009,907342,107.18199999999999,3.9,23.67451612903226
cobertura alta,2022,4,22,4811,907342,2.3006666666666704,1.6,21.483666666666664
cobertura alta,2022,5,20,5046,907342,-14.048333333333341,2.5,16.734193548387097
cobertura alta,2022,6,10,4403,907342,7.629666666666668,3.1,16.286666666666665
cobertura alta,2022,7,12,4911,907342,-56.174,0.6,19.467096774193546
cobertura alta,2022,8,16,5285,907342,81.11966666666666,3.7,17.621612903225806
cobertura alta,2022,9,24,5002,907342,121.76033333333332,5.7,18.057666666666666
cobertura alta,2022,10,24,4956,907342,175.74833333333333,6.2,20.658709677419356
cobertura alta,2022,11,32,4672,907342,-100.35066666666667,0.4,21.591
cobertura alta,2022,12,34,5133,907342,-57.83599999999999,1.5,24.336129032258064
cobertura alta,2023,1,26,5037,935680,7.331,2.2,24.134193548387096
cobertura alta,2023,2,25,5032,935680,70.15133333333333,4.7,22.883928571428573
cobertura alta,2023,3,30,4972,935680,-9.238,1.1,23.97
cobertura alta,2023,4,24,5445,935680,-4.699333333333334,1.8,20.803333333333335
cobertura alta,2023,5,22,5162,935680,-93.41833333333334,0.5,19.248709677419356
cobertura alta,2023,6,16,5095,935680,-37.32033333333333,1.6,17.145333333333333
cobertura alta,2023,7,19,5126,935680,48.455999999999996,2.6,18.296774193548387
cobertura alta,2023,8,24,5593,935680,-3.6803333333333397,1.2,19.995161290322578
cobertura alta,2023,9,18,5932,935680,-7.369666666666667,2.5,23.057333333333332
cobertura alta,2023,10,21,5150,935680,176.92833333333334,7.2,23.517741935483873
cobertura alta,2023,11,24,5424,935680,118.30933333333334,4.8,24.129333333333335
cobertura alta,2023,12,34,5706,935680,-28.875999999999998,2.0,25.35483870967742
cobertura alta,2024,1,49,6017,964019,-10.718999999999998,2.6,25.12677419354839
cobertura alta,2024,2,53,6413,964019,-49.55866666666667,0.7,25.857586206896553
cobertura alta,2024,3,37,6547,964019,-11.608,1.2,25.71290322580645
cobertura alta,2024,4,25,6224,964019,26.470666666666666,2.2,23.826
cobertura alta,2024,5,22,6857,964019,-28.058333333333337,2.2,19.903870967741934
cobertura alta,2024,6,21,6180,964019,-84.76033333333334,0.9,20.575666666666667
cobertura alta,2024,7,27,6464,964019,23.165999999999997,2.5,17.069032258064517
cobertura alta,2024,8,49,7141,964019,-60.77033333333334,0.1,19.116451612903226
cobertura alta,2024,9,65,6781,964019,-25.169666666666668,2.3,23.418666666666667
cobertura alta,2024,10,43,6831,964019,-76.12166666666666,1.4,24.02741935483871
cobertura alta,2024,11,29,6415,964019,-36.930666666666674,1.7,24.633333333333333
cobertura alta,2024,12,25,6053,964019,140.30400000000003,6.4,23.38193548387097
cobertura alta,2025,1,51,7328,973079,-53.089,0.9,25.09774193548387
cobertura alta,2025,2,35,6252,973079,-52.23866666666667,0.7,25.906071428571426
cobertura alta,2025,3,31,6356,973079,-39.998000000000005,0.8,25.05225806451613
cobertura alta,2025,4,36,6740,973079,75.66066666666667,3.9,20.771333333333335
cobertura alta,2025,5,23,6960,973079,-56.38833333333334,1.6,19.380322580645164
cobertura alta,2025,6,22,7154,973079,146.79966666666667,5.4,16.142666666666667
cobertura alta,2025,7,26,7778,973079,-51.624,0.9,15.926774193548388
cobertura alta,2025,8,23,7163,973079,17.569666666666663,1.6,17.550645161290323
cobertura alta,2025,9,29,7405,973079,-51.68966666666667,1.0,21.267
cobertura alta,2025,10,29,7701,973079,6.098333333333338,3.1,21.086774193548386
cobertura alta,2025,11,34,7635,973079,13.919333333333332,2.8,22.433666666666667
cobertura alta,2025,12,35,7299,973079,-4.075999999999999,2.5,24.154516129032256
cobertura alta,2026,1,50,7191,973079,-76.62899999999999,1.1,24.458064516129035
cobertura alta,2026,2,29,6442,973079,-65.74866666666667,1.4,25.71607142857143
cobertura alta,2026,3,47,6808,973079,-37.298,0.3,25.72774193548387
cobertura alta,2026,4,19,3727,973079,23.790666666666674,2.3,22.465333333333334
cobertura alta,2026,5,45,9720,973079,41.95166666666667,3.2,17.420645161290324
cobertura baixa,2008,1,176,1448,233460,-27.570000000000004,1.5,24.238064516129032
cobertura baixa,2008,2,98,1361,233460,6.93133333333334,3.2,24.155172413793103
cobertura baixa,2008,3,278,1993,233460,-64.83366666666666,0.0,23.368709677419353
cobertura baixa,2008,4,158,1728,233460,30.861666666666668,1.9,20.997666666666667
cobertura baixa,2008,5,179,1728,233460,-46.012,1.8,17.52064516129032
cobertura baixa,2008,6,127,1658,233460,1.6896666666666718,2.4,15.508
cobertura baixa,2008,7,159,1704,233460,-31.896000000000004,1.1,18.61225806451613
cobertura baixa,2008,8,151,1670,233460,112.43300000000002,3.7,19.27516129032258
cobertura baixa,2008,9,159,1690,233460,-70.969,1.3,18.359666666666666
cobertura baixa,2008,10,180,1685,233460,35.83066666666666,3.1,22.630967741935486
cobertura baixa,2008,11,137,1425,233460,67.66033333333334,4.8,23.311
cobertura baixa,2008,12,182,1708,233460,-127.69333333333334,0.6,25.552580645161292
cobertura baixa,2009,1,149,1708,234225,-8.709999999999999,1.9,24.00225806451613
cobertura baixa,2009,2,149,1508,234225,-25.358666666666664,1.1,25.2
cobertura baixa,2009,3,148,1675,234225,-72.96366666666667,0.2,25.250967741935487
cobertura baixa,2009,4,146,1695,234225,-107.96833333333333,0.0,23.549333333333333
cobertura baixa,2009,5,133,1479,234225,25.078,3.3,19.44774193548387
cobertura baixa,2009,6,114,1811,234225,-35.62033333333333,1.3,14.953
cobertura baixa,2009,7,85,1669,234225,39.464,1.3,15.453870967741935
cobertura baixa,2009,8,81,1741,234225,-12.406999999999996,1.0,18.248709677419356
cobertura baixa,2009,9,95,1909,234225,65.06099999999999,3.8,19.429333333333336
cobertura baixa,2009,10,94,1773,234225,171.33066666666667,6.9,22.016774193548386
cobertura baixa,2009,11,105,1718,234225,38.21033333333334,2.7,25.743666666666666
cobertura baixa,2009,12,167,1783,234225,14.616666666666656,2.7,24.886129032258065
cobertura baixa,2010,1,153,1673,235896,45.849999999999994,2.0,25.16225806451613
cobertura baixa,2010,2,145,1687,235896,-3.6386666666666656,1.2,25.597857142857144
cobertura baixa,2010,3,155,1726,235896,4.706333333333336,2.0,24.3341935483871
cobertura baixa,2010,4,117,1712,235896,62.841666666666676,4.2,21.444
cobertura baixa,2010,5,98,1804,235896,28.368000000000006,4.0,17.133870967741935
cobertura baixa,2010,6,68,1667,235896,-86.50033333333333,0.6,17.494999999999997
cobertura baixa,2010,7,128,1814,235896,27.983999999999998,2.9,16.969354838709677
cobertura baixa,2010,8,85,1851,235896,-69.027,0.0,18.026451612903227
cobertura baixa,2010,9,93,1791,235896,6.301000000000002,2.2,21.093
cobertura baixa,2010,10,111,1813,235896,16.750666666666667,3.9,20.331612903225807
cobertura baixa,2010,11,109,1792,235896,-52.739666666666665,1.3,21.815
cobertura baixa,2010,12,96,1645,235896,75.51666666666667,4.1,23.924193548387098
cobertura baixa,2011,1,102,1642,237569,-29.3,0.6,25.139032258064518
cobertura baixa,2011,2,98,1629,237569,119.51133333333333,3.7,24.29
cobertura baixa,2011,3,97,1669,237569,-7.803666666666665,1.7,23.744516129032256
cobertura baixa,2011,4,88,1707,237569,-24.50833333333333,0.5,21.75133333333333
cobertura baixa,2011,5,34,1207,237569,-136.722,0.0,18.171612903225807
cobertura baixa,2011,6,31,1330,237569,-12.510333333333328,2.8,16.15566666666667
cobertura baixa,2011,7,46,1387,237569,55.08399999999999,3.4,17.031290322580645
cobertura baixa,2011,8,36,1335,237569,93.943,3.9,17.688709677419354
cobertura baixa,2011,9,41,1238,237569,-26.339,2.4,19.846666666666668
cobertura baixa,2011,10,59,1482,237569,18.60066666666667,4.5,22.238709677419354
cobertura baixa,2011,11,57,1331,237569,8.310333333333336,3.0,22.519
cobertura baixa,2011,12,80,1395,237569,-106.99333333333334,0.6,24.33806451612903
cobertura baixa,2012,1,76,1358,238505,-22.000000000000007,1.7,24.701935483870965
cobertura baixa,2012,2,71,1318,238505,-53.79866666666667,0.8,26.07689655172414
cobertura baixa,2012,3,66,1310,238505,-68.72366666666667,0.7,23.83258064516129
cobertura baixa,2012,4,60,1354,238505,102.36166666666666,4.6,21.500999999999998
cobertura baixa,2012,5,51,1452,238505,-29.151999999999997,2.6,18.478709677419353
cobertura baixa,2012,6,70,1436,238505,69.29966666666668,3.4,17.14
cobertura baixa,2012,7,56,1482,238505,-15.556000000000001,0.9,16.585483870967742
cobertura baixa,2012,8,62,1446,238505,-84.637,0.0,20.881290322580647
cobertura baixa,2012,9,60,1426,238505,-104.049,0.5,22.105333333333334
cobertura baixa,2012,10,72,1490,238505,-53.36933333333333,2.2,24.009999999999998
cobertura baixa,2012,11,63,1384,238505,-71.66966666666667,0.1,24.582
cobertura baixa,2012,12,66,1344,238505,-3.963333333333337,2.0,26.494838709677417
cobertura baixa,2013,1,45,1331,247249,-55.05,2.0,24.936451612903227
cobertura baixa,2013,2,55,1198,247249,84.68133333333333,3.6,24.314642857142857
cobertura baixa,2013,3,50,1356,247249,104.44633333333334,3.9,22.85290322580645
cobertura baixa,2013,4,64,1405,247249,29.521666666666665,3.1,20.74266666666667
cobertura baixa,2013,5,52,1351,247249,14.938000000000006,2.0,18.896451612903228
cobertura baixa,2013,6,33,1294,247249,247.8096666666667,7.3,17.190333333333335
cobertura baixa,2013,7,37,1390,247249,-41.746,1.5,16.136129032258065
cobertura baixa,2013,8,31,1327,247249,-49.687,0.0,16.591290322580644
cobertura baixa,2013,9,36,1442,247249,-3.6089999999999973,2.8,20.028333333333336
cobertura baixa,2013,10,52,1269,247249,-74.73933333333333,1.9,21.680967741935483
cobertura baixa,2013,11,60,1578,247249,-30.64966666666667,2.2,23.674333333333333
cobertura baixa,2013,12,56,1307,247249,-59.503333333333345,1.1,25.408709677419356
cobertura baixa,2014,1,55,1336,248569,49.410000000000004,3.0,25.337096774193547
cobertura baixa,2014,2,69,1461,248569,-67.18866666666666,1.0,25.945714285714285
cobertura baixa,2014,3,55,1352,248569,76.70633333333333,3.0,23.15516129032258
cobertura baixa,2014,4,50,1351,248569,38.92166666666667,3.1,21.750999999999998
cobertura baixa,2014,5,44,1419,248569,-10.082,3.5,18.499354838709678
cobertura baixa,2014,6,35,1530,248569,152.73966666666666,4.5,17.788333333333334
cobertura baixa,2014,7,41,1626,248569,18.363999999999997,3.0,16.94967741935484
cobertura baixa,2014,8,34,1517,248569,-35.367,0.6,19.277419354838706
cobertura baixa,2014,9,55,1522,248569,116.071,5.5,21.98933333333333
cobertura baixa,2014,10,53,1453,248569,-141.72933333333333,0.3,24.759354838709676
cobertura baixa,2014,11,32,1453,248569,-2.0096666666666607,1.4,23.563666666666666
cobertura baixa,2014,12,46,1410,248569,-46.48333333333334,1.1,24.591612903225805
cobertura baixa,2015,1,41,1451,249846,-20.839999999999996,0.6,25.790967741935482
cobertura baixa,2015,2,52,1374,249846,-23.148666666666664,0.9,24.603928571428572
cobertura baixa,2015,3,31,1370,249846,-6.583666666666666,0.9,23.79290322580645
cobertura baixa,2015,4,42,1582,249846,-35.398333333333326,0.5,21.862000000000002
cobertura baixa,2015,5,27,1399,249846,-20.522,3.4,19.068387096774195
cobertura baixa,2015,6,25,1435,249846,-39.08033333333333,2.1,18.507666666666665
cobertura baixa,2015,7,27,1491,249846,305.524,7.8,17.283225806451615
cobertura baixa,2015,8,23,1434,249846,-51.037,0.0,21.57774193548387
cobertura baixa,2015,9,39,1467,249846,71.901,4.7,21.973333333333336
cobertura baixa,2015,10,41,1442,249846,-42.069333333333326,2.2,23.756129032258066
cobertura baixa,2015,11,48,1379,249846,190.78033333333332,6.0,23.44533333333333
cobertura baixa,2015,12,42,1352,249846,138.59666666666664,4.5,24.45483870967742
cobertura baixa,2016,1,40,1299,251096,-3.0,2.0,25.552258064516128
cobertura baixa,2016,2,36,1308,251096,104.94133333333335,4.8,25.205862068965516
cobertura baixa,2016,3,46,1332,251096,13.306333333333333,2.4,22.964193548387097
cobertura baixa,2016,4,38,1457,251096,-66.41833333333332,1.4,24.00133333333333
cobertura baixa,2016,5,43,1522,251096,126.15800000000002,5.3,17.020967741935483
cobertura baixa,2016,6,30,1663,251096,-74.87033333333332,0.8,14.302333333333333
cobertura baixa,2016,7,31,1582,251096,-16.306000000000004,1.6,16.93806451612903
cobertura baixa,2016,8,40,1547,251096,117.99300000000001,3.3,18.427419354838708
cobertura baixa,2016,9,49,1579,251096,-97.729,0.8,18.608333333333334
cobertura baixa,2016,10,57,1586,251096,-47.139333333333326,2.3,22.026129032258062
cobertura baixa,2016,11,59,1542,251096,-61.56966666666667,1.2,23.208666666666666
cobertura baixa,2016,12,30,1482,251096,47.29666666666666,3.6,24.20967741935484
cobertura baixa,2017,1,59,1557,252321,-12.56,1.4,24.971290322580646
cobertura baixa,2017,2,47,1427,252321,-27.848666666666666,1.3,25.26535714285714
cobertura baixa,2017,3,33,1515,252321,-7.1636666666666615,1.4,24.037741935483872
cobertura baixa,2017,4,39,1430,252321,-3.118333333333331,2.5,20.990666666666666
cobertura baixa,2017,5,20,1479,252321,65.36800000000001,4.6,20.241612903225807
cobertura baixa,2017,6,18,1466,252321,6.06966666666667,2.7,17.443
cobertura baixa,2017,7,18,1473,252321,-97.716,0.0,17.763548387096773
cobertura baixa,2017,8,22,1466,252321,11.393000000000004,2.1,20.05
cobertura baixa,2017,9,33,1579,252321,-114.179,0.3,24.535666666666664
cobertura baixa,2017,10,22,1543,252321,141.4306666666667,6.2,22.095806451612905
cobertura baixa,2017,11,33,1634,252321,11.110333333333335,2.9,22.361
cobertura baixa,2017,12,27,1498,252321,70.49666666666664,3.5,24.84032258064516
cobertura baixa,2018,1,23,1460,251157,111.53,3.1,24.185161290322583
cobertura baixa,2018,2,25,1453,251157,-25.678666666666665,1.9,23.908214285714287
cobertura baixa,2018,3,26,1572,251157,108.54633333333331,2.6,24.203870967741935
cobertura baixa,2018,4,25,1549,251157,-103.26833333333332,0.1,23.132666666666665
cobertura baixa,2018,5,14,1550,251157,-77.782,0.9,19.703870967741935
cobertura baixa,2018,6,15,1542,251157,-18.510333333333328,1.7,16.457666666666665
cobertura baixa,2018,7,10,1569,251157,-88.686,0.1,18.322258064516127
cobertura baixa,2018,8,13,1530,251157,-2.907,1.7,16.328064516129032
cobertura baixa,2018,9,16,1527,251157,52.63099999999999,4.0,20.177333333333333
cobertura baixa,2018,10,16,1535,251157,122.18066666666668,6.0,22.035161290322584
cobertura baixa,2018,11,38,1640,251157,-22.679666666666662,2.6,23.953666666666667
cobertura baixa,2018,12,39,1453,251157,-71.20333333333335,0.5,25.34193548387097
cobertura baixa,2019,1,59,1538,252358,-51.42999999999999,0.5,26.688709677419354
cobertura baixa,2019,2,53,1541,252358,13.66133333333334,2.5,24.87107142857143
cobertura baixa,2019,3,62,1667,252358,28.87633333333333,2.1,23.66258064516129
cobertura baixa,2019,4,44,1628,252358,27.761666666666667,2.1,22.262999999999998
cobertura baixa,2019,5,24,1668,252358,163.368,4.7,20.22032258064516
cobertura baixa,2019,6,46,1692,252358,-105.37033333333333,0.0,19.59766666666667
cobertura baixa,2019,7,9,1477,252358,-68.476,0.6,16.898387096774194
cobertura baixa,2019,8,14,1497,252358,-72.027,0.0,19.618387096774192
cobertura baixa,2019,9,25,1464,252358,-92.96900000000001,0.5,22.842333333333332
cobertura baixa,2019,10,51,1607,252358,-125.26933333333334,0.4,25.692258064516132
cobertura baixa,2019,11,26,1546,252358,-40.919666666666664,1.1,25.525
cobertura baixa,2019,12,35,1550,252358,111.03666666666666,4.8,24.09548387096774
cobertura baixa,2020,1,42,1630,253541,-8.749999999999998,1.4,24.993548387096773
cobertura baixa,2020,2,41,1732,253541,-22.30866666666666,2.7,25.09758620689655
cobertura baixa,2020,3,33,1794,253541,-86.47366666666667,0.2,25.048387096774192
cobertura baixa,2020,4,22,1367,253541,-66.95833333333333,1.1,20.956
cobertura baixa,2020,5,14,1389,253541,-36.682,1.8,17.6141935483871
cobertura baixa,2020,6,10,1235,253541,5.359666666666669,2.6,19.005000000000003
cobertura baixa,2020,7,14,1381,253541,-64.096,0.4,17.646129032258067
cobertura baixa,2020,8,13,1425,253541,85.963,3.0,19.263548387096773
cobertura baixa,2020,9,16,1509,253541,-130.619,0.0,24.244
cobertura baixa,2020,10,21,1640,253541,-134.62933333333334,0.4,25.44451612903226
cobertura baixa,2020,11,11,1471,253541,-79.17966666666666,0.9,24.912666666666667
cobertura baixa,2020,12,13,1331,253541,60.06666666666665,5.0,24.869999999999997
cobertura baixa,2021,1,9,1338,254680,245.97999999999996,7.3,24.353870967741933
cobertura baixa,2021,2,9,1368,254680,-106.56866666666667,0.1,23.91821428571429
cobertura baixa,2021,3,17,1383,254680,-0.3436666666666639,1.2,24.406129032258065
cobertura baixa,2021,4,18,1414,254680,-104.49833333333333,0.0,21.825
cobertura baixa,2021,5,13,1463,254680,-107.43199999999999,0.4,18.79774193548387
cobertura baixa,2021,6,6,1469,254680,17.279666666666675,2.7,16.591
cobertura baixa,2021,7,13,1642,254680,-74.536,0.1,15.42290322580645
cobertura baixa,2021,8,10,1503,254680,-46.727,0.5,20.490322580645163
cobertura baixa,2021,9,11,1516,254680,-64.569,2.0,23.940666666666665
cobertura baixa,2021,10,13,1596,254680,153.1906666666667,6.0,21.851290322580645
cobertura baixa,2021,11,19,1569,254680,-80.04966666666667,0.7,24.750666666666667
cobertura baixa,2021,12,32,1671,254680,-160.32333333333332,0.1,27.33838709677419
cobertura baixa,2022,1,29,1788,263924,-24.080000000000005,1.9,26.741935483870968
cobertura baixa,2022,2,9,1666,263924,-43.85866666666666,2.3,26.347500000000004
cobertura baixa,2022,3,24,1753,263924,134.86633333333333,5.1,23.983870967741936
cobertura baixa,2022,4,20,1851,263924,16.81166666666667,1.9,21.749333333333333
cobertura baixa,2022,5,20,1906,263924,-0.021999999999998465,2.8,16.984193548387097
cobertura baixa,2022,6,19,1847,263924,0.2896666666666718,3.3,16.455333333333336
cobertura baixa,2022,7,15,1965,263924,-49.75600000000001,0.7,19.806451612903224
cobertura baixa,2022,8,12,1895,263924,87.65299999999999,3.6,17.893225806451614
cobertura baixa,2022,9,13,1895,263924,105.131,5.1,18.337
cobertura baixa,2022,10,15,1906,263924,166.31066666666666,6.3,20.85225806451613
cobertura baixa,2022,11,17,1784,263924,-99.34966666666666,0.4,21.92366666666667
cobertura baixa,2022,12,16,2000,263924,-53.07333333333334,1.4,24.72967741935484
cobertura baixa,2023,1,8,1836,273169,24.12,2.3,24.544838709677418
cobertura baixa,2023,2,20,1850,273169,85.39133333333334,4.7,23.185714285714287
cobertura baixa,2023,3,21,1874,273169,15.356333333333334,1.3,24.28258064516129
cobertura baixa,2023,4,16,2142,273169,2.4216666666666713,2.2,21.099333333333334
cobertura baixa,2023,5,15,2086,273169,-84.832,0.8,19.43935483870968
cobertura baixa,2023,6,14,1955,273169,-29.760333333333328,2.1,17.386
cobertura baixa,2023,7,18,2236,273169,16.954,2.3,18.583870967741937
cobertura baixa,2023,8,15,2199,273169,3.9930000000000048,1.6,20.250645161290322
cobertura baixa,2023,9,19,2150,273169,-2.568999999999998,2.6,23.374333333333333
cobertura baixa,2023,10,16,2099,273169,198.24066666666667,7.4,23.808709677419355
cobertura baixa,2023,11,23,2274,273169,149.75033333333334,5.9,24.434333333333335
cobertura baixa,2023,12,31,2226,273169,-7.343333333333339,2.3,25.662903225806453
cobertura baixa,2024,1,19,2221,282413,-6.1899999999999995,2.3,25.48677419354839
cobertura baixa,2024,2,26,2376,282413,-21.958666666666666,0.7,26.30689655172414
cobertura baixa,2024,3,18,2511,282413,-11.893666666666665,1.0,26.07193548387097
cobertura baixa,2024,4,22,2454,282413,10.931666666666676,1.8,24.174
cobertura baixa,2024,5,21,2512,282413,-33.541999999999994,1.9,20.11483870967742
cobertura baixa,2024,6,12,2353,282413,-82.52033333333333,0.9,20.894666666666666
cobertura baixa,2024,7,17,2251,282413,29.934000000000005,2.8,17.232580645161292
cobertura baixa,2024,8,20,2458,282413,-62.206999999999994,0.1,19.38967741935484
cobertura baixa,2024,9,27,2282,282413,-38.958999999999996,2.2,23.715333333333334
cobertura baixa,2024,10,33,2466,282413,-51.92933333333333,2.3,24.373548387096776
cobertura baixa,2024,11,24,2404,282413,-32.06966666666666,1.7,25.134
cobertura baixa,2024,12,23,2248,282413,133.53666666666666,5.4,23.743870967741934
cobertura baixa,2025,1,23,2402,284716,-44.89,1.1,25.539677419354838
cobertura baixa,2025,2,23,2189,284716,-50.26866666666666,0.7,26.493214285714288
cobertura baixa,2025,3,26,2319,284716,-28.003666666666664,0.8,25.38516129032258
cobertura baixa,2025,4,17,2337,284716,70.32166666666667,3.7,21.039
cobertura baixa,2025,5,31,2774,284716,-51.282,1.7,19.760322580645163
cobertura baixa,2025,6,25,2753,284716,142.03966666666668,4.8,16.436333333333334
cobertura baixa,2025,7,14,2577,284716,-51.536,1.0,16.24741935483871
cobertura baixa,2025,8,15,2528,284716,18.463000000000005,2.0,17.92225806451613
cobertura baixa,2025,9,16,2476,284716,-39.07899999999999,1.7,21.557666666666666
cobertura baixa,2025,10,23,2608,284716,38.56066666666668,3.6,21.41709677419355
cobertura baixa,2025,11,25,2758,284716,26.530333333333335,3.1,22.740333333333332
cobertura baixa,2025,12,28,2575,284716,26.056666666666665,3.0,24.39516129032258
cobertura baixa,2026,1,33,2653,284716,-52.4,1.5,24.771290322580647
cobertura baixa,2026,2,31,2476,284716,-52.18866666666666,1.1,26.128571428571426
cobertura baixa,2026,3,23,2748,284716,-28.923666666666662,0.5,26.12903225806452
cobertura baixa,2026,4,19,1736,284716,41.25166666666667,3.0,22.770333333333333
cobertura baixa,2026,5,33,3466,284716,28.127999999999997,2.4,17.641290322580645
sem rede,2008,1,42,494,77746,-22.245555555555555,1.6,23.970967741935485
sem rede,2008,2,39,573,77746,10.044,2.8,23.928045977011497
sem rede,2008,3,50,543,77746,-64.24444444444445,0.06666666666666667,23.176129032258064
sem rede,2008,4,37,561,77746,33.703555555555546,1.9333333333333333,20.827333333333335
sem rede,2008,5,20,520,77746,-44.720666666666666,1.9333333333333333,17.358494623655915
sem rede,2008,6,39,524,77746,3.118444444444447,2.4,15.348888888888888
sem rede,2008,7,31,534,77746,-23.655111111111115,1.2666666666666666,18.43182795698925
sem rede,2008,8,36,525,77746,108.57977777777778,3.6,19.08838709677419
sem rede,2008,9,23,506,77746,-66.7011111111111,1.7333333333333334,18.159555555555553
sem rede,2008,10,41,504,77746,48.03866666666667,3.6666666666666665,22.41763440860215
sem rede,2008,11,43,530,77746,71.5,4.866666666666666,23.032666666666668
sem rede,2008,12,35,502,77746,-128.784,0.7333333333333333,25.220430107526884
sem rede,2009,1,28,564,77696,-7.118888888888889,2.0,23.72193548387097
sem rede,2009,2,43,544,77696,-22.022666666666666,1.4,24.931190476190476
sem rede,2009,3,50,573,77696,-72.13111111111111,0.0,25.035483870967745
sem rede,2009,4,57,555,77696,-105.3231111111111,0.0,23.386444444444447
sem rede,2009,5,22,569,77696,23.07933333333333,2.933333333333333,19.260645161290324
sem rede,2009,6,30,581,77696,-35.47488888888889,1.3333333333333333,14.775555555555554
sem rede,2009,7,25,568,77696,34.42488888888889,1.2,15.342150537634408
sem rede,2009,8,15,561,77696,-10.786888888888887,0.6666666666666666,18.060215053763443
sem rede,2009,9,24,727,77696,72.14555555555556,4.2,19.257333333333335
sem rede,2009,10,29,599,77696,168.93866666666665,6.066666666666666,21.791397849462367
sem rede,2009,11,28,629,77696,47.36000000000001,2.533333333333333,25.45688888888889
sem rede,2009,12,40,622,77696,12.062666666666669,2.933333333333333,24.59698924731183
sem rede,2010,1,44,615,77250,28.547777777777775,1.8666666666666667,24.851612903225806
sem rede,2010,2,34,640,77250,-4.909333333333331,1.0,25.299761904761905
sem rede,2010,3,32,629,77250,-4.857777777777779,1.5333333333333334,24.078494623655914
sem rede,2010,4,44,619,77250,56.336888888888886,3.533333333333333,21.27111111111111
sem rede,2010,5,22,615,77250,25.079333333333338,3.7333333333333334,16.946236559139784
sem rede,2010,6,26,672,77250,-89.08822222222221,0.8666666666666667,17.312
sem rede,2010,7,42,615,77250,22.41155555555555,2.7333333333333334,16.845591397849464
sem rede,2010,8,43,710,77250,-68.9268888888889,0.0,17.86193548387097
sem rede,2010,9,40,646,77250,2.7255555555555504,2.2,20.919333333333334
sem rede,2010,10,25,637,77250,20.34533333333333,3.933333333333333,20.11204301075269
sem rede,2010,11,47,660,77250,-54.60666666666667,1.2666666666666666,21.583111111111112
sem rede,2010,12,49,627,77250,71.26266666666668,4.0,23.658279569892475
sem rede,2011,1,50,638,76809,-28.47888888888889,0.4666666666666667,24.84903225806452
sem rede,2011,2,44,573,76809,112.784,3.7333333333333334,24.04261904761905
sem rede,2011,3,45,645,76809,-5.064444444444448,1.8666666666666667,23.470752688172045
sem rede,2011,4,66,653,76809,-26.076444444444444,0.26666666666666666,21.508444444444443
sem rede,2011,5,30,555,76809,-133.10066666666665,0.0,17.970752688172045
sem rede,2011,6,27,551,76809,-14.561555555555552,2.3333333333333335,15.954
sem rede,2011,7,18,531,76809,51.824888888888886,3.6,16.898279569892473
sem rede,2011,8,18,554,76809,98.08644444444444,4.0,17.491827956989248
sem rede,2011,9,14,536,76809,-26.761111111111116,2.6666666666666665,19.63111111111111
sem rede,2011,10,15,533,76809,17.511999999999993,4.133333333333334,21.991397849462366
sem rede,2011,11,26,564,76809,7.126666666666665,3.0,22.24711111111111
sem rede,2011,12,39,588,76809,-105.16399999999999,0.6666666666666666,24.026666666666664
sem rede,2012,1,35,601,76757,-18.99222222222222,1.8,24.308817204301075
sem rede,2012,2,24,553,76757,-57.38933333333333,0.9333333333333333,25.76206896551724
sem rede,2012,3,30,577,76757,-65.73777777777778,0.7333333333333333,23.621075268817204
sem rede,2012,4,37,602,76757,101.29022222222221,4.6,21.358888888888888
sem rede,2012,5,28,513,76757,-29.800666666666668,2.6666666666666665,18.27311827956989
sem rede,2012,6,31,607,76757,68.39844444444445,2.933333333333333,16.94688888888889
sem rede,2012,7,21,552,76757,-19.721777777777778,0.5333333333333333,16.4247311827957
sem rede,2012,8,18,527,76757,-84.12688888888889,0.0,20.677634408602152
sem rede,2012,9,29,630,76757,-96.84777777777778,0.5333333333333333,21.92111111111111
sem rede,2012,10,45,612,76757,-59.688,2.2666666666666666,23.829892473118278
sem rede,2012,11,24,604,76757,-71.34666666666666,0.06666666666666667,24.324666666666666
sem rede,2012,12,33,576,76757,-7.163999999999989,2.2,26.2247311827957
sem rede,2013,1,34,510,79088,-49.14555555555556,2.0,24.62537634408602
sem rede,2013,2,30,521,79088,85.79066666666667,3.7333333333333334,24.045
sem rede,2013,3,31,523,79088,105.32222222222222,4.0,22.62494623655914
sem rede,2013,4,26,583,79088,20.856888888888882,2.8666666666666667,20.51488888888889
sem rede,2013,5,27,594,79088,16.432666666666666,2.4,18.703010752688172
sem rede,2013,6,29,586,79088,246.11177777777777,7.333333333333333,17.02
sem rede,2013,7,10,536,79088,-36.781777777777776,1.7333333333333334,15.929677419354839
sem rede,2013,8,14,589,79088,-51.546888888888894,0.0,16.47204301075269
sem rede,2013,9,27,598,79088,0.7322222222222194,2.6666666666666665,19.877777777777776
sem rede,2013,10,10,574,79088,-75.94800000000001,1.8,21.481290322580644
sem rede,2013,11,22,534,79088,-28.186666666666664,2.2,23.42088888888889
sem rede,2013,12,33,542,79088,-53.943999999999996,1.3333333333333333,25.10451612903226
sem rede,2014,1,33,575,79133,54.94111111111111,3.0,25.04989247311828
sem rede,2014,2,27,609,79133,-65.60266666666666,1.2,25.64547619047619
sem rede,2014,3,36,573,79133,77.33555555555556,2.8666666666666667,22.921290322580646
sem rede,2014,4,23,555,79133,35.490222222222215,2.466666666666667,21.541333333333334
sem rede,2014,5,24,575,79133,-4.394000000000004,3.533333333333333,18.287741935483872
sem rede,2014,6,27,600,79133,151.84511111111112,4.133333333333334,17.579555555555554
sem rede,2014,7,16,601,79133,26.758222222222226,2.933333333333333,16.758924731182795
sem rede,2014,8,20,606,79133,-34.193555555555555,0.4666666666666667,19.108817204301076
sem rede,2014,9,16,644,79133,109.49888888888889,4.933333333333334,21.752666666666666
sem rede,2014,10,32,574,79133,-136.08800000000002,0.5333333333333333,24.454193548387096
sem rede,2014,11,27,557,79133,-7.833333333333331,1.0666666666666667,23.319333333333336
sem rede,2014,12,25,520,79133,-39.197333333333326,1.4,24.326021505376342
sem rede,2015,1,28,505,79174,-23.99222222222222,1.0,25.56408602150538
sem rede,2015,2,42,521,79174,-24.096000000000004,0.6666666666666666,24.32404761904762
sem rede,2015,3,23,538,79174,-8.624444444444448,0.8,23.54215053763441
sem rede,2015,4,26,520,79174,-36.309777777777775,0.3333333333333333,21.683333333333334
sem rede,2015,5,28,534,79174,-19.994000000000003,3.3333333333333335,18.857634408602152
sem rede,2015,6,30,520,79174,-35.861555555555555,2.4,18.304
sem rede,2015,7,20,554,79174,299.23155555555553,7.0,17.114408602150537
sem rede,2015,8,13,546,79174,-53.940222222222225,0.0,21.332043010752688
sem rede,2015,9,24,567,79174,67.46555555555555,4.8,21.8
sem rede,2015,10,25,539,79174,-40.33466666666667,1.9333333333333333,23.53182795698925
sem rede,2015,11,21,549,79174,201.76000000000002,6.733333333333333,23.214666666666666
sem rede,2015,12,16,513,79174,135.816,4.733333333333333,24.197204301075267
sem rede,2016,1,21,527,79216,-1.1455555555555559,2.1333333333333333,25.267096774193547
sem rede,2016,2,24,528,79216,90.77733333333335,4.866666666666666,24.911724137931035
sem rede,2016,3,24,516,79216,6.675555555555551,2.466666666666667,22.713763440860212
sem rede,2016,4,10,569,79216,-64.73644444444444,1.1333333333333333,23.759333333333334
sem rede,2016,5,10,555,79216,135.126,5.8,16.817204301075268
sem rede,2016,6,15,607,79216,-75.57488888888889,1.0,14.147333333333334
sem rede,2016,7,13,623,79216,-15.415111111111113,1.4666666666666666,16.76516129032258
sem rede,2016,8,18,613,79216,121.46644444444445,3.3333333333333335,18.220860215053765
sem rede,2016,9,24,624,79216,-95.82111111111111,0.8,18.412
sem rede,2016,10,24,617,79216,-50.25466666666667,2.466666666666667,21.785591397849462
sem rede,2016,11,18,517,79216,-59.379999999999995,1.4,22.982000000000003
sem rede,2016,12,21,529,79216,58.76266666666667,4.266666666666667,23.904731182795697
sem rede,2017,1,24,535,79256,-24.43222222222222,0.8666666666666667,24.765806451612903
sem rede,2017,2,23,547,79256,-34.035999999999994,1.2,25.112380952380953
sem rede,2017,3,20,579,79256,-1.0644444444444483,1.8,23.90064516129032
sem rede,2017,4,14,560,79256,3.610222222222222,2.466666666666667,20.876666666666665
sem rede,2017,5,36,621,79256,61.745999999999995,3.7333333333333334,20.128602150537635
sem rede,2017,6,23,613,79256,20.265111111111114,2.7333333333333334,17.307333333333336
sem rede,2017,7,5,564,79256,-96.04844444444444,0.0,17.615268817204303
sem rede,2017,8,12,603,79256,11.406444444444446,2.2,19.94516129032258
sem rede,2017,9,17,587,79256,-120.52777777777779,0.13333333333333333,24.523111111111113
sem rede,2017,10,10,636,79256,145.26533333333333,6.2,21.9694623655914
sem rede,2017,11,14,637,79256,0.38666666666667027,2.466666666666667,22.208222222222222
sem rede,2017,12,16,601,79256,86.776,4.133333333333334,24.66258064516129
sem rede,2018,1,23,630,77697,89.31444444444445,3.1333333333333333,23.990967741935485
sem rede,2018,2,23,599,77697,-33.476,1.4,23.741904761904763
sem rede,2018,3,27,583,77697,98.15555555555555,2.6,24.06301075268817
sem rede,2018,4,23,614,77697,-105.08977777777778,0.0,22.98911111111111
sem rede,2018,5,15,597,77697,-78.74733333333333,0.6666666666666666,19.589032258064513
sem rede,2018,6,15,657,77697,-22.628222222222227,1.2666666666666666,16.39688888888889
sem rede,2018,7,12,636,77697,-83.42844444444445,0.13333333333333333,18.18967741935484
sem rede,2018,8,14,657,77697,-10.120222222222223,1.7333333333333334,16.2352688172043
sem rede,2018,9,16,678,77697,57.83222222222222,4.4,20.034888888888887
sem rede,2018,10,11,629,77697,89.99199999999999,5.666666666666667,21.93505376344086
sem rede,2018,11,20,672,77697,-19.82,2.533333333333333,23.763777777777776
sem rede,2018,12,10,522,77697,-81.89733333333332,0.26666666666666666,25.148602150537634
sem rede,2019,1,20,610,77613,-53.10555555555556,0.5333333333333333,26.480645161290322
sem rede,2019,2,16,620,77613,-0.7426666666666658,2.466666666666667,24.75785714285714
sem rede,2019,3,18,615,77613,19.40222222222222,1.8,23.545591397849464
sem rede,2019,4,32,604,77613,20.09688888888889,2.2,22.165555555555557
sem rede,2019,5,15,608,77613,167.686,5.133333333333334,20.078064516129032
sem rede,2019,6,18,617,77613,-101.54155555555556,0.0,19.418888888888887
sem rede,2019,7,7,609,77613,-68.16844444444445,0.7333333333333333,16.85311827956989
sem rede,2019,8,14,588,77613,-69.00022222222222,0.06666666666666667,19.654623655913976
sem rede,2019,9,11,619,77613,-88.36777777777777,0.4666666666666667,22.71022222222222
sem rede,2019,10,15,604,77613,-122.368,0.2,25.601505376344086
sem rede,2019,11,23,621,77613,-50.78666666666666,1.0666666666666667,25.376666666666665
sem rede,2019,12,22,589,77613,119.34266666666666,5.133333333333334,23.921935483870968
sem rede,2020,1,19,593,77529,-3.025555555555557,1.4666666666666666,24.79290322580645
sem rede,2020,2,23,630,77529,-31.829333333333338,2.533333333333333,24.945287356321842
sem rede,2020,3,13,580,77529,-95.03777777777778,0.0,25.06236559139785
sem rede,2020,4,13,429,77529,-63.48977777777778,1.2,20.974444444444444
sem rede,2020,5,9,435,77529,-37.154,2.0,17.59956989247312
sem rede,2020,6,8,473,77529,4.365111111111109,2.066666666666667,18.866444444444443
sem rede,2020,7,6,484,77529,-66.82177777777778,0.0,17.533333333333335
sem rede,2020,8,8,509,77529,87.68644444444445,2.933333333333333,19.223655913978497
sem rede,2020,9,6,466,77529,-124.58777777777777,0.0,24.204
sem rede,2020,10,9,517,77529,-131.57466666666667,0.3333333333333333,25.456559139784947
sem rede,2020,11,9,508,77529,-77.40666666666667,0.9333333333333333,24.774
sem rede,2020,12,13,499,77529,58.716,4.666666666666667,24.756344086021507
sem rede,2021,1,16,487,77481,252.96111111111114,7.266666666666667,24.172043010752688
sem rede,2021,2,14,513,77481,-107.14266666666667,0.0,23.76761904761905
sem rede,2021,3,12,495,77481,-2.7977777777777817,1.6666666666666667,24.281075268817208
sem rede,2021,4,5,500,77481,-106.80977777777778,0.0,21.793555555555557
sem rede,2021,5,11,597,77481,-103.88066666666667,0.2,18.78086021505376
sem rede,2021,6,12,621,77481,14.318444444444443,2.466666666666667,16.516222222222222
sem rede,2021,7,8,665,77481,-73.79511111111111,0.0,15.473333333333333
sem rede,2021,8,8,661,77481,-45.11355555555556,0.4666666666666667,20.50752688172043
sem rede,2021,9,24,617,77481,-64.94111111111111,1.5333333333333334,24.067555555555554
sem rede,2021,10,24,663,77481,141.62533333333334,6.6,21.764301075268815
sem rede,2021,11,21,633,77481,-75.27333333333333,0.6666666666666666,24.737555555555556
sem rede,2021,12,22,665,77481,-161.55733333333333,0.0,27.336774193548386
sem rede,2022,1,18,604,79188,-27.545555555555556,1.6,26.53139784946237
sem rede,2022,2,21,630,79188,-47.275999999999996,2.3333333333333335,26.24809523809524
sem rede,2022,3,12,610,79188,113.77555555555556,4.066666666666666,23.858279569892474
sem rede,2022,4,17,693,79188,14.210222222222223,1.8,21.611333333333334
sem rede,2022,5,13,630,79188,-11.033999999999999,2.6,16.883225806451613
sem rede,2022,6,14,563,79188,14.391777777777778,3.466666666666667,16.368666666666666
sem rede,2022,7,13,657,79188,-50.00844444444444,0.8,19.578064516129032
sem rede,2022,8,14,691,79188,71.25977777777778,3.2,17.79268817204301
sem rede,2022,9,16,679,79188,138.57888888888888,5.6,18.23688888888889
sem rede,2022,10,12,740,79188,173.09199999999998,6.133333333333334,20.747311827956988
sem rede,2022,11,18,652,79188,-98.31333333333333,0.5333333333333333,21.729555555555557
sem rede,2022,12,9,667,79188,-47.724,1.6666666666666667,24.539354838709677
sem rede,2023,1,13,672,80894,9.981111111111113,2.2666666666666666,24.40688172043011
sem rede,2023,2,11,649,80894,101.404,5.0,23.036190476190477
sem rede,2023,3,19,741,80894,4.388888888888888,1.0,24.124301075268818
sem rede,2023,4,19,789,80894,-4.256444444444445,1.6,20.990666666666666
sem rede,2023,5,31,837,80894,-85.50066666666666,0.4666666666666667,19.36967741935484
sem rede,2023,6,18,775,80894,-25.961555555555552,2.0,17.245555555555555
sem rede,2023,7,12,779,80894,45.39822222222222,2.466666666666667,18.428172043010754
sem rede,2023,8,9,879,80894,7.253111111111109,1.7333333333333334,20.095483870967744
sem rede,2023,9,15,885,80894,-16.061111111111117,2.6666666666666665,23.180444444444444
sem rede,2023,10,8,828,80894,196.612,7.133333333333334,23.673978494623658
sem rede,2023,11,14,876,80894,131.29333333333335,4.6,24.23288888888889
sem rede,2023,12,14,769,80894,-7.183999999999994,2.6666666666666665,25.4941935483871
sem rede,2024,1,11,885,82601,-13.665555555555553,2.3333333333333335,25.301290322580645
sem rede,2024,2,26,825,82601,-35.076,1.0,26.105977011494254
sem rede,2024,3,9,872,82601,-17.571111111111115,1.1333333333333333,25.954623655913977
sem rede,2024,4,14,927,82601,8.283555555555553,1.6,24.02266666666667
sem rede,2024,5,9,1006,82601,-34.907333333333334,1.6666666666666667,20.060215053763443
sem rede,2024,6,16,985,82601,-84.7748888888889,0.7333333333333333,20.819111111111113
sem rede,2024,7,12,1029,82601,28.711555555555556,2.4,17.22215053763441
sem rede,2024,8,22,1048,82601,-56.13355555555555,0.3333333333333333,19.290322580645164
sem rede,2024,9,30,993,82601,-40.12777777777778,2.1333333333333333,23.64333333333333
sem rede,2024,10,21,975,82601,-49.34133333333334,1.8,24.30215053763441
sem rede,2024,11,8,852,82601,-34.06666666666666,1.4666666666666666,25.026444444444444
sem rede,2024,12,8,877,82601,152.64266666666666,6.333333333333333,23.57741935483871
sem rede,2025,1,13,963,82813,-40.64555555555556,1.0666666666666667,25.2847311827957
sem rede,2025,2,8,867,82813,-41.08266666666666,0.6666666666666666,26.152619047619048
sem rede,2025,3,15,953,82813,-18.591111111111115,0.7333333333333333,25.252043010752686
sem rede,2025,4,8,838,82813,56.45022222222222,3.2,20.96333333333333
sem rede,2025,5,8,1076,82813,-43.147333333333336,1.7333333333333334,19.641720430107526
sem rede,2025,6,8,1087,82813,151.21844444444443,5.066666666666666,16.37088888888889
sem rede,2025,7,13,1084,82813,-51.58844444444444,0.9333333333333333,16.192473118279572
sem rede,2025,8,8,1003,82813,29.133111111111113,2.066666666666667,17.782150537634404
sem rede,2025,9,21,1035,82813,-53.72111111111111,0.8,21.42688888888889
sem rede,2025,10,9,977,82813,17.99866666666667,2.8,21.223655913978497
sem rede,2025,11,10,1034,82813,12.133333333333333,2.466666666666667,22.578
sem rede,2025,12,16,1028,82813,10.236000000000008,3.0,24.278709677419354
sem rede,2026,1,14,921,82813,-52.31222222222222,1.8,24.482795698924733
sem rede,2026,2,8,853,82813,-59.18266666666667,1.0666666666666667,25.959285714285716
sem rede,2026,3,14,945,82813,-33.80444444444444,0.4,25.96817204301075
sem rede,2026,4,5,346,82813,61.50355555555555,2.6666666666666665,22.645555555555557
sem rede,2026,5,8,1527,82813,34.366,3.0,17.591397849462364
