ano,mes,dias_20mm,dias_50mm,max_diario_mm,temp_media
2007,1,2.171,0.457,43.931,24.598
2007,2,3.971,0.114,39.043,24.45
2007,3,0.971,0.0,21.857,24.731
2007,4,2.143,0.257,40.98,22.705
2007,5,1.943,0.0,30.737,17.234
2007,6,0.0,0.0,7.2,17.449
2007,7,1.686,0.029,34.294,15.043
2007,8,0.086,0.0,14.363,18.144
2007,9,0.0,0.0,8.657,23.467
2007,10,2.171,0.2,39.823,23.965
2007,11,3.2,0.057,39.414,22.526
2007,12,2.0,0.0,31.166,24.778
2008,1,1.571,0.114,34.031,24.016
2008,2,3.114,0.143,44.166,23.974
2008,3,0.229,0.0,16.646,23.202
2008,4,2.057,0.286,45.134,20.852
2008,5,1.886,0.429,47.209,17.405
2008,6,2.4,0.0,31.671,15.389
2008,7,1.229,0.0,27.346,18.48
2008,8,3.571,0.057,38.183,19.147
2008,9,1.514,0.0,32.84,18.23
2008,10,3.229,1.029,65.509,22.49
2008,11,4.829,0.543,54.597,23.109
2008,12,0.714,0.0,20.914,25.307
2009,1,1.886,0.0,26.746,23.786
2009,2,1.457,0.0,24.177,25.001
2009,3,0.143,0.0,14.231,25.072
2009,4,0.0,0.0,6.986,23.391
2009,5,3.0,0.514,48.466,19.303
2009,6,1.343,0.0,23.691,14.826
2009,7,1.257,0.2,37.18,15.37
2009,8,0.886,0.0,22.617,18.121
2009,9,4.2,0.171,45.129,19.315
2009,10,6.543,2.143,68.229,21.858
2009,11,2.829,0.143,39.209,25.538
2009,12,3.0,0.057,32.314,24.678
2010,1,1.857,0.714,56.76,24.934
2010,2,1.143,0.057,25.214,25.373
2010,3,1.886,0.086,36.9,24.148
2010,4,3.886,0.914,53.811,21.308
2010,5,3.914,0.171,44.723,17.003
2010,6,0.886,0.0,24.771,17.366
2010,7,2.8,0.0,29.609,16.869
2010,8,0.0,0.0,9.857,17.906
2010,9,2.2,0.857,51.037,20.959
2010,10,3.886,0.571,51.237,20.189
2010,11,1.4,0.0,25.566,21.663
2010,12,4.143,0.029,37.637,23.726
2011,1,0.686,0.0,20.126,24.93
2011,2,3.886,0.2,40.371,24.094
2011,3,1.914,0.0,33.111,23.538
2011,4,0.286,0.0,16.686,21.58
2011,5,0.0,0.0,7.283,18.031
2011,6,2.486,0.0,40.023,16.004
2011,7,3.514,0.0,39.391,16.932
2011,8,4.057,0.971,58.854,17.548
2011,9,2.543,0.543,41.297,19.713
2011,10,4.286,0.629,54.889,22.069
2011,11,3.0,0.771,56.606,22.329
2011,12,0.657,0.0,22.571,24.118
2012,1,1.829,0.971,62.443,24.426
2012,2,0.971,0.0,22.6,25.833
2012,3,0.743,0.0,21.706,23.663
2012,4,4.543,0.886,66.323,21.383
2012,5,2.686,0.0,37.74,18.336
2012,6,3.257,1.286,61.923,17.007
2012,7,0.743,0.0,18.574,16.469
2012,8,0.0,0.0,4.437,20.745
2012,9,0.514,0.0,22.531,21.98
2012,10,2.171,0.371,47.031,23.868
2012,11,0.143,0.0,15.409,24.377
2012,12,2.086,0.0,25.886,26.274
2013,1,2.029,0.143,45.034,24.699
2013,2,3.829,0.057,38.209,24.113
2013,3,3.743,0.257,47.28,22.683
2013,4,3.171,0.171,44.311,20.592
2013,5,2.314,0.371,40.409,18.758
2013,6,7.4,2.086,58.48,17.078
2013,7,1.571,0.0,25.151,15.993
2013,8,0.0,0.0,12.054,16.503
2013,9,2.829,0.143,42.206,19.913
2013,10,1.829,0.143,35.991,21.541
2013,11,2.343,0.0,31.463,23.488
2013,12,1.343,0.0,21.023,25.181
2014,1,3.086,0.0,33.111,25.131
2014,2,1.114,0.0,25.114,25.732
2014,3,2.943,0.257,45.209,22.985
2014,4,2.714,0.857,55.797,21.603
2014,5,3.6,0.0,40.046,18.351
2014,6,4.343,2.114,87.523,17.649
2014,7,3.086,0.143,37.4,16.81
2014,8,0.543,0.0,20.023,19.162
2014,9,5.286,0.6,50.691,21.822
2014,10,0.371,0.0,19.077,24.563
2014,11,1.286,0.0,24.477,23.387
2014,12,1.2,0.057,33.454,24.39
2015,1,0.943,0.0,21.406,25.616
2015,2,0.771,0.057,26.169,24.393
2015,3,1.057,0.0,21.4,23.597
2015,4,0.343,0.0,18.003,21.732
2015,5,3.286,0.114,38.283,18.907
2015,6,2.286,0.0,28.694,18.356
2015,7,7.171,2.514,77.534,17.163
2015,8,0.0,0.0,12.283,21.404
2015,9,4.686,1.057,62.806,21.851
2015,10,1.971,0.343,46.143,23.597
2015,11,6.571,1.0,55.394,23.273
2015,12,4.771,0.057,40.991,24.264
2016,1,2.286,0.0,28.326,25.353
2016,2,4.914,0.0,31.837,24.991
2016,3,2.514,0.086,35.729,22.79
2016,4,1.257,0.0,28.931,23.83
2016,5,5.657,1.086,57.089,16.885
2016,6,0.914,0.029,27.751,14.201
2016,7,1.486,0.0,29.66,16.822
2016,8,3.543,0.771,64.831,18.288
2016,9,0.771,0.0,23.143,18.49
2016,10,2.371,0.314,45.011,21.848
2016,11,1.343,0.0,26.674,23.05
2016,12,3.8,0.0,34.331,24.002
2017,1,1.029,0.0,26.591,24.776
2017,2,1.171,0.0,27.617,25.109
2017,3,1.514,0.0,23.637,23.887
2017,4,2.457,0.0,28.803,20.857
2017,5,4.0,0.514,48.917,20.122
2017,6,2.6,0.657,50.214,17.301
2017,7,0.0,0.0,7.714,17.585
2017,8,2.086,0.0,30.546,19.922
2017,9,0.2,0.029,14.986,24.443
2017,10,6.086,0.829,84.286,21.96
2017,11,2.657,0.114,36.397,22.231
2017,12,3.886,1.114,72.926,24.649
2018,1,3.429,0.171,36.237,23.997
2018,2,1.6,0.0,26.58,23.733
2018,3,2.629,0.0,32.509,24.069
2018,4,0.029,0.0,9.006,22.979
2018,5,0.771,0.0,22.903,19.566
2018,6,1.286,0.057,25.583,16.381
2018,7,0.114,0.0,12.614,18.198
2018,8,1.657,0.057,30.623,16.228
2018,9,4.2,0.229,44.591,20.041
2018,10,5.543,0.257,42.769,21.921
2018,11,2.686,0.114,37.16,23.788
2018,12,0.371,0.0,17.291,25.145
2019,1,0.686,0.0,20.431,26.495
2019,2,2.343,0.029,29.643,24.714
2019,3,1.857,0.0,26.34,23.526
2019,4,2.086,0.343,37.843,22.152
2019,5,4.971,2.2,86.417,20.075
2019,6,0.0,0.0,13.769,19.441
2019,7,0.657,0.0,23.794,16.826
2019,8,0.057,0.0,11.28,19.549
2019,9,0.457,0.0,20.366,22.682
2019,10,0.371,0.0,19.263,25.52
2019,11,1.086,0.057,33.337,25.348
2019,12,4.943,1.4,75.797,23.929
2020,1,1.514,0.0,25.226,24.794
2020,2,2.486,0.229,42.003,24.907
2020,3,0.086,0.0,14.586,24.941
2020,4,1.143,0.0,30.446,20.892
2020,5,1.943,0.371,46.84,17.552
2020,6,2.343,0.0,24.637,18.86
2020,7,0.171,0.0,14.717,17.518
2020,8,2.971,1.029,67.126,19.175
2020,9,0.0,0.0,9.674,24.168
2020,10,0.343,0.0,18.809,25.355
2020,11,0.914,0.0,25.494,24.691
2020,12,4.629,0.429,45.814,24.703
2021,1,7.286,1.0,51.377,24.166
2021,2,0.029,0.0,11.729,23.772
2021,3,1.429,0.029,31.246,24.268
2021,4,0.0,0.0,5.814,21.723
2021,5,0.257,0.0,17.32,18.72
2021,6,2.543,0.029,35.623,16.484
2021,7,0.029,0.0,15.517,15.388
2021,8,0.429,0.0,17.217,20.424
2021,9,1.543,0.0,26.897,23.914
2021,10,6.371,1.629,66.44,21.726
2021,11,0.629,0.029,24.023,24.628
2021,12,0.086,0.0,10.38,27.164
2022,1,1.714,0.0,29.291,26.465
2022,2,2.229,0.457,46.406,26.187
2022,3,4.314,0.4,44.566,23.842
2022,4,1.771,0.229,37.714,21.614
2022,5,2.629,0.114,35.766,16.869
2022,6,3.314,0.114,39.686,16.37
2022,7,0.714,0.057,25.886,19.612
2022,8,3.457,0.657,58.357,17.773
2022,9,5.486,0.571,50.54,18.214
2022,10,6.2,1.971,76.943,20.752
2022,11,0.457,0.0,20.149,21.745
2022,12,1.543,0.029,34.151,24.536
2023,1,2.257,0.114,32.323,24.368
2023,2,4.829,0.229,43.5,23.035
2023,3,1.114,0.057,23.103,24.125
2023,4,1.829,0.029,31.717,20.968
2023,5,0.571,0.0,19.82,19.355
2023,6,1.914,0.0,32.286,17.257
2023,7,2.457,0.4,45.806,18.435
2023,8,1.543,0.114,35.097,20.111
2023,9,2.6,0.229,40.389,23.201
2023,10,7.229,2.143,70.383,23.668
2023,11,5.029,0.714,50.089,24.261
2023,12,2.371,0.0,30.194,25.503
2024,1,2.4,0.257,41.534,25.304
2024,2,0.829,0.029,24.103,26.092
2024,3,1.114,0.086,26.749,25.919
2024,4,1.829,0.571,51.763,24.01
2024,5,1.886,0.0,33.186,20.031
2024,6,0.829,0.029,21.874,20.771
2024,7,2.543,0.257,44.389,17.181
2024,8,0.2,0.0,14.549,19.269
2024,9,2.2,0.343,49.946,23.6
2024,10,1.829,0.314,44.771,24.244
2024,11,1.6,0.057,35.577,24.945
2024,12,6.086,1.886,64.117,23.569
2025,1,1.029,0.0,23.857,25.304
2025,2,0.686,0.0,19.04,26.179
2025,3,0.771,0.0,21.6,25.233
2025,4,3.543,0.057,37.343,20.93
2025,5,1.686,0.029,31.443,19.601
2025,6,5.086,0.657,56.417,16.324
2025,7,0.943,0.029,32.126,16.132
2025,8,1.914,0.086,33.614,17.756
2025,9,1.114,0.029,27.649,21.419
2025,10,3.114,0.343,50.923,21.24
2025,11,2.743,0.0,35.286,22.583
2025,12,2.857,0.629,54.226,24.276
2026,1,1.514,0.143,34.211,24.558
2026,2,1.171,0.057,32.214,25.938
2026,3,0.4,0.0,18.206,25.945
2026,4,2.657,0.686,55.369,22.63
2026,5,2.886,0.486,47.703,17.557
2026,6,5.314,0.657,49.097,15.529
