municipio,ano,casos,populacao,densidade,pib_per_capita,estrato,IES0001,IAG0001,esgoto_pct,agua_pct,log_pib,log_dens,ano_c
Assis Chateaubriand,2008,237,33077,33.65,15027.9,cobertura baixa,48.17,90.73,48.17,90.73,9.617663752426312,3.5160130560907366,0
Assis Chateaubriand,2009,238,33023,33.59,12353.57,cobertura baixa,48.17,90.73,48.17,90.73,9.421700369109692,3.5142284036242013,1
Assis Chateaubriand,2010,270,33013,33.58,16868.51,cobertura baixa,48.17,90.73,48.17,90.73,9.733203849173439,3.5139306516493947,2
Assis Chateaubriand,2011,163,33003,33.57,18720.45,cobertura baixa,48.17,90.73,48.17,90.73,9.837371788204202,3.5136328109919437,3
Assis Chateaubriand,2012,199,32981,33.55,19424.85,cobertura baixa,48.17,90.73,48.17,90.73,9.874308453198312,3.5130368634176907,4
Assis Chateaubriand,2013,130,33988,34.58,26826.0,cobertura baixa,48.17,90.73,48.17,90.73,10.197126845462035,3.5432754802551445,5
Assis Chateaubriand,2014,101,34008,34.6,27072.69,cobertura baixa,48.17,90.73,48.17,90.73,10.2062807496698,3.543853682063679,6
Assis Chateaubriand,2015,108,34027,34.62,29225.47,cobertura baixa,48.17,90.73,48.17,90.73,10.282795868332425,3.544431549748063,7
Assis Chateaubriand,2016,112,34046,34.63,33930.51,cobertura baixa,48.17,90.73,48.17,90.73,10.432069888611379,3.5447203584143305,8
Assis Chateaubriand,2017,67,34064,34.65,33812.85,cobertura baixa,48.17,90.73,48.17,90.73,10.428596186736742,3.5452977256359124,9
Assis Chateaubriand,2018,62,33397,33.97,36800.16,cobertura baixa,48.17,90.73,48.17,90.73,10.513257471973658,3.5254777821724925,10
Assis Chateaubriand,2019,136,33362,33.94,35134.49,cobertura baixa,48.17,90.73,48.17,90.73,10.466938548080504,3.52459425980608,11
Assis Chateaubriand,2020,113,33340,33.92,41843.04,cobertura baixa,48.17,90.73,48.17,90.73,10.641680753843143,3.5240048109237025,12
Assis Chateaubriand,2021,94,33306,33.88,49038.01,cobertura baixa,48.17,90.73,48.17,90.73,10.800350990667653,3.522824869783854,13
Assis Chateaubriand,2022,76,34906,35.51,46341.26,cobertura baixa,48.17,90.73,48.17,90.73,10.743787987949043,3.5698143469549963,14
Assis Chateaubriand,2023,61,36505,37.14,55711.03,cobertura baixa,48.17,90.73,48.17,90.73,10.927933431445636,3.61469455592456,15
Assis Chateaubriand,2024,60,38105,38.76,53371.76,cobertura baixa,48.17,90.73,48.17,90.73,10.885037046112338,3.6573887870225654,16
Assis Chateaubriand,2025,47,38357,39.02,53021.12,cobertura baixa,48.17,90.73,48.17,90.73,10.878445603724018,3.6640743351949654,17
Assis Chateaubriand,2026,16,38357,39.02,53021.12,cobertura baixa,48.17,90.73,48.17,90.73,10.878445603724018,3.6640743351949654,18
Boa Vista da Aparecida,2008,4,7972,29.88,6899.4,sem rede,,82.2,0.0,82.2,8.839189730282675,3.3971893602646164,0
Boa Vista da Aparecida,2009,7,7919,29.68,6885.84,sem rede,,82.2,0.0,82.2,8.837222408078127,3.39047341829918,1
Boa Vista da Aparecida,2010,30,7896,29.6,7602.96,sem rede,,82.2,0.0,82.2,8.936292924133445,3.3877743613300146,2
Boa Vista da Aparecida,2011,52,7872,29.51,9065.68,sem rede,,82.2,0.0,82.2,9.112251134164858,3.3847291889548483,3
Boa Vista da Aparecida,2012,28,7834,29.36,10285.93,sem rede,,82.2,0.0,82.2,9.238532220945187,3.3796332037463146,4
Boa Vista da Aparecida,2013,26,8028,30.09,12022.8,sem rede,,82.2,0.0,82.2,9.394560126053218,3.4041928906419536,5
Boa Vista da Aparecida,2014,41,7998,29.98,13330.33,sem rede,,82.2,0.0,82.2,9.497797169055373,3.4005304926744517,6
Boa Vista da Aparecida,2015,38,7968,29.87,14774.6,sem rede,,82.2,0.0,82.2,9.600664769149788,3.3968546322280186,7
Boa Vista da Aparecida,2016,33,7939,29.76,16823.4,sem rede,,82.2,0.0,82.2,9.730526053408495,3.393165209964891,8
Boa Vista da Aparecida,2017,18,7911,29.65,17035.39,sem rede,,82.2,0.0,82.2,9.74304822387468,3.3894621254437345,9
Boa Vista da Aparecida,2018,21,7643,28.65,18345.68,sem rede,,82.2,0.0,82.2,9.817149403423203,3.3551534431607486,10
Boa Vista da Aparecida,2019,9,7591,28.45,18545.51,sem rede,,82.2,0.0,82.2,9.82798299021959,3.34814816057234,11
Boa Vista da Aparecida,2020,7,7540,28.26,23924.14,sem rede,,82.2,0.0,82.2,10.082643270011562,3.3414473772563813,12
Boa Vista da Aparecida,2021,1,7524,28.2,24629.85,sem rede,,82.2,0.0,82.2,10.111714400962056,3.339321977944068,13
Boa Vista da Aparecida,2022,7,7694,28.84,24992.46,sem rede,,82.2,0.0,82.2,10.12632945835991,3.3617633124167483,14
Boa Vista da Aparecida,2023,11,7864,29.48,28285.48,sem rede,,82.2,0.0,82.2,10.250103877758773,3.383712067321136,15
Boa Vista da Aparecida,2024,21,8034,30.11,27686.96,sem rede,,82.2,0.0,82.2,10.228716823211293,3.4048573424936426,16
Boa Vista da Aparecida,2025,22,8023,30.07,27724.92,sem rede,,82.2,0.0,82.2,10.230086926731989,3.4035279970004377,17
Boa Vista da Aparecida,2026,4,8023,30.07,27724.92,sem rede,,82.2,0.0,82.2,10.230086926731989,3.4035279970004377,18
Braganey,2008,14,6213,18.05,13289.72,sem rede,,70.53,0.0,70.53,9.494746083012812,2.89314568477889,0
Braganey,2009,20,6209,18.04,11935.9,sem rede,,70.53,0.0,70.53,9.387305944392361,2.8925915146344776,1
Braganey,2010,15,5954,17.3,13211.96,sem rede,,70.53,0.0,70.53,9.488877758955386,2.8507065015037334,2
Braganey,2011,16,5700,16.56,18764.74,sem rede,,70.53,0.0,70.53,9.839734855890931,2.8069901489571136,3
Braganey,2012,27,5667,16.46,21895.18,sem rede,,70.53,0.0,70.53,9.994021800256741,2.800933195248924,4
Braganey,2013,10,5799,16.85,27007.07,sem rede,,70.53,0.0,70.53,10.203853962561105,2.8243506567983707,5
Braganey,2014,7,5770,16.76,27497.23,sem rede,,70.53,0.0,70.53,10.221840551308603,2.818995095053937,6
Braganey,2015,4,5742,16.68,28388.89,sem rede,,70.53,0.0,70.53,10.253753150428619,2.8142103969306005,7
Braganey,2016,10,5714,16.6,31542.7,sem rede,,70.53,0.0,70.53,10.359097462433297,2.8094026953624978,8
Braganey,2017,10,5687,16.52,28460.52,sem rede,,70.53,0.0,70.53,10.256273142734832,2.804571768092832,9
Braganey,2018,9,5473,15.9,31363.24,sem rede,,70.53,0.0,70.53,10.35339178545411,2.766319109226186,10
Braganey,2019,14,5427,15.77,32664.64,sem rede,,70.53,0.0,70.53,10.394048426243662,2.758109400974947,11
Braganey,2020,3,5382,15.64,45479.38,sem rede,,70.53,0.0,70.53,10.725014315405677,2.7498317351171653,12
Braganey,2021,49,5338,15.51,45246.53,sem rede,,70.53,0.0,70.53,10.719881261104748,2.7414849771884473,13
Braganey,2022,41,5159,14.99,49871.29,sem rede,,70.53,0.0,70.53,10.817200765460479,2.7073833121145063,14
Braganey,2023,11,4981,14.47,52400.52,sem rede,,70.53,0.0,70.53,10.866671793924016,2.6720775406433925,15
Braganey,2024,13,4802,13.95,54353.81,sem rede,,70.53,0.0,70.53,10.903269991288333,2.6354795082673745,16
Braganey,2025,11,4745,13.79,55006.74,sem rede,,70.53,0.0,70.53,10.915211002161072,2.6239436918052106,17
Braganey,2026,7,4745,13.79,55006.74,sem rede,,70.53,0.0,70.53,10.915211002161072,2.6239436918052106,18
Cafelandia,2008,140,13776,50.0,27429.15,cobertura alta,90.4,90.86,90.4,90.86,10.219361595482136,3.912023005428146,0
Cafelandia,2009,111,14034,50.94,28252.6,cobertura alta,90.4,90.86,90.4,90.86,10.24894076773782,3.930648469551311,1
Cafelandia,2010,114,14484,52.57,33374.69,cobertura alta,90.4,90.86,90.4,90.86,10.4155531072699,3.9621456148313565,2
Cafelandia,2011,87,14933,54.2,46966.65,cobertura alta,90.4,90.86,90.4,90.86,10.757193054356994,3.9926809084456005,3
Cafelandia,2012,69,15194,55.15,56371.2,cobertura alta,90.4,90.86,90.4,90.86,10.939713668768142,4.0100567456995115,4
Cafelandia,2013,73,16020,58.15,68932.83,cobertura alta,90.4,90.86,90.4,90.86,11.140887831180832,4.063025878964673,5
Cafelandia,2014,27,16321,59.24,76703.57,cobertura alta,90.4,90.86,90.4,90.86,11.247703531252608,4.081596989399598,6
Cafelandia,2015,13,16611,60.29,82207.57,cobertura alta,90.4,90.86,90.4,90.86,11.317002669261441,4.099166252501314,7
Cafelandia,2016,59,16896,61.33,89218.34,cobertura alta,90.4,90.86,90.4,90.86,11.398841902815377,4.116269119637892,8
Cafelandia,2017,43,17175,62.34,78341.14,cobertura alta,90.4,90.86,90.4,90.86,11.268828159066969,4.132603274339191,9
Cafelandia,2018,3,17775,64.52,77663.18,cobertura alta,90.4,90.86,90.4,90.86,11.260136550168157,4.166975253257008,10
Cafelandia,2019,2,18120,65.77,75397.85,cobertura alta,90.4,90.86,90.4,90.86,11.23053403900064,4.186163807313259,11
Cafelandia,2020,0,18456,66.99,113472.37,cobertura alta,90.4,90.86,90.4,90.86,11.639314650144863,4.204543354520176,12
Cafelandia,2021,1,18783,68.18,103776.07,cobertura alta,90.4,90.86,90.4,90.86,11.549990683636574,4.222151266709757,13
Cafelandia,2022,3,19137,69.46,125969.22,cobertura alta,90.4,90.86,90.4,90.86,11.743792870376714,4.240751047315928,14
Cafelandia,2023,0,19490,70.74,138416.32,cobertura alta,90.4,90.86,90.4,90.86,11.838021234288943,4.259011183777335,15
Cafelandia,2024,7,19844,72.03,135947.09,cobertura alta,90.4,90.86,90.4,90.86,11.820021044903246,4.277082698901271,16
Cafelandia,2025,13,20145,73.12,133915.81,cobertura alta,90.4,90.86,90.4,90.86,11.80496659789812,4.292101927145895,17
Cafelandia,2026,2,20145,73.12,133915.81,cobertura alta,90.4,90.86,90.4,90.86,11.80496659789812,4.292101927145895,18
Capitao Leonidas Marques,2008,165,13929,49.64,40617.2,cobertura baixa,40.59,83.42,40.59,83.42,10.61194690119768,3.9047969603364066,0
Capitao Leonidas Marques,2009,211,13870,49.43,44543.62,cobertura baixa,40.59,83.42,40.59,83.42,10.7042242127669,3.9005575273188677,1
Capitao Leonidas Marques,2010,136,14443,51.47,48993.63,cobertura baixa,40.59,83.42,40.59,83.42,10.799445568642032,3.940999113664663,2
Capitao Leonidas Marques,2011,49,15016,53.51,51192.73,cobertura baixa,40.59,83.42,40.59,83.42,10.843352808758254,3.979868552323213,3
Capitao Leonidas Marques,2012,46,15060,53.67,61806.77,cobertura baixa,40.59,83.42,40.59,83.42,11.031768184371522,3.9828541861887374,4
Capitao Leonidas Marques,2013,41,15592,55.57,68901.87,cobertura baixa,40.59,83.42,40.59,83.42,11.140438597417191,4.01764348729183,5
Capitao Leonidas Marques,2014,81,15659,55.81,49645.32,cobertura baixa,40.59,83.42,40.59,83.42,10.812659405211852,4.021953064800342,6
Capitao Leonidas Marques,2015,79,15724,56.04,64120.64,cobertura baixa,40.59,83.42,40.59,83.42,11.068521587958767,4.0260657214688065,7
Capitao Leonidas Marques,2016,59,15788,56.27,94458.7,cobertura baixa,40.59,83.42,40.59,83.42,11.455917980916277,4.030161533445187,8
Capitao Leonidas Marques,2017,53,15850,56.49,74843.6,cobertura baixa,40.59,83.42,40.59,83.42,11.223155881850053,4.034063631337171,9
Capitao Leonidas Marques,2018,22,15724,56.04,74161.79,cobertura baixa,40.59,83.42,40.59,83.42,11.214004336949523,4.0260657214688065,10
Capitao Leonidas Marques,2019,35,15780,56.24,81455.39,cobertura baixa,40.59,83.42,40.59,83.42,11.307810787408519,4.029628247502409,11
Capitao Leonidas Marques,2020,14,15834,56.43,88039.47,cobertura baixa,40.59,83.42,40.59,83.42,11.385540515631364,4.033000931981049,12
Capitao Leonidas Marques,2021,13,15887,56.62,79028.51,cobertura baixa,40.59,83.42,40.59,83.42,11.27756395242139,4.036362279683754,13
Capitao Leonidas Marques,2022,34,15523,55.32,74993.36,cobertura baixa,40.59,83.42,40.59,83.42,11.225154855265806,4.013134506796558,14
Capitao Leonidas Marques,2023,33,15160,54.03,85766.49,cobertura baixa,40.59,83.42,40.59,83.42,11.359383649747292,3.9895394478559743,15
Capitao Leonidas Marques,2024,52,14796,52.73,87876.45,cobertura baixa,40.59,83.42,40.59,83.42,11.383687129688068,3.9651845535423784,16
Capitao Leonidas Marques,2025,64,14776,52.66,87995.4,cobertura baixa,40.59,83.42,40.59,83.42,11.385039819366805,3.9638561540681634,17
Capitao Leonidas Marques,2026,42,14776,52.66,87995.4,cobertura baixa,40.59,83.42,40.59,83.42,11.385039819366805,3.9638561540681634,18
Cascavel,2008,87,291747,139.25,15485.62,cobertura alta,96.25,91.85,96.25,91.85,9.647667130352948,4.9362708788073935,0
Cascavel,2009,64,296254,141.4,16810.26,cobertura alta,96.25,91.85,96.25,91.85,9.729744693266987,4.951592753462473,1
Cascavel,2010,115,292797,139.75,18159.55,cobertura alta,96.25,91.85,96.25,91.85,9.80695187211258,4.939855112035208,2
Cascavel,2011,108,289340,138.1,21799.46,cobertura alta,96.25,91.85,96.25,91.85,9.98964047782818,4.9279780604152466,3
Cascavel,2012,228,292372,139.55,24670.59,cobertura alta,96.25,91.85,96.25,91.85,10.113367124924496,4.938422959982331,4
Cascavel,2013,58,305615,145.87,27594.99,cobertura alta,96.25,91.85,96.25,91.85,10.225389513489047,4.982715814098122,5
Cascavel,2014,42,309259,147.61,30613.85,cobertura alta,96.25,91.85,96.25,91.85,10.329207799920566,4.994573660548905,6
Cascavel,2015,33,312778,149.29,32381.5,cobertura alta,96.25,91.85,96.25,91.85,10.38534255105057,5.005890723065499,7
Cascavel,2016,46,316226,150.94,34205.66,cobertura alta,96.25,91.85,96.25,91.85,10.44014640643359,5.016882406856722,8
Cascavel,2017,45,319608,152.55,35600.54,cobertura alta,96.25,91.85,96.25,91.85,10.480116085264406,5.027492411162679,9
Cascavel,2018,39,324476,154.87,37731.74,cobertura alta,96.25,91.85,96.25,91.85,10.53825692904315,5.0425860553280835,10
Cascavel,2019,32,328454,156.77,38341.24,cobertura alta,96.25,91.85,96.25,91.85,10.554281358277994,5.05477976308044,11
Cascavel,2020,11,332333,158.62,42599.97,cobertura alta,96.25,91.85,96.25,91.85,10.659608828031862,5.066511404655174,12
Cascavel,2021,11,336073,160.41,46974.63,cobertura alta,96.25,91.85,96.25,91.85,10.757362947720576,5.07773303762875,13
Cascavel,2022,20,345417,164.87,52399.83,cobertura alta,96.25,91.85,96.25,91.85,10.866658626029063,5.105157284573087,14
Cascavel,2023,27,354760,169.33,54132.87,cobertura alta,96.25,91.85,96.25,91.85,10.899196858891676,5.131849473677249,15
Cascavel,2024,74,364104,173.79,52743.66,cobertura alta,96.25,91.85,96.25,91.85,10.873198854541508,5.157847673776643,16
Cascavel,2025,81,368195,175.74,52157.63,cobertura alta,96.25,91.85,96.25,91.85,10.862025758451672,5.169005630067697,17
Cascavel,2026,42,368195,175.74,52157.63,cobertura alta,96.25,91.85,96.25,91.85,10.862025758451672,5.169005630067697,18
Ceu Azul,2008,116,11332,9.59,26310.89,cobertura alta,81.87,82.37,81.87,82.37,10.17773820090424,2.2607208888953467,0
Ceu Azul,2009,92,11413,9.66,23706.74,cobertura alta,81.87,82.37,81.87,82.37,10.073514674878222,2.2679936482244267,1
Ceu Azul,2010,101,11246,9.52,23850.35,cobertura alta,81.87,82.37,81.87,82.37,10.07955417126122,2.253394848803274,2
Ceu Azul,2011,65,11078,9.38,27303.3,cobertura alta,81.87,82.37,81.87,82.37,10.214762852988638,2.238579763018133,3
Ceu Azul,2012,52,11121,9.41,29345.47,cobertura alta,81.87,82.37,81.87,82.37,10.286893469221305,2.2417729535972883,4
Ceu Azul,2013,40,11528,9.76,37128.04,cobertura alta,81.87,82.37,81.87,82.37,10.52212775827445,2.278292400425001,5
Ceu Azul,2014,71,11589,9.81,39628.18,cobertura alta,81.87,82.37,81.87,82.37,10.587295760325464,2.2834022735772717,6
Ceu Azul,2015,72,11649,9.86,42518.07,cobertura alta,81.87,82.37,81.87,82.37,10.657684441021193,2.288486168614544,7
Ceu Azul,2016,95,11707,9.91,49159.22,cobertura alta,81.87,82.37,81.87,82.37,10.802819696995918,2.2935443483418965,8
Ceu Azul,2017,61,11764,9.96,49504.17,cobertura alta,81.87,82.37,81.87,82.37,10.809812187432831,2.298577071596507,9
Ceu Azul,2018,42,11709,9.91,54748.57,cobertura alta,81.87,82.37,81.87,82.37,10.910506528616187,2.2935443483418965,10
Ceu Azul,2019,34,11765,9.96,51482.19,cobertura alta,81.87,82.37,81.87,82.37,10.84899120159777,2.298577071596507,11
Ceu Azul,2020,4,11819,10.0,68183.26,cobertura alta,81.87,82.37,81.87,82.37,11.129954359157201,2.302585092994046,12
Ceu Azul,2021,7,11872,10.05,79410.21,cobertura alta,81.87,82.37,81.87,82.37,11.282382228388972,2.307572634505085,13
Ceu Azul,2022,14,11665,9.87,80334.42,cobertura alta,81.87,82.37,81.87,82.37,11.293953450684148,2.28949985344539,14
Ceu Azul,2023,15,11458,9.7,93435.42,cobertura alta,81.87,82.37,81.87,82.37,11.4450257814498,2.272125885509337,15
Ceu Azul,2024,12,11251,9.52,95154.48,cobertura alta,81.87,82.37,81.87,82.37,11.463256955168186,2.253394848803274,16
Ceu Azul,2025,8,11255,9.53,95120.66,cobertura alta,81.87,82.37,81.87,82.37,11.46290146994446,2.254444717666111,17
Ceu Azul,2026,6,11255,9.53,95120.66,cobertura alta,81.87,82.37,81.87,82.37,11.46290146994446,2.254444717666111,18
Corbelia,2008,48,15858,29.9,17049.12,cobertura alta,81.86,87.9,81.86,87.9,9.743853868476446,3.3978584803966405,0
Corbelia,2009,42,15850,29.89,16655.33,cobertura alta,81.86,87.9,81.86,87.9,9.720485564301196,3.3975239762958465,1
Corbelia,2010,32,16101,30.36,18297.19,cobertura alta,81.86,87.9,81.86,87.9,9.814502775126641,3.4131259525274293,2
Corbelia,2011,44,16352,30.84,21199.67,cobertura alta,81.86,87.9,81.86,87.9,9.961740894501215,3.4288125486951286,3
Corbelia,2012,67,16389,30.91,23939.47,cobertura alta,81.86,87.9,81.86,87.9,10.083283840186867,3.431079756144025,4
Corbelia,2013,43,16954,31.97,29420.79,cobertura alta,81.86,87.9,81.86,87.9,10.289456846276213,3.4647979630717503,5
Corbelia,2014,34,17016,32.09,30859.6,cobertura alta,81.86,87.9,81.86,87.9,10.337203164070347,3.4685444551217657,6
Corbelia,2015,15,17076,32.2,33653.61,cobertura alta,81.86,87.9,81.86,87.9,10.423875610150793,3.4719664525503626,7
Corbelia,2016,77,17135,32.31,35603.27,cobertura alta,81.86,87.9,81.86,87.9,10.480192766554392,3.475376779836407,8
Corbelia,2017,63,17193,32.42,33683.01,cobertura alta,81.86,87.9,81.86,87.9,10.424748834909272,3.4787755163075302,9
Corbelia,2018,19,17024,32.1,35814.14,cobertura alta,81.86,87.9,81.86,87.9,10.486098066474897,3.4688560301359703,10
Corbelia,2019,119,17071,32.19,39545.14,cobertura alta,81.86,87.9,81.86,87.9,10.58519808321783,3.4716558453107167,11
Corbelia,2020,105,17117,32.28,60243.15,cobertura alta,81.86,87.9,81.86,87.9,11.00614415194331,3.474447843401748,12
Corbelia,2021,92,17162,32.36,62007.75,cobertura alta,81.86,87.9,81.86,87.9,11.03501465621538,3.4769230921902907,13
Corbelia,2022,15,17395,32.8,57696.98,cobertura alta,81.86,87.9,81.86,87.9,10.962960111438381,3.490428515390098,14
Corbelia,2023,17,17629,33.24,56354.87,cobertura alta,81.86,87.9,81.86,87.9,10.939423939868444,3.5037539699872475,15
Corbelia,2024,31,17862,33.68,55619.75,cobertura alta,81.86,87.9,81.86,87.9,10.926293632991806,3.516904189374126,16
Corbelia,2025,18,17933,33.82,55399.54,cobertura alta,81.86,87.9,81.86,87.9,10.922326569451805,3.5210523434704344,17
Corbelia,2026,4,17933,33.82,55399.54,cobertura alta,81.86,87.9,81.86,87.9,10.922326569451805,3.5210523434704344,18
Diamante D'Oeste,2008,3,5110,16.49,9666.34,sem rede,,67.98,0.0,67.98,9.176405026626053,2.8027541365715076,0
Diamante D'Oeste,2009,2,5129,16.56,9138.43,sem rede,,67.98,0.0,67.98,9.120243877264738,2.8069901489571136,1
Diamante D'Oeste,2010,33,5084,16.41,10081.24,sem rede,,67.98,0.0,67.98,9.218431549932543,2.7978909051019993,2
Diamante D'Oeste,2011,16,5039,16.27,11250.84,sem rede,,67.98,0.0,67.98,9.328198071511816,2.7893229212309465,3
Diamante D'Oeste,2012,31,5050,16.3,13136.63,sem rede,,67.98,0.0,67.98,9.48315979034729,2.791165107812717,4
Diamante D'Oeste,2013,37,5223,16.86,16274.75,sem rede,,67.98,0.0,67.98,9.697370105975686,2.8249439525737094,5
Diamante D'Oeste,2014,38,5242,16.92,17414.54,sem rede,,67.98,0.0,67.98,9.765060768440335,2.8284963541780774,6
Diamante D'Oeste,2015,25,5259,16.98,18405.78,sem rede,,67.98,0.0,67.98,9.820420024703225,2.8320361808832013,7
Diamante D'Oeste,2016,29,5277,17.03,19381.47,sem rede,,67.98,0.0,67.98,9.872072733961375,2.834976494674597,8
Diamante D'Oeste,2017,22,5294,17.09,18300.34,sem rede,,67.98,0.0,67.98,9.814674917891892,2.8384934971274993,9
Diamante D'Oeste,2018,7,5239,16.91,19085.89,sem rede,,67.98,0.0,67.98,9.856704597573815,2.827905162910489,10
Diamante D'Oeste,2019,11,5253,16.96,19693.51,sem rede,,67.98,0.0,67.98,9.8880444188239,2.830857630363757,11
Diamante D'Oeste,2020,6,5266,17.0,21443.22,sem rede,,67.98,0.0,67.98,9.973163790475029,2.833213344056216,12
Diamante D'Oeste,2021,0,5279,17.04,24252.89,sem rede,,67.98,0.0,67.98,10.096291064522555,2.8355635214011694,13
Diamante D'Oeste,2022,0,5038,16.26,22860.86,sem rede,,67.98,0.0,67.98,10.03718155693864,2.7887081041196646,14
Diamante D'Oeste,2023,0,4798,15.49,28031.05,sem rede,,67.98,0.0,67.98,10.24106810332166,2.740194654428777,15
Diamante D'Oeste,2024,3,4557,14.71,29513.5,sem rede,,67.98,0.0,67.98,10.292603064767201,2.688527534613346,16
Diamante D'Oeste,2025,0,4513,14.57,29801.24,sem rede,,67.98,0.0,67.98,10.302305282366047,2.6789646202071133,17
Diamante D'Oeste,2026,0,4513,14.57,29801.24,sem rede,,67.98,0.0,67.98,10.302305282366047,2.6789646202071133,18
Entre Rios do Oeste,2008,69,4043,33.36,16446.7,sem rede,,100.0,0.0,100.0,9.707880128166325,3.507357577490546,0
Entre Rios do Oeste,2009,64,4113,33.94,14515.44,sem rede,,100.0,0.0,100.0,9.582968189468112,3.52459425980608,1
Entre Rios do Oeste,2010,69,4042,33.35,20332.51,sem rede,,100.0,0.0,100.0,9.919976361864245,3.507057772361633,2
Entre Rios do Oeste,2011,84,3972,32.77,24160.88,sem rede,,100.0,0.0,100.0,10.092490075226479,3.489513462710723,3
Entre Rios do Oeste,2012,88,4017,33.14,27198.66,sem rede,,100.0,0.0,100.0,10.210922986364661,3.500741011998417,4
Entre Rios do Oeste,2013,90,4202,34.67,33625.18,sem rede,,100.0,0.0,100.0,10.423030470049664,3.545874759696932,5
Entre Rios do Oeste,2014,91,4255,35.11,43558.87,sem rede,,100.0,0.0,100.0,10.681868635479931,3.558485990180341,6
Entre Rios do Oeste,2015,95,4306,35.53,46038.32,sem rede,,100.0,0.0,100.0,10.737229372161353,3.5703774100329357,7
Entre Rios do Oeste,2016,32,4357,35.95,50771.63,sem rede,,100.0,0.0,100.0,10.835093013000225,3.5821290841670557,8
Entre Rios do Oeste,2017,59,4406,36.35,51406.04,sem rede,,100.0,0.0,100.0,10.847510954267156,3.5931942039795284,9
Entre Rios do Oeste,2018,41,4481,36.97,50896.23,sem rede,,100.0,0.0,100.0,10.837544132997891,3.6101067729485403,10
Entre Rios do Oeste,2019,34,4539,37.45,52804.58,sem rede,,100.0,0.0,100.0,10.87435320835669,3.6230067099632284,11
Entre Rios do Oeste,2020,22,4596,37.92,63703.22,sem rede,,100.0,0.0,100.0,11.061990389733223,3.6354786773868213,12
Entre Rios do Oeste,2021,32,4651,38.37,67328.1,sem rede,,100.0,0.0,100.0,11.117332961922385,3.647275904258861,13
Entre Rios do Oeste,2022,16,4677,38.59,82207.4,sem rede,,100.0,0.0,100.0,11.317000601323224,3.6529931755495273,14
Entre Rios do Oeste,2023,13,4703,38.8,89470.13,sem rede,,100.0,0.0,100.0,11.401660105541591,3.6584202466292277,15
Entre Rios do Oeste,2024,17,4729,39.02,88978.22,sem rede,,100.0,0.0,100.0,11.396146899664547,3.6640743351949654,16
Entre Rios do Oeste,2025,23,4770,39.36,88213.42,sem rede,,100.0,0.0,100.0,11.387514384615619,3.6727500721840527,17
Entre Rios do Oeste,2026,6,4770,39.36,88213.42,sem rede,,100.0,0.0,100.0,11.387514384615619,3.6727500721840527,18
Foz do Iguacu,2008,185,319189,522.83,18285.4,cobertura alta,96.33,99.45,96.33,99.45,9.813858206198734,6.259256363424289,0
Foz do Iguacu,2009,104,325137,532.57,19507.95,cobertura alta,96.33,99.45,96.33,99.45,9.878577353775603,6.277714344343138,1
Foz do Iguacu,2010,121,290518,475.87,21497.85,cobertura alta,96.33,99.45,96.33,99.45,9.975708209115421,6.1651447076866015,2
Foz do Iguacu,2011,76,255900,419.16,26157.11,cobertura alta,96.33,99.45,96.33,99.45,10.171876325462316,6.038252708606741,3
Foz do Iguacu,2012,81,255718,418.87,32142.05,cobertura alta,96.33,99.45,96.33,99.45,10.377920420704843,6.037560609250928,4
Foz do Iguacu,2013,44,263508,431.63,34494.14,cobertura alta,96.33,99.45,96.33,99.45,10.44854473351998,6.0675687397728035,5
Foz do Iguacu,2014,54,263647,431.85,34964.23,cobertura alta,96.33,99.45,96.33,99.45,10.462080817873456,6.068078305726295,6
Foz do Iguacu,2015,43,263782,432.08,45494.68,cobertura alta,96.33,99.45,96.33,99.45,10.725350675026084,6.068610756284635,7
Foz do Iguacu,2016,29,263915,432.29,51345.25,cobertura alta,96.33,99.45,96.33,99.45,10.846327708643816,6.0690966593218345,8
Foz do Iguacu,2017,34,264044,432.5,51007.32,cobertura alta,96.33,99.45,96.33,99.45,10.839724430818867,6.069582326371934,9
Foz do Iguacu,2018,38,258823,423.95,56701.87,cobertura alta,96.33,99.45,96.33,99.45,10.945562469771643,6.0496155237500115,10
Foz do Iguacu,2019,49,258532,423.48,60997.41,cobertura alta,96.33,99.45,96.33,99.45,11.018586683237645,6.048506287475179,11
Foz do Iguacu,2020,43,258248,423.01,69177.41,cobertura alta,96.33,99.45,96.33,99.45,11.14442964322426,6.047395819428781,12
Foz do Iguacu,2021,55,257971,422.56,73531.63,cobertura alta,96.33,99.45,96.33,99.45,11.205470932767224,6.046331448548822,13
Foz do Iguacu,2022,31,270481,443.05,64625.43,cobertura alta,96.33,99.45,96.33,99.45,11.076363265560355,6.093682630493311,14
Foz do Iguacu,2023,82,282990,463.54,59978.27,cobertura alta,96.33,99.45,96.33,99.45,11.001737608939385,6.138892681174414,15
Foz do Iguacu,2024,157,295500,484.03,57439.09,cobertura alta,96.33,99.45,96.33,99.45,10.958480360978225,6.18214688826681,16
Foz do Iguacu,2025,132,297352,487.06,57081.34,cobertura alta,96.33,99.45,96.33,99.45,10.952232547138626,6.188387318779109,17
Foz do Iguacu,2026,62,297352,487.06,57081.34,cobertura alta,96.33,99.45,96.33,99.45,10.952232547138626,6.188387318779109,18
Guaira,2008,346,29594,52.4,12648.37,cobertura alta,76.03,89.45,76.03,89.45,9.445283632098368,3.9589065913269965,0
Guaira,2009,249,29664,52.52,11221.75,cobertura alta,76.03,89.45,76.03,89.45,9.3256091383939,3.9611940494345954,1
Guaira,2010,270,30262,53.58,12930.37,cobertura alta,76.03,89.45,76.03,89.45,9.467334086979067,3.9811758641164627,2
Guaira,2011,144,30861,54.64,15942.74,cobertura alta,76.03,89.45,76.03,89.45,9.67675883217679,4.0007662152625345,3
Guaira,2012,69,31013,54.91,17351.92,cobertura alta,76.03,89.45,76.03,89.45,9.761458442076535,4.005695481290781,4
Guaira,2013,108,32190,56.99,21678.1,cobertura alta,76.03,89.45,76.03,89.45,9.984057813336731,4.0428758138469085,5
Guaira,2014,98,32394,57.35,23024.88,cobertura alta,76.03,89.45,76.03,89.45,10.044330649383543,4.04917284357538,6
Guaira,2015,68,32591,57.7,23770.0,cobertura alta,76.03,89.45,76.03,89.45,10.07617956035424,4.055257173514054,7
Guaira,2016,19,32784,58.05,27376.31,cobertura alta,76.03,89.45,76.03,89.45,10.21743331985512,4.061304708143901,8
Guaira,2017,32,32974,58.38,26597.05,cobertura alta,76.03,89.45,76.03,89.45,10.188555586364041,4.0669733654259685,9
Guaira,2018,15,32923,58.29,28448.8,cobertura alta,76.03,89.45,76.03,89.45,10.255861259403044,4.0654305520574585,10
Guaira,2019,20,33119,58.64,29146.11,cobertura alta,76.03,89.45,76.03,89.45,10.280076735189313,4.071417057578396,11
Guaira,2020,3,33310,58.98,33855.06,cobertura alta,76.03,89.45,76.03,89.45,10.429843750182243,4.07719840338713,12
Guaira,2021,5,33497,59.31,34030.93,cobertura alta,76.03,89.45,76.03,89.45,10.435025095949031,4.082777925850635,13
Guaira,2022,4,33320,58.99,34984.0,cobertura alta,76.03,89.45,76.03,89.45,10.462646093092756,4.077367938014984,14
Guaira,2023,3,33143,58.68,43413.27,cobertura alta,76.03,89.45,76.03,89.45,10.678520433721985,4.072098953274781,15
Guaira,2024,9,32966,58.37,43646.36,cobertura alta,76.03,89.45,76.03,89.45,10.683875167183457,4.0668020592157,16
Guaira,2025,12,33058,58.53,43524.9,cobertura alta,76.03,89.45,76.03,89.45,10.681088467103596,4.069539443303129,17
Guaira,2026,5,33058,58.53,43524.9,cobertura alta,76.03,89.45,76.03,89.45,10.681088467103596,4.069539443303129,18
Ibema,2008,26,6124,42.0,10978.94,sem rede,,86.52,0.0,86.52,9.303734171241205,3.7376696182833684,0
Ibema,2009,57,6144,42.14,11104.49,sem rede,,86.52,0.0,86.52,9.315104810015038,3.740997408376043,1
Ibema,2010,38,6112,41.92,11440.61,sem rede,,86.52,0.0,86.52,9.34492458519056,3.735763040012787,2
Ibema,2011,17,6081,41.71,12302.42,sem rede,,86.52,0.0,86.52,9.417551269975645,3.730740908208854,3
Ibema,2012,26,6096,41.81,13692.42,sem rede,,86.52,0.0,86.52,9.524597674026237,3.733135545368474,4
Ibema,2013,18,6306,43.25,17901.05,sem rede,,86.52,0.0,86.52,9.792614649326339,3.7669972333778885,5
Ibema,2014,7,6329,43.41,18471.48,sem rede,,86.52,0.0,86.52,9.823983199923497,3.770689829311502,6
Ibema,2015,19,6352,43.57,19949.46,sem rede,,86.52,0.0,86.52,9.9009573542825,3.774368840129351,7
Ibema,2016,18,6374,43.72,21629.28,sem rede,,86.52,0.0,86.52,9.981803231291828,3.777805663308338,8
Ibema,2017,6,6396,43.87,21028.61,sem rede,,86.52,0.0,86.52,9.953639170459049,3.7812307151781224,9
Ibema,2018,4,6334,43.44,26149.04,sem rede,,86.52,0.0,86.52,10.171567757538122,3.77138067562568,10
Ibema,2019,9,6352,43.57,23210.01,sem rede,,86.52,0.0,86.52,10.052338930117163,3.774368840129351,11
Ibema,2020,3,6370,43.69,26453.69,sem rede,,86.52,0.0,86.52,10.183150936062654,3.7771192429633444,12
Ibema,2021,4,6387,43.81,28548.77,sem rede,,86.52,0.0,86.52,10.259369131844354,3.779862101825807,13
Ibema,2022,11,6367,43.67,31168.68,sem rede,,86.52,0.0,86.52,10.347169023452729,3.7766613674974696,14
Ibema,2023,5,6347,43.53,32785.73,sem rede,,86.52,0.0,86.52,10.39774863873014,3.773450355564206,15
Ibema,2024,7,6327,43.4,32889.36,sem rede,,86.52,0.0,86.52,10.400904480191711,3.770459441106359,16
Ibema,2025,7,6343,43.5,32806.4,sem rede,,86.52,0.0,86.52,10.398378897289643,3.7727609380946383,17
Ibema,2026,6,6343,43.5,32806.4,sem rede,,86.52,0.0,86.52,10.398378897289643,3.7727609380946383,18
Iracema do Oeste,2008,16,2604,31.83,12692.4,sem rede,,83.62,0.0,83.62,9.448758668122007,3.4604092412940015,0
Iracema do Oeste,2009,9,2567,31.38,12515.78,sem rede,,83.62,0.0,83.62,9.434745527133488,3.4461707473048864,1
Iracema do Oeste,2010,16,2558,31.27,14587.96,sem rede,,83.62,0.0,83.62,9.587951809945102,3.44265917146975,2
Iracema do Oeste,2011,11,2550,31.17,19428.63,sem rede,,83.62,0.0,83.62,9.874503030364213,3.4394560937792455,3
Iracema do Oeste,2012,10,2522,30.83,17666.14,sem rede,,83.62,0.0,83.62,9.779405092101028,3.428488241898059,4
Iracema do Oeste,2013,11,2564,31.34,26025.35,sem rede,,83.62,0.0,83.62,10.166826341999846,3.444895236927875,5
Iracema do Oeste,2014,14,2537,31.01,25286.16,sem rede,,83.62,0.0,83.62,10.138012489463941,3.4343097331123578,6
Iracema do Oeste,2015,10,2512,30.71,26135.35,sem rede,,83.62,0.0,83.62,10.17104408306041,3.424588334452731,7
Iracema do Oeste,2016,15,2487,30.4,30307.6,sem rede,,83.62,0.0,83.62,10.319153785128616,3.414442608412176,8
Iracema do Oeste,2017,18,2462,30.1,30629.16,sem rede,,83.62,0.0,83.62,10.329707775356749,3.40452517175483,9
Iracema do Oeste,2018,20,2325,28.42,35498.92,sem rede,,83.62,0.0,83.62,10.47725755246552,3.3470931226689546,10
Iracema do Oeste,2019,19,2288,27.97,33687.94,sem rede,,83.62,0.0,83.62,10.424895188790545,3.3311325072138684,11
Iracema do Oeste,2020,17,2251,27.52,40120.39,sem rede,,83.62,0.0,83.62,10.599639962866112,3.314913013065143,12
Iracema do Oeste,2021,17,2216,27.09,87710.29,sem rede,,83.62,0.0,83.62,11.381794503290434,3.2991646560970036,13
Iracema do Oeste,2022,6,2259,27.62,37495.79,sem rede,,83.62,0.0,83.62,10.531983938989463,3.318540147981146,14
Iracema do Oeste,2023,4,2301,28.13,54787.05,sem rede,,83.62,0.0,83.62,10.911209131140971,3.3368366225017656,15
Iracema do Oeste,2024,10,2344,28.66,53782.0,sem rede,,83.62,0.0,83.62,10.892694117677307,3.3555024224000256,16
Iracema do Oeste,2025,10,2328,28.46,54151.63,sem rede,,83.62,0.0,83.62,10.899543353545807,3.3484995926617063,17
Iracema do Oeste,2026,1,2328,28.46,54151.63,sem rede,,83.62,0.0,83.62,10.899543353545807,3.3484995926617063,18
Jesuitas,2008,79,8948,36.1,12131.31,sem rede,,82.69,0.0,82.69,9.403544992809262,3.586292865338835,0
Jesuitas,2009,38,8849,35.7,11362.64,sem rede,,82.69,0.0,82.69,9.338086059641952,3.5751506887855933,1
Jesuitas,2010,65,8894,35.88,14560.49,sem rede,,82.69,0.0,82.69,9.586066975030553,3.5801800371905954,2
Jesuitas,2011,68,8938,36.05,18557.95,sem rede,,82.69,0.0,82.69,9.828653547653648,3.584906863730958,3
Jesuitas,2012,69,8876,35.8,17724.88,sem rede,,82.69,0.0,82.69,9.78272458127868,3.5779478934066544,4
Jesuitas,2013,50,9072,36.6,22567.35,sem rede,,82.69,0.0,82.69,10.024259450423733,3.6000482404073204,5
Jesuitas,2014,56,9017,36.37,27286.24,sem rede,,82.69,0.0,82.69,10.214137824803554,3.5937442589988975,6
Jesuitas,2015,54,8964,36.16,29628.74,sem rede,,82.69,0.0,82.69,10.296500115194975,3.5879535355239756,7
Jesuitas,2016,40,8912,35.95,35748.43,sem rede,,82.69,0.0,82.69,10.484261631073899,3.5821290841670557,8
Jesuitas,2017,30,8861,35.74,37487.42,sem rede,,82.69,0.0,82.69,10.531760689010305,3.576270509731282,9
Jesuitas,2018,35,8495,34.27,40573.75,sem rede,,82.69,0.0,82.69,10.610876584760984,3.5342703358865175,10
Jesuitas,2019,60,8412,33.93,37909.53,sem rede,,82.69,0.0,82.69,10.542957810649302,3.5242995787961386,11
Jesuitas,2020,24,8330,33.6,47023.41,sem rede,,82.69,0.0,82.69,10.758400841795366,3.5145260669691587,12
Jesuitas,2021,18,8251,33.28,53565.87,sem rede,,82.69,0.0,82.69,10.888667390513794,3.5049566159530077,13
Jesuitas,2022,40,9121,36.79,47477.47,sem rede,,82.69,0.0,82.69,10.768010561709943,3.605226069116683,14
Jesuitas,2023,10,9990,40.3,55714.31,sem rede,,82.69,0.0,82.69,10.927992304947857,3.696351468952637,15
Jesuitas,2024,37,10860,43.81,51251.01,sem rede,,82.69,0.0,82.69,10.844490604123541,3.779862101825807,16
Jesuitas,2025,17,10954,44.19,50811.21,sem rede,,82.69,0.0,82.69,10.835872278514024,3.7884985191426486,17
Jesuitas,2026,4,10954,44.19,50811.21,sem rede,,82.69,0.0,82.69,10.835872278514024,3.7884985191426486,18
Lindoeste,2008,13,5498,15.8,13091.85,sem rede,,66.57,0.0,66.57,9.479745178176882,2.760009940032921,0
Lindoeste,2009,22,5419,15.58,12164.79,sem rede,,66.57,0.0,66.57,9.406300992429905,2.7459880404426023,1
Lindoeste,2010,29,5357,15.4,15182.0,sem rede,,66.57,0.0,66.57,9.627865794576714,2.7343675094195836,2
Lindoeste,2011,26,5295,15.22,17037.39,sem rede,,66.57,0.0,66.57,9.74316561963765,2.7226103524335397,3
Lindoeste,2012,0,5231,15.04,20320.02,sem rede,,66.57,0.0,66.57,9.919361885943902,2.7107133185216936,4
Lindoeste,2013,2,5309,15.26,25080.43,sem rede,,66.57,0.0,66.57,10.129843139735447,2.725235025856311,5
Lindoeste,2014,1,5247,15.08,30617.31,sem rede,,66.57,0.0,66.57,10.329320814274816,2.71336936257981,6
Lindoeste,2015,0,5187,14.91,31207.83,sem rede,,66.57,0.0,66.57,10.348424303850456,2.702032128776647,7
Lindoeste,2016,1,5129,14.74,33251.32,sem rede,,66.57,0.0,66.57,10.411849744544126,2.6905648867611904,8
Lindoeste,2017,3,5071,14.58,28827.06,sem rede,,66.57,0.0,66.57,10.269069808325249,2.6796507265805123,9
Lindoeste,2018,0,4762,13.69,34336.62,sem rede,,66.57,0.0,66.57,10.443967702117355,2.6166656393003573,10
Lindoeste,2019,2,4676,13.44,35735.03,sem rede,,66.57,0.0,66.57,10.48388671916681,2.5982353350950036,11
Lindoeste,2020,1,4592,13.2,40704.92,sem rede,,66.57,0.0,66.57,10.614104248645626,2.580216829592325,12
Lindoeste,2021,1,4488,12.9,44757.35,sem rede,,66.57,0.0,66.57,10.70901095602619,2.5572273113676265,13
Lindoeste,2022,4,4734,13.61,49057.88,sem rede,,66.57,0.0,66.57,10.80075610448581,2.6108048166633746,14
Lindoeste,2023,2,4980,14.31,50011.45,sem rede,,66.57,0.0,66.57,10.820007258193785,2.6609585935683597,15
Lindoeste,2024,10,5226,15.02,47657.29,sem rede,,66.57,0.0,66.57,10.771790887936625,2.7093826463359885,16
Lindoeste,2025,1,5217,15.0,47739.51,sem rede,,66.57,0.0,66.57,10.773514635910528,2.70805020110221,17
Lindoeste,2026,3,5217,15.0,47739.51,sem rede,,66.57,0.0,66.57,10.773514635910528,2.70805020110221,18
Marechal Candido Rondon,2008,406,46523,62.25,17408.36,cobertura baixa,35.69,92.67,35.69,92.67,9.764705829588896,4.131158535344817,0
Marechal Candido Rondon,2009,245,47048,62.95,16153.52,cobertura baixa,35.69,92.67,35.69,92.67,9.689893261558048,4.142340760490356,1
Marechal Candido Rondon,2010,186,47157,63.09,20857.75,cobertura baixa,35.69,92.67,35.69,92.67,9.945480860800526,4.144562278382718,2
Marechal Candido Rondon,2011,33,47266,63.24,24327.44,cobertura baixa,35.69,92.67,35.69,92.67,10.099360210348431,4.146937012341271,3
Marechal Candido Rondon,2012,5,47697,63.82,26143.57,cobertura baixa,35.69,92.67,35.69,92.67,10.171358550156048,4.156066620850098,4
Marechal Candido Rondon,2013,8,49773,66.59,30121.67,cobertura baixa,35.69,92.67,35.69,92.67,10.313000125263937,4.198554416122531,5
Marechal Candido Rondon,2014,43,50299,67.3,33995.84,cobertura baixa,35.69,92.67,35.69,92.67,10.43399344317139,4.209160236650682,6
Marechal Candido Rondon,2015,22,50808,67.98,36042.38,cobertura baixa,35.69,92.67,35.69,92.67,10.492450747277728,4.21921354426797,7
Marechal Candido Rondon,2016,34,51306,68.65,40507.47,cobertura baixa,35.69,92.67,35.69,92.67,10.609241680531289,4.229021132213981,8
Marechal Candido Rondon,2017,38,51795,69.3,42466.42,cobertura baixa,35.69,92.67,35.69,92.67,10.656468924957984,4.238444906195857,9
Marechal Candido Rondon,2018,27,52379,70.08,44733.61,cobertura baixa,35.69,92.67,35.69,92.67,10.708480399631291,4.249637446628136,10
Marechal Candido Rondon,2019,34,52944,70.84,44316.94,cobertura baixa,35.69,92.67,35.69,92.67,10.699122275716267,4.260423812914633,11
Marechal Candido Rondon,2020,13,53495,71.57,52950.86,cobertura baixa,35.69,92.67,35.69,92.67,10.877119592635145,4.270675991750506,12
Marechal Candido Rondon,2021,17,54031,72.29,54112.44,cobertura baixa,35.69,92.67,35.69,92.67,10.898819382948513,4.280685807012206,13
Marechal Candido Rondon,2022,15,55401,74.12,65544.74,cobertura baixa,35.69,92.67,35.69,92.67,11.090488241883635,4.3056854014171595,14
Marechal Candido Rondon,2023,13,56770,75.96,69033.06,cobertura baixa,35.69,92.67,35.69,92.67,11.142340799267844,4.330206885944085,15
Marechal Candido Rondon,2024,19,58140,77.79,67406.38,cobertura baixa,35.69,92.67,35.69,92.67,11.11849495117425,4.354012888218683,16
Marechal Candido Rondon,2025,14,58734,78.58,66724.67,cobertura baixa,35.69,92.67,35.69,92.67,11.10833002858796,4.364117214130314,17
Marechal Candido Rondon,2026,9,58734,78.58,66724.67,cobertura baixa,35.69,92.67,35.69,92.67,11.10833002858796,4.364117214130314,18
Matelandia,2008,73,16056,25.05,13450.49,cobertura alta,72.88,80.56,72.88,80.56,9.50677081559315,3.2208738275308737,0
Matelandia,2009,77,16217,25.3,13990.07,cobertura alta,72.88,80.56,72.88,80.56,9.54610307122099,3.2308043957334744,1
Matelandia,2010,212,16214,25.29,15742.88,cobertura alta,72.88,80.56,72.88,80.56,9.66414347855021,3.2304090606818736,2
Matelandia,2011,58,16212,25.29,19576.12,cobertura alta,72.88,80.56,72.88,80.56,9.882065735058767,3.2304090606818736,3
Matelandia,2012,40,16340,25.49,23178.46,cobertura alta,72.88,80.56,72.88,80.56,10.050978678103474,3.238286218388024,4
Matelandia,2013,28,17026,26.56,29879.48,cobertura alta,72.88,80.56,72.88,80.56,10.304927236150206,3.279406324608233,5
Matelandia,2014,54,17186,26.81,33660.71,cobertura alta,72.88,80.56,72.88,80.56,10.424086560808137,3.2887749522478678,6
Matelandia,2015,18,17340,27.05,37767.82,cobertura alta,72.88,80.56,72.88,80.56,10.539212696275346,3.2976870052924907,7
Matelandia,2016,61,17491,27.29,43168.83,cobertura alta,72.88,80.56,72.88,80.56,10.67287398602798,3.306520334720247,8
Matelandia,2017,20,17640,27.52,48866.84,cobertura alta,72.88,80.56,72.88,80.56,10.796854326827136,3.314913013065143,9
Matelandia,2018,17,17775,27.73,51478.2,cobertura alta,72.88,80.56,72.88,80.56,10.848913696063807,3.322514859627687,10
Matelandia,2019,18,17943,27.99,47077.02,cobertura alta,72.88,80.56,72.88,80.56,10.759540262854337,3.331847303527362,11
Matelandia,2020,21,18107,28.25,54738.28,cobertura alta,72.88,80.56,72.88,80.56,10.910318560836854,3.34109345759245,12
Matelandia,2021,18,18266,28.5,60022.23,cobertura alta,72.88,80.56,72.88,80.56,11.002470272586061,3.349904087274605,13
Matelandia,2022,34,18518,28.89,69568.96,cobertura alta,72.88,80.56,72.88,80.56,11.150073769833693,3.363495514478144,14
Matelandia,2023,32,18770,29.28,76761.59,cobertura alta,72.88,80.56,72.88,80.56,11.248459663820602,3.3769046890931107,15
Matelandia,2024,18,19022,29.68,75744.66,cobertura alta,72.88,80.56,72.88,80.56,11.235123225837217,3.39047341829918,16
Matelandia,2025,34,19223,29.99,74952.66,cobertura alta,72.88,80.56,72.88,80.56,11.224611993227862,3.4008639927609177,17
Matelandia,2026,11,19223,29.99,74952.66,cobertura alta,72.88,80.56,72.88,80.56,11.224611993227862,3.4008639927609177,18
Medianeira,2008,494,39700,120.52,14984.96,cobertura baixa,42.69,92.83,42.69,92.83,9.614802310411198,4.791815714262101,0
Medianeira,2009,318,39857,121.0,16209.7,cobertura baixa,42.69,92.83,42.69,92.83,9.693365107464077,4.795790545596741,1
Medianeira,2010,371,40990,124.44,18303.44,cobertura baixa,42.69,92.83,42.69,92.83,9.814844299305912,4.8238236720294365,2
Medianeira,2011,263,42124,127.88,21754.63,cobertura baixa,42.69,92.83,42.69,92.83,9.987581887425687,4.851092324191641,3
Medianeira,2012,262,42420,128.78,24382.77,cobertura baixa,42.69,92.83,42.69,92.83,10.1016320143007,4.858105522110037,4
Medianeira,2013,243,44149,134.03,28674.33,cobertura baixa,42.69,92.83,42.69,92.83,10.263757576423814,4.898063655490406,5
Medianeira,2014,191,44523,135.16,31048.72,cobertura baixa,42.69,92.83,42.69,92.83,10.34331286267937,4.90645926184609,6
Medianeira,2015,108,44885,136.26,33029.23,cobertura baixa,42.69,92.83,42.69,92.83,10.405148205972624,4.914564825345522,7
Medianeira,2016,130,45239,137.34,36981.87,cobertura baixa,42.69,92.83,42.69,92.83,10.51818307153713,4.9224596031925305,8
Medianeira,2017,95,45586,138.39,39995.74,cobertura baixa,42.69,92.83,42.69,92.83,10.596528227424546,4.930075786237839,9
Medianeira,2018,58,45812,139.08,42116.0,cobertura baixa,42.69,92.83,42.69,92.83,10.64818299497665,4.935049307139661,10
Medianeira,2019,145,46198,140.25,42284.71,cobertura baixa,42.69,92.83,42.69,92.83,10.652180833968849,4.943426544402806,11
Medianeira,2020,27,46574,141.39,44412.91,cobertura baixa,42.69,92.83,42.69,92.83,10.70128547192191,4.951522029603749,12
Medianeira,2021,19,46940,142.5,52024.71,cobertura baixa,42.69,92.83,42.69,92.83,10.859474077003147,4.959341999708705,13
Medianeira,2022,17,50333,152.8,52540.28,cobertura baixa,42.69,92.83,42.69,92.83,10.869335392498265,5.02912987673242,14
Medianeira,2023,32,53727,163.11,55979.23,cobertura baixa,42.69,92.83,42.69,92.83,10.932736008062376,5.094424819825939,15
Medianeira,2024,41,57120,173.41,52653.99,cobertura baixa,42.69,92.83,42.69,92.83,10.871497298166483,5.1556587328104575,16
Medianeira,2025,47,57910,175.8,51935.69,cobertura baixa,42.69,92.83,42.69,92.83,10.857761501411723,5.169346985251076,17
Medianeira,2026,17,57910,175.8,51935.69,cobertura baixa,42.69,92.83,42.69,92.83,10.857761501411723,5.169346985251076,18
Mercedes,2008,29,4879,24.69,16898.54,sem rede,,95.11,0.0,95.11,9.734982506646743,3.206398303357088,0
Mercedes,2009,18,4902,24.81,13944.51,sem rede,,95.11,0.0,95.11,9.542841161401924,3.21124679770371,1
Mercedes,2010,11,4991,25.26,17099.38,sem rede,,95.11,0.0,95.11,9.746797484523498,3.229222116922345,2
Mercedes,2011,6,5080,25.71,19142.52,sem rede,,95.11,0.0,95.11,9.859667317782344,3.246880021277798,3
Mercedes,2012,2,5113,25.88,20994.52,sem rede,,95.11,0.0,95.11,9.95201673027061,3.2534704696327,4
Mercedes,2013,4,5316,26.9,27848.57,sem rede,,95.11,0.0,95.11,10.234536897538051,3.292126286607793,5
Mercedes,2014,4,5357,27.11,30034.53,sem rede,,95.11,0.0,95.11,10.310102998751637,3.299902663510574,6
Mercedes,2015,8,5398,27.32,32309.93,sem rede,,95.11,0.0,95.11,10.38312989230428,3.307619034702589,7
Mercedes,2016,6,5437,27.52,36693.21,sem rede,,95.11,0.0,95.11,10.510347003301552,3.314913013065143,8
Mercedes,2017,1,5476,27.71,37414.17,sem rede,,95.11,0.0,95.11,10.529804788652202,3.321793358874887,9
Mercedes,2018,0,5493,27.8,39391.41,sem rede,,95.11,0.0,95.11,10.581303051211576,3.3250360206965914,10
Mercedes,2019,3,5536,28.02,35571.53,sem rede,,95.11,0.0,95.11,10.479300877793088,3.332918540908861,11
Mercedes,2020,0,5577,28.22,44276.13,sem rede,,95.11,0.0,95.11,10.698200984629128,3.340030946424668,12
Mercedes,2021,1,5617,28.43,49530.18,sem rede,,95.11,0.0,95.11,10.810337459736795,3.3474449256629084,13
Mercedes,2022,1,5790,29.3,45340.93,sem rede,,95.11,0.0,95.11,10.721965435540616,3.3775875160230218,14
Mercedes,2023,0,5963,30.18,52300.69,sem rede,,95.11,0.0,95.11,10.864764843082622,3.407179453339703,15
Mercedes,2024,0,6136,31.05,50826.11,sem rede,,95.11,0.0,95.11,10.83616547790391,3.435598808379488,16
Mercedes,2025,0,6194,31.35,50350.18,sem rede,,95.11,0.0,95.11,10.826757473115492,3.4452142670789296,17
Mercedes,2026,0,6194,31.35,50350.18,sem rede,,95.11,0.0,95.11,10.826757473115492,3.4452142670789296,18
Nova Aurora,2008,4,11833,25.09,17163.61,cobertura baixa,58.46,83.32,58.46,83.32,9.750546723877038,3.222469360378331,0
Nova Aurora,2009,9,11636,24.67,15956.86,cobertura baixa,58.46,83.32,58.46,83.32,9.677644109792945,3.2055879305412653,1
Nova Aurora,2010,6,11683,24.77,17542.41,cobertura baixa,58.46,83.32,58.46,83.32,9.772376656715677,3.209633243501268,2
Nova Aurora,2011,22,11730,24.87,20871.78,cobertura baixa,58.46,83.32,58.46,83.32,9.946153286324064,3.2136622578153133,3
Nova Aurora,2012,21,11598,24.59,24358.42,cobertura baixa,58.46,83.32,58.46,83.32,10.100632859293375,3.202339856228101,4
Nova Aurora,2013,12,11786,24.99,31266.93,cobertura baixa,58.46,83.32,58.46,83.32,10.35031626846558,3.218475744846861,5
Nova Aurora,2014,5,11659,24.72,34330.3,cobertura baixa,58.46,83.32,58.46,83.32,10.443783625126052,3.20761263258949,6
Nova Aurora,2015,4,11537,24.46,37843.89,cobertura baixa,58.46,83.32,58.46,83.32,10.541224819150624,3.1970391302590264,7
Nova Aurora,2016,13,11418,24.21,45562.97,cobertura baixa,58.46,83.32,58.46,83.32,10.726850604198495,3.1867657709499673,8
Nova Aurora,2017,3,11300,23.96,48606.99,cobertura baixa,58.46,83.32,58.46,83.32,10.791522626706945,3.1763857732472487,9
Nova Aurora,2018,4,10650,22.58,58756.53,cobertura baixa,58.46,83.32,58.46,83.32,10.98115757476599,3.1170645587215158,10
Nova Aurora,2019,17,10472,22.21,52995.42,cobertura baixa,58.46,83.32,58.46,83.32,10.87796077370592,3.100542637906336,11
Nova Aurora,2020,21,10299,21.84,72354.4,cobertura baixa,58.46,83.32,58.46,83.32,11.189331545690747,3.083743150876704,12
Nova Aurora,2021,1,10131,21.48,80915.51,cobertura baixa,58.46,83.32,58.46,83.32,11.301160802841585,3.067122269640664,13
Nova Aurora,2022,3,11494,24.37,74087.35,cobertura baixa,58.46,83.32,58.46,83.32,11.21300008146101,3.193352867637115,14
Nova Aurora,2023,3,12856,27.26,80959.32,cobertura baixa,58.46,83.32,58.46,83.32,11.301702085276533,3.3054204262683866,15
Nova Aurora,2024,13,14219,30.15,73198.75,cobertura baixa,58.46,83.32,58.46,83.32,11.200933623300866,3.4061849231731944,16
Nova Aurora,2025,11,14331,30.39,72626.68,cobertura baixa,58.46,83.32,58.46,83.32,11.19308762641678,3.414113606928702,17
Nova Aurora,2026,4,14331,30.39,72626.68,cobertura baixa,58.46,83.32,58.46,83.32,11.19308762641678,3.414113606928702,18
Ouro Verde do Oeste,2008,35,5636,19.19,14248.76,sem rede,,74.6,0.0,74.6,9.56442516436669,2.9543893100196086,0
Ouro Verde do Oeste,2009,21,5648,19.23,11869.87,sem rede,,74.6,0.0,74.6,9.381758535563959,2.9564715596006885,1
Ouro Verde do Oeste,2010,3,5678,19.33,13672.24,sem rede,,74.6,0.0,74.6,9.523122778766574,2.9616582932202395,2
Ouro Verde do Oeste,2011,24,5709,19.44,15257.14,sem rede,,74.6,0.0,74.6,9.632802869186984,2.967332799032293,3
Ouro Verde do Oeste,2012,19,5726,19.5,16409.54,sem rede,,74.6,0.0,74.6,9.705618152003247,2.970414465569701,4
Ouro Verde do Oeste,2013,14,5927,20.18,23436.98,sem rede,,74.6,0.0,74.6,10.062070395799973,3.004692014925463,5
Ouro Verde do Oeste,2014,19,5952,20.27,24502.52,sem rede,,74.6,0.0,74.6,10.106531248386242,3.0091419604639085,6
Ouro Verde do Oeste,2015,3,5976,20.35,24964.19,sem rede,,74.6,0.0,74.6,10.125197676984753,3.013080911888604,7
Ouro Verde do Oeste,2016,4,6000,20.43,28097.17,sem rede,,74.6,0.0,74.6,10.243424138506297,3.0170044088295307,8
Ouro Verde do Oeste,2017,3,6023,20.51,29023.24,sem rede,,74.6,0.0,74.6,10.275852167346004,3.0209125720842893,9
Ouro Verde do Oeste,2018,1,5975,20.34,29576.07,sem rede,,74.6,0.0,74.6,10.294720867397546,3.012589390620414,10
Ouro Verde do Oeste,2019,0,5996,20.42,29985.99,sem rede,,74.6,0.0,74.6,10.308485551565832,3.01651481273652,11
Ouro Verde do Oeste,2020,0,6016,20.48,43839.93,sem rede,,74.6,0.0,74.6,10.688300324905294,3.019448800171307,12
Ouro Verde do Oeste,2021,0,6036,20.55,52786.94,sem rede,,74.6,0.0,74.6,10.874019090613823,3.022860940942244,13
Ouro Verde do Oeste,2022,0,6368,21.68,37282.04,sem rede,,74.6,0.0,74.6,10.526266988332429,3.0763901765714454,14
Ouro Verde do Oeste,2023,1,6699,22.81,44355.43,sem rede,,74.6,0.0,74.6,10.699990415417897,3.1271990362962967,15
Ouro Verde do Oeste,2024,0,7031,23.94,42260.99,sem rede,,74.6,0.0,74.6,10.651619717303605,3.1755507001298273,16
Ouro Verde do Oeste,2025,2,7102,24.18,41838.5,sem rede,,74.6,0.0,74.6,10.641572247235727,3.1855258451866466,17
Ouro Verde do Oeste,2026,1,7102,24.18,41838.5,sem rede,,74.6,0.0,74.6,10.641572247235727,3.1855258451866466,18
Palotina,2008,170,28691,43.96,24753.79,cobertura alta,76.65,92.05,76.65,92.05,10.116733887586564,3.7832801295354206,0
Palotina,2009,105,28966,44.38,25311.85,cobertura alta,76.65,92.05,76.65,92.05,10.139027944506838,3.792788917504448,1
Palotina,2010,217,28936,44.33,27606.79,cobertura alta,76.65,92.05,76.65,92.05,10.225817035941391,3.7916616487569623,2
Palotina,2011,203,28907,44.29,32496.63,cobertura alta,76.65,92.05,76.65,92.05,10.388891670633718,3.790758917935107,3
Palotina,2012,116,29123,44.62,34812.31,cobertura alta,76.65,92.05,76.65,92.05,10.45772633884505,3.7981821890043865,4
Palotina,2013,48,30327,46.46,45312.69,cobertura alta,76.65,92.05,76.65,92.05,10.721342404691688,3.838591727342263,5
Palotina,2014,90,30598,46.88,47319.5,cobertura alta,76.65,92.05,76.65,92.05,10.764677751679779,3.8475911452687575,6
Palotina,2015,47,30859,47.28,53437.51,cobertura alta,76.65,92.05,76.65,92.05,10.8862682128136,3.856087373097843,7
Palotina,2016,64,31115,47.67,62617.71,cobertura alta,76.65,92.05,76.65,92.05,11.044803424425695,3.864302269216734,8
Palotina,2017,91,31366,48.06,64942.84,cobertura alta,76.65,92.05,76.65,92.05,11.081262777376908,3.872450230308323,9
Palotina,2018,54,31564,48.36,69645.42,cobertura alta,76.65,92.05,76.65,92.05,11.151172219687622,3.878673025746592,10
Palotina,2019,63,31846,48.79,67256.77,cobertura alta,76.65,92.05,76.65,92.05,11.116272961542268,3.8875253738277458,11
Palotina,2020,24,32121,49.21,83298.96,cobertura alta,76.65,92.05,76.65,92.05,11.330191343082998,3.8960968548778867,12
Palotina,2021,54,32389,49.62,86937.39,cobertura alta,76.65,92.05,76.65,92.05,11.37294348338822,3.9043939782636548,13
Palotina,2022,93,33800,51.78,92004.85,cobertura alta,76.65,92.05,76.65,92.05,11.429596572032969,3.947003974323392,14
Palotina,2023,74,35212,53.95,105023.71,cobertura alta,76.65,92.05,76.65,92.05,11.561941413172336,3.9880576917041437,15
Palotina,2024,84,36623,56.11,100977.39,cobertura alta,76.65,92.05,76.65,92.05,11.522651909376558,4.0273140497628805,16
Palotina,2025,39,37039,56.75,99843.27,cobertura alta,76.65,92.05,76.65,92.05,11.511356935470753,4.038655656361512,17
Palotina,2026,36,37039,56.75,99843.27,cobertura alta,76.65,92.05,76.65,92.05,11.511356935470753,4.038655656361512,18
Pato Bragado,2008,6,4867,35.81,11824.12,sem rede,,100.0,0.0,100.0,9.37789679198628,3.5782271840103412,0
Pato Bragado,2009,15,4947,36.4,10687.29,sem rede,,100.0,0.0,100.0,9.276810463929163,3.594568774642695,1
Pato Bragado,2010,13,4914,36.16,13460.11,sem rede,,100.0,0.0,100.0,9.507485775527881,3.5879535355239756,2
Pato Bragado,2011,25,4882,35.92,15472.55,sem rede,,100.0,0.0,100.0,9.646822765148125,3.581294243433999,3
Pato Bragado,2012,17,4939,36.34,16209.76,sem rede,,100.0,0.0,100.0,9.693368808944609,3.592919062968025,4
Pato Bragado,2013,14,5170,38.04,21607.93,sem rede,,100.0,0.0,100.0,9.980815655926293,3.6386382376771897,5
Pato Bragado,2014,13,5239,38.55,24362.86,sem rede,,100.0,0.0,100.0,10.10081512051526,3.6519561000093383,6
Pato Bragado,2015,26,5304,39.03,24704.75,sem rede,,100.0,0.0,100.0,10.114750811819622,3.6643305811925235,7
Pato Bragado,2016,8,5369,39.51,28049.17,sem rede,,100.0,0.0,100.0,10.241714320495223,3.6765538044232993,8
Pato Bragado,2017,33,5432,39.97,29336.34,sem rede,,100.0,0.0,100.0,10.286582299539468,3.688129172723232,9
Pato Bragado,2018,43,5535,40.73,29832.34,sem rede,,100.0,0.0,100.0,10.303348318951125,3.706964921660321,10
Pato Bragado,2019,29,5610,41.28,30413.9,sem rede,,100.0,0.0,100.0,10.322655019735507,3.720378121173307,11
Pato Bragado,2020,28,5684,41.82,38500.0,sem rede,,100.0,0.0,100.0,10.558413520275876,3.7333746940004877,12
Pato Bragado,2021,42,5755,42.35,42308.08,sem rede,,100.0,0.0,100.0,10.652733363341495,3.7459684210980635,13
Pato Bragado,2022,36,5816,42.8,38397.87,sem rede,,100.0,0.0,100.0,10.55575726828737,3.756538102587751,14
Pato Bragado,2023,97,5878,43.25,45890.44,sem rede,,100.0,0.0,100.0,10.73401209548848,3.7669972333778885,15
Pato Bragado,2024,50,5939,43.7,45419.09,sem rede,,100.0,0.0,100.0,10.72368778023207,3.7773481021015445,16
Pato Bragado,2025,19,6004,44.18,44927.38,sem rede,,100.0,0.0,100.0,10.712802687432713,3.788272197991971,17
Pato Bragado,2026,10,6004,44.18,44927.38,sem rede,,100.0,0.0,100.0,10.712802687432713,3.788272197991971,18
Quatro Pontes,2008,80,3789,33.06,19111.38,sem rede,,76.21,0.0,76.21,9.858039248127834,3.498324092392878,0
Quatro Pontes,2009,58,3800,33.16,17494.21,sem rede,,76.21,0.0,76.21,9.769625248023448,3.501344330267094,1
Quatro Pontes,2010,39,3808,33.23,20197.74,sem rede,,76.21,0.0,76.21,9.91332599594201,3.503453082366503,2
Quatro Pontes,2011,12,3816,33.3,25503.67,sem rede,,76.21,0.0,76.21,10.14657764235943,3.505557396986398,3
Quatro Pontes,2012,17,3827,33.39,22315.13,sem rede,,76.21,0.0,76.21,10.013020202724196,3.508256453955563,4
Quatro Pontes,2013,7,3963,34.58,29752.46,sem rede,,76.21,0.0,76.21,10.300667096630853,3.5432754802551445,5
Quatro Pontes,2014,2,3981,34.74,36762.37,sem rede,,76.21,0.0,76.21,10.512230046643825,3.5478917608129588,6
Quatro Pontes,2015,5,3998,34.89,35416.21,sem rede,,76.21,0.0,76.21,10.474924903917776,3.5522002551986827,7
Quatro Pontes,2016,1,4014,35.03,39901.84,sem rede,,76.21,0.0,76.21,10.594177717102898,3.5562048372093953,8
Quatro Pontes,2017,5,4031,35.17,43148.6,sem rede,,76.21,0.0,76.21,10.672405251025781,3.5601934464858913,9
Quatro Pontes,2018,19,4000,34.9,44284.25,sem rede,,76.21,0.0,76.21,10.698384362343244,3.5524868292083815,10
Quatro Pontes,2019,14,4015,35.03,42783.56,sem rede,,76.21,0.0,76.21,10.663909195630387,3.5562048372093953,11
Quatro Pontes,2020,16,4029,35.16,60921.32,sem rede,,76.21,0.0,76.21,11.017338474535354,3.559909072816976,12
Quatro Pontes,2021,6,4043,35.28,62717.54,sem rede,,76.21,0.0,76.21,11.046396432316314,3.5633162311385904,13
Quatro Pontes,2022,5,4241,37.01,59684.51,sem rede,,76.21,0.0,76.21,10.99682780172749,3.6111881463980646,14
Quatro Pontes,2023,14,4438,38.73,69202.79,sem rede,,76.21,0.0,76.21,11.14479645871209,3.6566144935266607,15
Quatro Pontes,2024,11,4636,40.45,66247.2,sem rede,,76.21,0.0,76.21,11.10114847880437,3.700066643504501,16
Quatro Pontes,2025,7,4672,40.77,65736.73,sem rede,,76.21,0.0,76.21,11.093413104575529,3.707946516831162,17
Quatro Pontes,2026,0,4672,40.77,65736.73,sem rede,,76.21,0.0,76.21,11.093413104575529,3.707946516831162,18
Ramilandia,2008,19,4322,18.18,11115.22,sem rede,,60.45,0.0,60.45,9.316070619274841,2.900322088749333,0
Ramilandia,2009,21,4365,18.36,9772.51,sem rede,,60.45,0.0,60.45,9.187328620946197,2.9101743851923443,1
Ramilandia,2010,65,4260,17.92,11466.9,sem rede,,60.45,0.0,60.45,9.347219903323554,2.8859174075467844,2
Ramilandia,2011,26,4155,17.48,13067.15,sem rede,,60.45,0.0,60.45,9.477856726222257,2.8610573702273894,3
Ramilandia,2012,13,4175,17.56,13619.16,sem rede,,60.45,0.0,60.45,9.519232903792773,2.8656235882069705,4
Ramilandia,2013,2,4332,18.22,16269.39,sem rede,,60.45,0.0,60.45,9.69704070719308,2.9025198918318122,5
Ramilandia,2014,6,4359,18.34,16955.04,sem rede,,60.45,0.0,60.45,9.738320413743036,2.9090844668283187,6
Ramilandia,2015,1,4385,18.45,17376.51,sem rede,,60.45,0.0,60.45,9.762874573131665,2.915064370486536,7
Ramilandia,2016,18,4410,18.55,19097.73,sem rede,,60.45,0.0,60.45,9.857324758804179,2.920469789053444,8
Ramilandia,2017,3,4435,18.66,18396.84,sem rede,,60.45,0.0,60.45,9.81993418971779,2.926382195419198,9
Ramilandia,2018,3,4426,18.62,18590.6,sem rede,,60.45,0.0,60.45,9.83041135561154,2.924236271848921,10
Ramilandia,2019,2,4451,18.73,18432.94,sem rede,,60.45,0.0,60.45,9.821894560459139,2.930126516455997,11
Ramilandia,2020,1,4476,18.83,21002.46,sem rede,,60.45,0.0,60.45,9.952394852702014,2.935451342669061,12
Ramilandia,2021,5,4500,18.93,25283.11,sem rede,,60.45,0.0,60.45,10.137891862846088,2.9407479652212314,13
Ramilandia,2022,4,4431,18.64,22277.59,sem rede,,60.45,0.0,60.45,10.011336519429337,2.925309809257445,14
Ramilandia,2023,11,4362,18.35,29019.94,sem rede,,60.45,0.0,60.45,10.275738458896413,2.9096295745005794,15
Ramilandia,2024,1,4293,18.06,29486.37,sem rede,,60.45,0.0,60.45,10.291683401659055,2.8936995479888394,16
Ramilandia,2025,8,4279,18.0,29582.85,sem rede,,60.45,0.0,60.45,10.294950080507917,2.8903717578961645,17
Ramilandia,2026,7,4279,18.0,29582.85,sem rede,,60.45,0.0,60.45,10.294950080507917,2.8903717578961645,18
Santa Helena,2008,186,23872,31.57,15717.28,cobertura baixa,43.95,50.69,43.95,50.69,9.662516023022306,3.4522073025699003,0
Santa Helena,2009,166,24198,32.0,13791.72,cobertura baixa,43.95,50.69,43.95,50.69,9.531823691073264,3.4657359027997265,1
Santa Helena,2010,168,23918,31.63,17272.85,cobertura baixa,43.95,50.69,43.95,50.69,9.756891183582168,3.4541060373175574,2
Santa Helena,2011,79,23638,31.26,20692.7,cobertura baixa,43.95,50.69,43.95,50.69,9.937536260050525,3.4423393249933305,3
Santa Helena,2012,77,23855,31.55,21984.32,cobertura baixa,43.95,50.69,43.95,50.69,9.998084750956895,3.4515735889872223,4
Santa Helena,2013,92,24895,32.93,25195.22,cobertura baixa,43.95,50.69,43.95,50.69,10.134409572967824,3.494384096388273,5
Santa Helena,2014,61,25159,33.27,27749.0,cobertura baixa,43.95,50.69,43.95,50.69,10.230955082489231,3.5046560900303856,6
Santa Helena,2015,45,25415,33.61,30515.21,cobertura baixa,43.95,50.69,43.95,50.69,10.325980526816295,3.5148236417370144,7
Santa Helena,2016,76,25665,33.94,33300.25,cobertura baixa,43.95,50.69,43.95,50.69,10.413320183447862,3.52459425980608,8
Santa Helena,2017,69,25911,34.27,33043.65,cobertura baixa,43.95,50.69,43.95,50.69,10.40558469368828,3.5342703358865175,9
Santa Helena,2018,43,26206,34.66,35652.98,cobertura baixa,43.95,50.69,43.95,50.69,10.481588012811788,3.54558628428746,10
Santa Helena,2019,27,26490,35.04,36926.61,cobertura baixa,43.95,50.69,43.95,50.69,10.51668770834478,3.5564902660681907,11
Santa Helena,2020,25,26767,35.4,45163.67,cobertura baixa,43.95,50.69,43.95,50.69,10.718048281569263,3.5667118201397288,12
Santa Helena,2021,9,27036,35.76,54194.07,cobertura baixa,43.95,50.69,43.95,50.69,10.900326771847975,3.576829950305313,13
Santa Helena,2022,30,26804,35.45,58222.77,cobertura baixa,43.95,50.69,43.95,50.69,10.972031794319648,3.5681232529781366,14
Santa Helena,2023,15,26573,35.14,61756.07,cobertura baixa,43.95,50.69,43.95,50.69,11.030947549254277,3.559340082758951,15
Santa Helena,2024,29,26341,34.84,62299.99,cobertura baixa,43.95,50.69,43.95,50.69,11.039716544261887,3.5507661519843023,16
Santa Helena,2025,46,26461,35.0,62017.46,cobertura baixa,43.95,50.69,43.95,50.69,11.035171237284983,3.5553480614894135,17
Santa Helena,2026,29,26461,35.0,62017.46,cobertura baixa,43.95,50.69,43.95,50.69,11.035171237284983,3.5553480614894135,18
Santa Lucia,2008,33,3781,29.77,9752.71,sem rede,,74.19,0.0,74.19,9.185300474089253,3.393501175027685,0
Santa Lucia,2009,28,3743,29.47,10035.53,sem rede,,74.19,0.0,74.19,9.213887074982754,3.3833727967496032,1
Santa Lucia,2010,17,3826,30.13,14526.92,sem rede,,74.19,0.0,74.19,9.583758758870731,3.40552135314221,2
Santa Lucia,2011,2,3910,30.79,18216.62,sem rede,,74.19,0.0,74.19,9.81008964317666,3.427189961936409,3
Santa Lucia,2012,3,3895,30.67,20221.05,sem rede,,74.19,0.0,74.19,9.914479420009593,3.4232849781261603,4
Santa Lucia,2013,2,3997,31.47,22486.87,sem rede,,74.19,0.0,74.19,10.020686862302142,3.4490347110763153,5
Santa Lucia,2014,3,3986,31.39,23218.77,sem rede,,74.19,0.0,74.19,10.05271628227261,3.4464893708538624,6
Santa Lucia,2015,5,3976,31.31,23335.01,sem rede,,74.19,0.0,74.19,10.057710086924642,3.443937535338314,7
Santa Lucia,2016,5,3965,31.22,27681.46,sem rede,,74.19,0.0,74.19,10.228518154005343,3.441058915087286,8
Santa Lucia,2017,1,3955,31.14,25141.34,sem rede,,74.19,0.0,74.19,10.132268782235299,3.4384931664058525,9
Santa Lucia,2018,3,3834,30.19,28147.37,sem rede,,74.19,0.0,74.19,10.24520920113922,3.4075107437187473,10
Santa Lucia,2019,3,3813,30.02,30452.4,sem rede,,74.19,0.0,74.19,10.323920087766078,3.401863826205316,11
Santa Lucia,2020,5,3793,29.87,38485.9,sem rede,,74.19,0.0,74.19,10.558047219429678,3.3968546322280186,12
Santa Lucia,2021,1,3795,29.88,36919.1,sem rede,,74.19,0.0,74.19,10.516484311288245,3.3971893602646164,13
Santa Lucia,2022,6,3749,29.52,41763.94,sem rede,,74.19,0.0,74.19,10.63978856676497,3.385067999732272,14
Santa Lucia,2023,4,3703,29.16,42718.88,sem rede,,74.19,0.0,74.19,10.662396256061934,3.3727979071404572,15
Santa Lucia,2024,3,3657,28.8,43256.22,sem rede,,74.19,0.0,74.19,10.674896317048537,3.3603753871419,16
Santa Lucia,2025,4,3638,28.65,43482.13,sem rede,,74.19,0.0,74.19,10.680105328075749,3.3551534431607486,17
Santa Lucia,2026,0,3638,28.65,43482.13,sem rede,,74.19,0.0,74.19,10.680105328075749,3.3551534431607486,18
Santa Tereza do Oeste,2008,6,9462,28.95,14471.89,cobertura baixa,46.69,90.7,46.69,90.7,9.579963426161777,3.3655702040190043,0
Santa Tereza do Oeste,2009,3,9320,28.52,14817.17,cobertura baixa,46.69,90.7,46.69,90.7,9.603541922450603,3.3506055955460954,1
Santa Tereza do Oeste,2010,3,9810,30.02,16649.64,cobertura baixa,46.69,90.7,46.69,90.7,9.720143873553218,3.401863826205316,2
Santa Tereza do Oeste,2011,2,10300,31.52,20637.18,cobertura baixa,46.69,90.7,46.69,90.7,9.93484958235408,3.4506222649896783,3
Santa Tereza do Oeste,2012,3,10269,31.42,22550.69,cobertura baixa,46.69,90.7,46.69,90.7,10.023520943132318,3.4474446328274753,4
Santa Tereza do Oeste,2013,0,10548,32.28,29430.6,cobertura baixa,46.69,90.7,46.69,90.7,10.289790228379536,3.474447843401748,5
Santa Tereza do Oeste,2014,1,10528,32.22,30656.82,cobertura baixa,46.69,90.7,46.69,90.7,10.330610428847091,3.472587377748828,6
Santa Tereza do Oeste,2015,0,10509,32.16,29454.09,cobertura baixa,46.69,90.7,46.69,90.7,10.29058805889358,3.4707234443107655,7
Santa Tereza do Oeste,2016,2,10489,32.1,34475.93,cobertura baixa,46.69,90.7,46.69,90.7,10.44801667836727,3.4688560301359703,8
Santa Tereza do Oeste,2017,1,10471,32.04,34005.25,cobertura baixa,46.69,90.7,46.69,90.7,10.434270203442734,3.4669851222001586,9
Santa Tereza do Oeste,2018,1,10182,31.16,36647.52,cobertura baixa,46.69,90.7,46.69,90.7,10.509101037903855,3.4391352210025476,10
Santa Tereza do Oeste,2019,0,10139,31.03,37598.38,cobertura baixa,46.69,90.7,46.69,90.7,10.534716243343413,3.434954478460289,11
Santa Tereza do Oeste,2020,0,10096,30.89,52218.8,cobertura baixa,46.69,90.7,46.69,90.7,10.86319786228782,3.43043250693049,12
Santa Tereza do Oeste,2021,1,10055,30.77,57891.1,cobertura baixa,46.69,90.7,46.69,90.7,10.966318938447195,3.4265401893339504,13
Santa Tereza do Oeste,2022,1,11286,34.53,60134.41,cobertura baixa,46.69,90.7,46.69,90.7,11.004337502438583,3.541828511401901,14
Santa Tereza do Oeste,2023,1,12518,38.3,56983.14,cobertura baixa,46.69,90.7,46.69,90.7,10.950510713588669,3.6454498961866,15
Santa Tereza do Oeste,2024,1,13749,42.07,51881.23,cobertura baixa,46.69,90.7,46.69,90.7,10.856712346707548,3.7393348976024297,16
Santa Tereza do Oeste,2025,1,13938,42.65,51177.72,cobertura baixa,46.69,90.7,46.69,90.7,10.843059560069642,3.753027273937688,17
Santa Tereza do Oeste,2026,1,13938,42.65,51177.72,cobertura baixa,46.69,90.7,46.69,90.7,10.843059560069642,3.753027273937688,18
Sao Jose das Palmeiras,2008,10,3960,21.66,8516.67,sem rede,,75.68,0.0,75.68,9.049780698353096,3.0754672415728446,0
Sao Jose das Palmeiras,2009,11,3942,21.56,7369.36,sem rede,,75.68,0.0,75.68,8.9050861428781,3.070839746040796,1
Sao Jose das Palmeiras,2010,5,3876,21.2,10007.22,sem rede,,75.68,0.0,75.68,9.21106211145957,3.054001181677967,2
Sao Jose das Palmeiras,2011,7,3810,20.84,11445.41,sem rede,,75.68,0.0,75.68,9.345344055248734,3.0368742168851663,3
Sao Jose das Palmeiras,2012,5,3789,20.73,10812.62,sem rede,,75.68,0.0,75.68,9.288469249444445,3.0315819264476884,4
Sao Jose das Palmeiras,2013,6,3880,21.23,15731.7,sem rede,,75.68,0.0,75.68,9.663433063957214,3.055415275715165,5
Sao Jose das Palmeiras,2014,4,3864,21.14,16506.99,sem rede,,75.68,0.0,75.68,9.711539206543758,3.051166980442092,6
Sao Jose das Palmeiras,2015,3,3847,21.04,18293.74,sem rede,,75.68,0.0,75.68,9.814314203805267,3.046425387869509,7
Sao Jose das Palmeiras,2016,2,3832,20.96,21376.83,sem rede,,75.68,0.0,75.68,9.970062904175377,3.0426158594528414,8
Sao Jose das Palmeiras,2017,2,3816,20.88,19231.39,sem rede,,75.68,0.0,75.68,9.864299118861858,3.038791763014438,9
Sao Jose das Palmeiras,2018,3,3682,20.14,20466.05,sem rede,,75.68,0.0,75.68,9.926522694720038,3.0027078872904163,10
Sao Jose das Palmeiras,2019,2,3654,19.99,20935.14,sem rede,,75.68,0.0,75.68,9.949184365796539,2.995232148512309,11
Sao Jose das Palmeiras,2020,3,3627,19.84,25015.99,sem rede,,75.68,0.0,75.68,10.127270499393434,2.987700101856727,12
Sao Jose das Palmeiras,2021,0,3601,19.7,27499.03,sem rede,,75.68,0.0,75.68,10.221906010305293,2.9806186357439426,13
Sao Jose das Palmeiras,2022,0,3744,20.48,23876.34,sem rede,,75.68,0.0,75.68,10.080643289428396,3.019448800171307,14
Sao Jose das Palmeiras,2023,0,3887,21.26,28215.59,sem rede,,75.68,0.0,75.68,10.247629941047627,3.056827372913802,15
Sao Jose das Palmeiras,2024,3,4030,22.05,27214.39,sem rede,,75.68,0.0,75.68,10.211501156507234,3.093312601892855,16
Sao Jose das Palmeiras,2025,6,4031,22.05,27207.64,sem rede,,75.68,0.0,75.68,10.211253095196968,3.093312601892855,17
Sao Jose das Palmeiras,2026,0,4031,22.05,27207.64,sem rede,,75.68,0.0,75.68,10.211253095196968,3.093312601892855,18
Sao Miguel do Iguacu,2008,294,26284,30.79,16179.96,cobertura baixa,58.47,74.63,58.47,74.63,9.69152871842154,3.427189961936409,0
Sao Miguel do Iguacu,2009,13,26451,30.98,18261.09,cobertura baixa,58.47,74.63,58.47,74.63,9.812527845686114,3.4333418349887226,1
Sao Miguel do Iguacu,2010,13,26162,30.65,20810.03,cobertura baixa,58.47,74.63,58.47,74.63,9.94319036100125,3.4226326623822203,2
Sao Miguel do Iguacu,2011,3,25872,30.31,25287.84,cobertura baixa,58.47,74.63,58.47,74.63,10.138078926763765,3.4114776910697118,3
Sao Miguel do Iguacu,2012,1,25971,30.42,26099.57,cobertura baixa,58.47,74.63,58.47,74.63,10.169674118079284,3.4151002868311466,4
Sao Miguel do Iguacu,2013,10,26920,31.53,31970.02,cobertura baixa,58.47,74.63,58.47,74.63,10.372553867640178,3.4509394735569696,5
Sao Miguel do Iguacu,2014,35,27061,31.7,34454.2,cobertura baixa,58.47,74.63,58.47,74.63,10.447386184830703,3.456316680883235,6
Sao Miguel do Iguacu,2015,13,27197,31.86,37459.98,cobertura baixa,58.47,74.63,58.47,74.63,10.531028442095108,3.4613513044819024,7
Sao Miguel do Iguacu,2016,25,27330,32.01,37274.13,cobertura baixa,58.47,74.63,58.47,74.63,10.526054799320315,3.4660483539817717,8
Sao Miguel do Iguacu,2017,16,27461,32.17,34321.84,cobertura baixa,58.47,74.63,58.47,74.63,10.443537165218384,3.471034341250935,9
Sao Miguel do Iguacu,2018,14,27325,32.01,36720.0,cobertura baixa,58.47,74.63,58.47,74.63,10.511076844734427,3.4660483539817717,10
Sao Miguel do Iguacu,2019,26,27452,32.16,39864.86,cobertura baixa,58.47,74.63,58.47,74.63,10.593250513077926,3.4707234443107655,11
Sao Miguel do Iguacu,2020,7,27576,32.3,43738.61,cobertura baixa,58.47,74.63,58.47,74.63,10.685986515033534,3.475067230228611,12
Sao Miguel do Iguacu,2021,7,27696,32.44,53079.18,cobertura baixa,58.47,74.63,58.47,74.63,10.879540039947011,3.479392229247212,13
Sao Miguel do Iguacu,2022,6,28530,33.42,49633.86,cobertura baixa,58.47,74.63,58.47,74.63,10.812428541096114,3.509154523167248,14
Sao Miguel do Iguacu,2023,12,29364,34.4,50552.1,cobertura baixa,58.47,74.63,58.47,74.63,10.830759766612436,3.5380565643793527,15
Sao Miguel do Iguacu,2024,8,30198,35.37,49155.97,cobertura baixa,58.47,74.63,58.47,74.63,10.802753583102406,3.5658640032173894,16
Sao Miguel do Iguacu,2025,3,30416,35.63,48803.66,cobertura baixa,58.47,74.63,58.47,74.63,10.795560589028879,3.5731879796177446,17
Sao Miguel do Iguacu,2026,3,30416,35.63,48803.66,cobertura baixa,58.47,74.63,58.47,74.63,10.795560589028879,3.5731879796177446,18
Terra Roxa,2008,157,16707,20.82,17963.61,cobertura baixa,59.17,79.35,59.17,79.35,9.796103323885122,3.035914063186823,0
Terra Roxa,2009,226,16734,20.85,16457.27,cobertura baixa,59.17,79.35,59.17,79.35,9.708522603853217,3.0373539482448106,1
Terra Roxa,2010,165,16764,20.89,19305.54,cobertura baixa,59.17,79.35,59.17,79.35,9.868147380335099,3.0392705755684744,2
Terra Roxa,2011,134,16795,20.93,23004.88,cobertura baixa,59.17,79.35,59.17,79.35,10.04346164631863,3.0411835364579085,3
Terra Roxa,2012,140,16829,20.97,22168.76,cobertura baixa,59.17,79.35,59.17,79.35,10.006439369607255,3.0430928449138284,4
Terra Roxa,2013,21,17402,21.68,30910.18,cobertura baixa,59.17,79.35,59.17,79.35,10.338840858467343,3.0763901765714454,5
Terra Roxa,2014,36,17461,21.76,30983.05,cobertura baixa,59.17,79.35,59.17,79.35,10.341195559738216,3.080073421987742,6
Terra Roxa,2015,45,17517,21.83,33861.22,cobertura baixa,59.17,79.35,59.17,79.35,10.430025685752744,3.0832851705618523,7
Terra Roxa,2016,40,17573,21.9,36575.88,cobertura baixa,59.17,79.35,59.17,79.35,10.507144285749261,3.086486636822455,8
Terra Roxa,2017,8,17627,21.97,34822.15,cobertura baixa,59.17,79.35,59.17,79.35,10.458008957538885,3.089677886396519,9
Terra Roxa,2018,5,17439,21.73,38867.19,cobertura baixa,59.17,79.35,59.17,79.35,10.56790572897682,3.078693794268338,10
Terra Roxa,2019,1,17481,21.78,35690.69,cobertura baixa,59.17,79.35,59.17,79.35,10.482645149443863,3.0809921175048145,11
Terra Roxa,2020,2,17522,21.83,52107.98,cobertura baixa,59.17,79.35,59.17,79.35,10.861073382999157,3.0832851705618523,12
Terra Roxa,2021,0,17562,21.88,51025.22,cobertura baixa,59.17,79.35,59.17,79.35,10.840075299280706,3.0855729775537806,13
Terra Roxa,2022,1,17891,22.29,41071.15,cobertura baixa,59.17,79.35,59.17,79.35,10.623061207532531,3.1041381473977774,14
Terra Roxa,2023,3,18219,22.7,50573.58,cobertura baixa,59.17,79.35,59.17,79.35,10.831184584528579,3.122364924487357,15
Terra Roxa,2024,2,18548,23.11,49676.51,cobertura baixa,59.17,79.35,59.17,79.35,10.813287464542318,3.1402654242862895,16
Terra Roxa,2025,8,18636,23.22,49441.94,cobertura baixa,59.17,79.35,59.17,79.35,10.808554330843926,3.1450139762697455,17
Terra Roxa,2026,5,18636,23.22,49441.94,cobertura baixa,59.17,79.35,59.17,79.35,10.808554330843926,3.1450139762697455,18
Toledo,2008,330,115136,95.91,18800.71,cobertura alta,91.78,91.91,91.78,91.91,9.841649914062371,4.563410251739859,0
Toledo,2009,250,116774,97.28,20119.73,cobertura alta,91.78,91.91,91.78,91.91,9.909456204640533,4.577593418217857,1
Toledo,2010,59,118854,99.01,20514.63,cobertura alta,91.78,91.91,91.78,91.91,9.928893569129924,4.595220855134423,2
Toledo,2011,176,120934,100.74,23625.08,cobertura alta,91.78,91.91,91.78,91.91,10.070064138599596,4.612542940317504,3
Toledo,2012,238,122502,102.05,26778.58,cobertura alta,91.78,91.91,91.78,91.91,10.19535759319405,4.625462889255854,4
Toledo,2013,125,128448,107.0,30940.47,cobertura alta,91.78,91.91,91.78,91.91,10.33982031470334,4.672828834461906,5
Toledo,2014,244,130295,108.54,34298.18,cobertura alta,91.78,91.91,91.78,91.91,10.442847570521744,4.6871187686352584,6
Toledo,2015,72,132077,110.03,36891.81,cobertura alta,91.78,91.91,91.78,91.91,10.515744854174288,4.700753055881822,7
Toledo,2016,74,133824,111.48,40406.32,cobertura alta,91.78,91.91,91.78,91.91,10.606741487358027,4.713845202613747,8
Toledo,2017,27,135538,112.91,43760.73,cobertura alta,91.78,91.91,91.78,91.91,10.686492118858002,4.726591041192431,9
Toledo,2018,26,138572,115.44,44448.3,cobertura alta,91.78,91.91,91.78,91.91,10.702081994991335,4.7487509144656155,10
Toledo,2019,22,140635,117.16,44031.64,cobertura alta,91.78,91.91,91.78,91.91,10.6926637453875,4.763540521959532,11
Toledo,2020,14,142645,118.83,47558.62,cobertura alta,91.78,91.91,91.78,91.91,10.769718334403931,4.7776939003019345,12
Toledo,2021,9,144601,120.46,51743.69,cobertura alta,91.78,91.91,91.78,91.91,10.85405777132611,4.791317747615575,13
Toledo,2022,12,149274,124.35,56509.53,cobertura alta,91.78,91.91,91.78,91.91,10.942164575477285,4.823100170249414,14
Toledo,2023,24,153947,128.25,61765.23,cobertura alta,91.78,91.91,91.78,91.91,11.031095863755771,4.853981484050879,15
Toledo,2024,40,158620,132.14,59945.61,cobertura alta,91.78,91.91,91.78,91.91,11.00119293008464,4.8838619666017395,16
Toledo,2025,31,160701,133.87,59169.34,cobertura alta,91.78,91.91,91.78,91.91,10.988158781307364,4.896869179797807,17
Toledo,2026,20,160701,133.87,59169.34,cobertura alta,91.78,91.91,91.78,91.91,10.988158781307364,4.896869179797807,18
Tres Barras do Parana,2008,35,12073,23.83,9922.39,cobertura baixa,59.83,67.87,59.83,67.87,9.202549098679924,3.170945291110651,0
Tres Barras do Parana,2009,37,12088,23.86,10678.36,cobertura baixa,59.83,67.87,59.83,67.87,9.275974542670507,3.17220341666977,1
Tres Barras do Parana,2010,40,11956,23.6,13327.28,cobertura baixa,59.83,67.87,59.83,67.87,9.497568341338761,3.1612467120315646,2
Tres Barras do Parana,2011,21,11825,23.34,15887.19,cobertura baixa,59.83,67.87,59.83,67.87,9.673268403112223,3.15016862685841,3
Tres Barras do Parana,2012,19,11825,23.34,16127.36,cobertura baixa,59.83,67.87,59.83,67.87,9.68827248754404,3.15016862685841,4
Tres Barras do Parana,2013,14,12196,24.07,20770.33,cobertura baixa,59.83,67.87,59.83,67.87,9.941280805044373,3.1809662517949806,5
Tres Barras do Parana,2014,15,12212,24.11,20420.32,cobertura baixa,59.83,67.87,59.83,67.87,9.924285762506742,3.1826266921930797,6
Tres Barras do Parana,2015,14,12227,24.14,22995.75,cobertura baixa,59.83,67.87,59.83,67.87,10.043064695228182,3.1838702156693857,7
Tres Barras do Parana,2016,8,12242,24.17,25038.64,cobertura baixa,59.83,67.87,59.83,67.87,10.128175510639984,3.1851121947153915,8
Tres Barras do Parana,2017,21,12256,24.19,26365.45,cobertura baixa,59.83,67.87,59.83,67.87,10.179809719901597,3.185939324621936,9
Tres Barras do Parana,2018,24,12043,23.77,26456.61,cobertura baixa,59.83,67.87,59.83,67.87,10.183261311547314,3.1684242813721024,10
Tres Barras do Parana,2019,27,12040,23.77,27056.15,cobertura baixa,59.83,67.87,59.83,67.87,10.205669615179765,3.1684242813721024,11
Tres Barras do Parana,2020,28,12038,23.76,36117.05,cobertura baixa,59.83,67.87,59.83,67.87,10.4945203319918,3.168003494494444,12
Tres Barras do Parana,2021,9,12036,23.76,36221.0,cobertura baixa,59.83,67.87,59.83,67.87,10.497394340112052,3.168003494494444,13
Tres Barras do Parana,2022,26,11756,23.21,38658.73,cobertura baixa,59.83,67.87,59.83,67.87,10.562527901731269,3.1445832202863455,14
Tres Barras do Parana,2023,43,11477,22.65,39518.17,cobertura baixa,59.83,67.87,59.83,67.87,10.584515845121647,3.120159851929043,15
Tres Barras do Parana,2024,37,11197,22.1,40506.39,cobertura baixa,59.83,67.87,59.83,67.87,10.609215018426804,3.095577608523707,16
Tres Barras do Parana,2025,25,11157,22.02,40651.61,cobertura baixa,59.83,67.87,59.83,67.87,10.612793720587709,3.091951131294534,17
Tres Barras do Parana,2026,13,11157,22.02,40651.61,cobertura baixa,59.83,67.87,59.83,67.87,10.612793720587709,3.091951131294534,18
Vera Cruz do Oeste,2008,41,9301,28.37,12169.23,cobertura alta,79.25,80.59,79.25,80.59,9.406665913643026,3.34533224882076,0
Vera Cruz do Oeste,2009,48,9257,28.23,10935.4,cobertura alta,79.25,80.59,79.25,80.59,9.29976051223151,3.340385242265398,1
Vera Cruz do Oeste,2010,35,9089,27.72,12241.94,cobertura alta,79.25,80.59,79.25,80.59,9.412623040239064,3.3221541743217022,2
Vera Cruz do Oeste,2011,32,8921,27.21,14360.27,cobertura alta,79.25,80.59,79.25,80.59,9.572220644653868,3.303584552795155,3
Vera Cruz do Oeste,2012,50,8871,27.05,14956.83,cobertura alta,79.25,80.59,79.25,80.59,9.61292333067911,3.2976870052924907,4
Vera Cruz do Oeste,2013,32,9081,27.69,21837.57,cobertura alta,79.25,80.59,79.25,80.59,9.991387159932309,3.3210713371828704,5
Vera Cruz do Oeste,2014,44,9038,27.56,21310.25,cobertura alta,79.25,80.59,79.25,80.59,9.966943456605266,3.3163654461454577,6
Vera Cruz do Oeste,2015,23,8998,27.44,23019.23,cobertura alta,79.25,80.59,79.25,80.59,10.044085232541807,3.3120018028576843,7
Vera Cruz do Oeste,2016,30,8958,27.32,26812.68,cobertura alta,79.25,80.59,79.25,80.59,10.196630188934552,3.307619034702589,8
Vera Cruz do Oeste,2017,25,8918,27.2,25542.27,cobertura alta,79.25,80.59,79.25,80.59,10.14809000582486,3.3032169733019514,9
Vera Cruz do Oeste,2018,25,8590,26.2,29918.63,cobertura alta,79.25,80.59,79.25,80.59,10.306236642270022,3.265759410767051,10
Vera Cruz do Oeste,2019,30,8521,25.99,27925.95,cobertura alta,79.25,80.59,79.25,80.59,10.237311643054358,3.2577118486533987,11
Vera Cruz do Oeste,2020,7,8454,25.78,39549.68,cobertura alta,79.25,80.59,79.25,80.59,10.585312882139048,3.2495989975110415,12
Vera Cruz do Oeste,2021,4,8389,25.58,40661.34,cobertura alta,79.25,80.59,79.25,80.59,10.613033042861625,3.2418107961506966,13
Vera Cruz do Oeste,2022,6,8335,25.42,34885.3,cobertura alta,79.25,80.59,79.25,80.59,10.459820816021038,3.2355362657613083,14
Vera Cruz do Oeste,2023,9,8281,25.25,40527.35,cobertura alta,79.25,80.59,79.25,80.59,10.609732333818329,3.228826155721369,15
Vera Cruz do Oeste,2024,13,8227,25.09,40793.36,cobertura alta,79.25,80.59,79.25,80.59,10.616274602049794,3.222469360378331,16
Vera Cruz do Oeste,2025,6,8178,24.94,41037.78,cobertura alta,79.25,80.59,79.25,80.59,10.62224838481429,3.2164729402518906,17
Vera Cruz do Oeste,2026,2,8178,24.94,41037.78,cobertura alta,79.25,80.59,79.25,80.59,10.62224838481429,3.2164729402518906,18
