cod_ibge,municipio,lat,lon
2100105,Afonso Cunha,-4.21949,-43.23576
2100204,Alcântara,-2.38587,-44.52541
2100303,Aldeias Altas,-4.57858,-43.48046
2100402,Altamira do Maranhão,-4.1731,-45.51359
2100436,Alto Alegre do Maranhão,-4.2622,-44.38145
2100477,Alto Alegre do Pindaré,-3.84243,-46.00512
2100501,Alto Parnaíba,-9.51001,-46.11112
2100550,Amapá do Maranhão,-1.70685,-45.87666
2100600,Amarante do Maranhão,-5.45946,-46.72573
2100709,Anajatuba,-3.2457,-44.56685
2100808,Anapurus,-3.55823,-43.10172
2100832,Apicum-Açu,-1.49108,-45.0896
2100873,Araguanã,-2.99727,-45.78059
2100907,Araioses,-2.92277,-42.06251
2100956,Arame,-5.07667,-45.90367
2101004,Arari,-3.59866,-44.76715
2101103,Axixá,-2.85006,-44.10445
2100055,Açailândia,-4.7034,-47.22731
2101202,Bacabal,-4.01859,-44.71126
2101251,Bacabeira,-2.88697,-44.35375
2101301,Bacuri,-1.66053,-45.12212
2101350,Bacurituba,-2.68113,-44.68967
2101400,Balsas,-8.45594,-46.49981
2101608,Barra do Corda,-5.3709,-45.06167
2101707,Barreirinhas,-2.78646,-42.97727
2101509,Barão de Grajaú,-6.61984,-43.21827
2101772,Bela Vista do Maranhão,-3.78647,-45.26016
2101731,Belágua,-3.05087,-43.49986
2101806,Benedito Leite,-7.12437,-44.58929
2101905,Bequimão,-2.41254,-44.79085
2101939,Bernardo do Mearim,-4.67721,-44.64619
2101970,Boa Vista do Gurupi,-1.75466,-46.20701
2102002,Bom Jardim,-3.84124,-46.24204
2102036,Bom Jesus das Selvas,-4.49746,-46.70059
2102077,Bom Lugar,-4.27476,-45.06529
2102101,Brejo,-3.67813,-42.89949
2102150,Brejo de Areia,-4.32857,-45.64332
2102200,Buriti,-3.94625,-42.8854
2102309,Buriti Bravo,-5.75072,-43.81027
2102325,Buriticupu,-4.36966,-46.36371
2102358,Buritirana,-5.51174,-47.05828
2102374,Cachoeira Grande,-3.06628,-43.99559
2102408,Cajapió,-2.88079,-44.62379
2102507,Cajari,-3.39252,-45.02103
2102556,Campestre do Maranhão,-6.15923,-47.25057
2102705,Cantanhede,-3.66541,-44.25228
2102754,Capinzal do Norte,-4.69068,-44.3261
2102804,Carolina,-7.5211,-47.15357
2102903,Carutapera,-1.22078,-45.98181
2103000,Caxias,-4.86332,-43.42266
2103109,Cedral,-1.98822,-44.60093
2103125,Central do Maranhão,-2.24888,-44.82984
2103174,Centro Novo do Maranhão,-3.13529,-46.70374
2103158,Centro do Guilherme,-2.40618,-46.06115
2103208,Chapadinha,-3.73724,-43.48096
2103257,Cidelândia,-5.0509,-47.8766
2103307,Codó,-4.74743,-43.96571
2103406,Coelho Neto,-4.19476,-43.15455
2103505,Colinas,-5.97844,-44.25905
2103554,Conceição do Lago-Açu,-3.73701,-44.80618
2103604,Coroatá,-4.1159,-44.20206
2103703,Cururupu,-1.59736,-44.80833
2102606,Cândido Mendes,-1.5408,-45.64407
2103752,Davinópolis,-5.57908,-47.29505
2103802,Dom Pedro,-5.05633,-44.43891
2103901,Duque Bacelar,-4.10578,-43.04111
2104008,Esperantinópolis,-4.92345,-44.81032
2104057,Estreito,-6.75914,-47.16694
2104073,Feira Nova do Maranhão,-6.98111,-46.64791
2104081,Fernando Falcão,-6.25202,-45.33259
2104099,Formosa da Serra Negra,-6.65594,-46.11723
2104107,Fortaleza dos Nogueiras,-6.81692,-46.02459
2104206,Fortuna,-5.61962,-43.97484
2104305,Godofredo Viana,-1.29098,-45.73469
2104404,Gonçalves Dias,-5.10197,-44.16708
2104503,Governador Archer,-4.93884,-44.16069
2104552,Governador Edison Lobão,-5.73272,-47.32701
2104602,Governador Eugênio Barros,-5.41195,-44.0225
2104628,Governador Luiz Rocha,-5.50779,-44.0922
2104651,Governador Newton Bello,-3.39698,-45.99251
2104677,Governador Nunes Freire,-2.02225,-45.84968
2104800,Grajaú,-5.79108,-45.94214
2104701,Graça Aranha,-5.42374,-44.34375
2104909,Guimarães,-2.13719,-44.642
2105005,Humberto de Campos,-2.57765,-43.56231
2105104,Icatu,-2.51937,-43.82273
2105203,Igarapé Grande,-4.57303,-44.85215
2105153,Igarapé do Meio,-3.6619,-45.13618
2105302,Imperatriz,-5.35156,-47.58169
2105351,Itaipava do Grajaú,-5.15252,-45.68428
2105401,Itapecuru Mirim,-3.36581,-44.33538
2105427,Itinga do Maranhão,-4.12042,-47.24134
2105450,Jatobá,-5.87874,-44.29165
2105476,Jenipapo dos Vieiras,-5.4179,-45.4731
2105609,Joselândia,-4.99223,-44.73331
2105500,João Lisboa,-5.23872,-47.13466
2105658,Junco do Maranhão,-1.90424,-46.11886
2105906,Lago Verde,-3.97382,-44.81561
2105708,Lago da Pedra,-4.73921,-45.22215
2105807,Lago do Junco,-4.48911,-44.91451
2105948,Lago dos Rodrigues,-4.60485,-44.93012
2105963,Lagoa Grande do Maranhão,-4.89327,-45.46673
2105922,Lagoa do Mato,-5.97984,-43.59434
2105989,Lajeado Novo,-6.09883,-46.96405
2106003,Lima Campos,-4.58388,-44.47559
2106102,Loreto,-7.15389,-45.23988
2106201,Luís Domingues,-1.27666,-45.83213
2106300,Magalhães de Almeida,-3.32231,-42.12803
2106326,Maracaçumé,-2.00497,-45.97064
2106359,Marajá do Sena,-4.77205,-45.53065
2106375,Maranhãozinho,-2.51356,-46.00963
2106409,Mata Roma,-3.58245,-43.22799
2106508,Matinha,-3.09718,-45.01103
2106607,Matões,-5.35174,-43.30993
2106631,Matões do Norte,-3.78191,-44.40752
2106672,Milagres do Maranhão,-3.49819,-42.87451
2106706,Mirador,-6.4594,-45.08942
2106755,Miranda do Norte,-3.47913,-44.47796
2106805,Mirinzal,-2.04833,-44.77611
2107001,Montes Altos,-5.8872,-47.06236
2106904,Monção,-3.55286,-45.32806
2107100,Morros,-3.03467,-43.88929
2107209,Nina Rodrigues,-3.46336,-43.7767
2107258,Nova Colinas,-7.2467,-46.2784
2107308,Nova Iorque,-6.84577,-44.10224
2107357,Nova Olinda do Maranhão,-2.97303,-45.91595
2107407,Olho d'Água das Cunhãs,-4.13214,-45.06809
2107456,Olinda Nova do Maranhão,-2.97364,-44.9861
2107605,Palmeirândia,-2.66755,-45.06631
2107704,Paraibano,-6.40668,-43.87864
2107803,Parnarama,-5.58564,-43.63716
2107902,Passagem Franca,-6.10857,-43.74936
2108009,Pastos Bons,-6.73461,-44.2214
2108058,Paulino Neves,-2.89094,-42.6081
2108108,Paulo Ramos,-4.57125,-45.3919
2107506,Paço do Lumiar,-2.49557,-44.11861
2108207,Pedreiras,-4.64919,-44.59111
2108256,Pedro do Rosário,-2.8774,-45.40364
2108306,Penalva,-3.24675,-45.20972
2108405,Peri Mirim,-2.53772,-44.92669
2108454,Peritoró,-4.32109,-44.32092
2108504,Pindaré-Mirim,-3.62785,-45.38845
2108603,Pinheiro,-2.56937,-45.09643
2108702,Pio XII,-3.80293,-45.09917
2108801,Pirapemas,-3.75266,-44.23377
2109007,Porto Franco,-6.3483,-47.07455
2109056,Porto Rico do Maranhão,-1.87745,-44.63898
2108900,Poção de Pedras,-4.81228,-44.83045
2109106,Presidente Dutra,-5.28392,-44.46141
2109205,Presidente Juscelino,-3.07492,-44.07295
2109239,Presidente Médici,-2.28007,-45.77363
2109270,Presidente Sarney,-2.61633,-45.43199
2109304,Presidente Vargas,-3.4134,-43.98294
2109403,Primeira Cruz,-2.68785,-43.3751
2109452,Raposa,-2.45237,-44.09521
2109502,Riachão,-7.81175,-46.73943
2109551,Ribamar Fiquene,-5.94593,-47.29187
2109601,Rosário,-2.95404,-44.18243
2109700,Sambaíba,-7.51651,-45.60344
2109759,Santa Filomena do Maranhão,-5.50072,-44.60316
2109809,Santa Helena,-2.46299,-45.42696
2109908,Santa Inês,-3.86878,-45.38466
2110005,Santa Luzia,-4.25904,-45.83037
2110039,Santa Luzia do Paruá,-2.61875,-45.8845
2110104,Santa Quitéria do Maranhão,-3.34012,-42.91863
2110203,Santa Rita,-3.17456,-44.32224
2110237,Santana do Maranhão,-3.15288,-42.70989
2110278,Santo Amaro do Maranhão,-2.64634,-43.16482
2110302,Santo Antônio dos Lopes,-4.80173,-44.44405
2111722,Satubinha,-3.87419,-45.26347
2111748,Senador Alexandre Costa,-5.29374,-43.90171
2111763,Senador La Rocque,-5.3912,-47.15287
2111789,Serrano do Maranhão,-1.77409,-45.0089
2111904,Sucupira do Norte,-6.49207,-44.29087
2111953,Sucupira do Riachão,-6.38343,-43.44821
2110401,São Benedito do Rio Preto,-3.36432,-43.72638
2110500,São Bento,-2.81619,-45.02162
2110609,São Bernardo,-3.41825,-42.4054
2110658,São Domingos do Azeitão,-6.83645,-44.62861
2110708,São Domingos do Maranhão,-5.62381,-44.34899
2110856,São Francisco do Brejão,-5.1704,-47.32507
2110906,São Francisco do Maranhão,-6.2473,-43.08231
2110807,São Félix de Balsas,-6.97617,-44.84804
2111201,São José de Ribamar,-2.56655,-44.13373
2111250,São José dos Basílios,-5.02684,-44.59778
2111003,São João Batista,-2.99264,-44.80836
2111029,São João do Carú,-3.57287,-46.34108
2111052,São João do Paraíso,-6.41877,-46.91703
2111078,São João do Soter,-4.96223,-43.72009
2111102,São João dos Patos,-6.57247,-43.61895
2111300,São Luís,-2.61887,-44.29634
2111409,São Luís Gonzaga do Maranhão,-4.41599,-44.76798
2111508,São Mateus do Maranhão,-3.98188,-44.54145
2111532,São Pedro da Água Branca,-5.15573,-48.34858
2111573,São Pedro dos Crentes,-6.84212,-46.6538
2111607,São Raimundo das Mangabeiras,-6.97037,-45.77224
2111631,São Raimundo do Doca Bezerra,-5.10848,-45.1016
2111672,São Roberto,-5.03877,-45.01165
2111706,São Vicente Ferrer,-2.88937,-45.04001
2111805,Sítio Novo,-6.19454,-46.67308
2112001,Tasso Fragoso,-8.28119,-45.823
2112100,Timbiras,-4.19317,-43.82019
2112209,Timon,-5.19249,-42.98485
2112233,Trizidela do Vale,-4.55169,-44.62588
2112274,Tufilândia,-3.69654,-45.57644
2112308,Tuntum,-5.49251,-44.73758
2112407,Turiaçu,-1.67512,-45.3861
2112456,Turilândia,-2.14633,-45.36337
2112506,Tutóia,-2.83832,-42.40505
2112605,Urbano Santos,-3.35383,-43.29511
2112704,Vargem Grande,-3.60427,-43.85417
2112803,Viana,-3.18657,-44.98527
2112852,Vila Nova dos Martírios,-5.06623,-48.07043
2113009,Vitorino Freire,-4.1301,-45.34742
2112902,Vitória do Mearim,-3.59901,-44.90715
2114007,Zé Doca,-3.19548,-45.93405
2100154,Água Doce do Maranhão,-2.95308,-42.14087
