cod_ibge,ano,municipio,populacao
4102000,2008,Assis Chateaubriand,33077
4102000,2009,Assis Chateaubriand,33023
4102000,2010,Assis Chateaubriand,33013
4102000,2011,Assis Chateaubriand,33003
4102000,2012,Assis Chateaubriand,32981
4102000,2013,Assis Chateaubriand,33988
4102000,2014,Assis Chateaubriand,34008
4102000,2015,Assis Chateaubriand,34027
4102000,2016,Assis Chateaubriand,34046
4102000,2017,Assis Chateaubriand,34064
4102000,2018,Assis Chateaubriand,33397
4102000,2019,Assis Chateaubriand,33362
4102000,2020,Assis Chateaubriand,33340
4102000,2021,Assis Chateaubriand,33306
4102000,2022,Assis Chateaubriand,34906
4102000,2023,Assis Chateaubriand,36505
4102000,2024,Assis Chateaubriand,38105
4102000,2025,Assis Chateaubriand,38357
4102000,2026,Assis Chateaubriand,38357
4103057,2008,Boa Vista da Aparecida,7972
4103057,2009,Boa Vista da Aparecida,7919
4103057,2010,Boa Vista da Aparecida,7896
4103057,2011,Boa Vista da Aparecida,7872
4103057,2012,Boa Vista da Aparecida,7834
4103057,2013,Boa Vista da Aparecida,8028
4103057,2014,Boa Vista da Aparecida,7998
4103057,2015,Boa Vista da Aparecida,7968
4103057,2016,Boa Vista da Aparecida,7939
4103057,2017,Boa Vista da Aparecida,7911
4103057,2018,Boa Vista da Aparecida,7643
4103057,2019,Boa Vista da Aparecida,7591
4103057,2020,Boa Vista da Aparecida,7540
4103057,2021,Boa Vista da Aparecida,7524
4103057,2022,Boa Vista da Aparecida,7694
4103057,2023,Boa Vista da Aparecida,7864
4103057,2024,Boa Vista da Aparecida,8034
4103057,2025,Boa Vista da Aparecida,8023
4103057,2026,Boa Vista da Aparecida,8023
4103354,2008,Braganey,6213
4103354,2009,Braganey,6209
4103354,2010,Braganey,5954
4103354,2011,Braganey,5700
4103354,2012,Braganey,5667
4103354,2013,Braganey,5799
4103354,2014,Braganey,5770
4103354,2015,Braganey,5742
4103354,2016,Braganey,5714
4103354,2017,Braganey,5687
4103354,2018,Braganey,5473
4103354,2019,Braganey,5427
4103354,2020,Braganey,5382
4103354,2021,Braganey,5338
4103354,2022,Braganey,5159
4103354,2023,Braganey,4981
4103354,2024,Braganey,4802
4103354,2025,Braganey,4745
4103354,2026,Braganey,4745
4103453,2008,Cafelandia,13776
4103453,2009,Cafelandia,14034
4103453,2010,Cafelandia,14484
4103453,2011,Cafelandia,14933
4103453,2012,Cafelandia,15194
4103453,2013,Cafelandia,16020
4103453,2014,Cafelandia,16321
4103453,2015,Cafelandia,16611
4103453,2016,Cafelandia,16896
4103453,2017,Cafelandia,17175
4103453,2018,Cafelandia,17775
4103453,2019,Cafelandia,18120
4103453,2020,Cafelandia,18456
4103453,2021,Cafelandia,18783
4103453,2022,Cafelandia,19137
4103453,2023,Cafelandia,19490
4103453,2024,Cafelandia,19844
4103453,2025,Cafelandia,20145
4103453,2026,Cafelandia,20145
4104600,2008,Capitao Leonidas Marques,13929
4104600,2009,Capitao Leonidas Marques,13870
4104600,2010,Capitao Leonidas Marques,14443
4104600,2011,Capitao Leonidas Marques,15016
4104600,2012,Capitao Leonidas Marques,15060
4104600,2013,Capitao Leonidas Marques,15592
4104600,2014,Capitao Leonidas Marques,15659
4104600,2015,Capitao Leonidas Marques,15724
4104600,2016,Capitao Leonidas Marques,15788
4104600,2017,Capitao Leonidas Marques,15850
4104600,2018,Capitao Leonidas Marques,15724
4104600,2019,Capitao Leonidas Marques,15780
4104600,2020,Capitao Leonidas Marques,15834
4104600,2021,Capitao Leonidas Marques,15887
4104600,2022,Capitao Leonidas Marques,15523
4104600,2023,Capitao Leonidas Marques,15160
4104600,2024,Capitao Leonidas Marques,14796
4104600,2025,Capitao Leonidas Marques,14776
4104600,2026,Capitao Leonidas Marques,14776
4104808,2008,Cascavel,291747
4104808,2009,Cascavel,296254
4104808,2010,Cascavel,292797
4104808,2011,Cascavel,289340
4104808,2012,Cascavel,292372
4104808,2013,Cascavel,305615
4104808,2014,Cascavel,309259
4104808,2015,Cascavel,312778
4104808,2016,Cascavel,316226
4104808,2017,Cascavel,319608
4104808,2018,Cascavel,324476
4104808,2019,Cascavel,328454
4104808,2020,Cascavel,332333
4104808,2021,Cascavel,336073
4104808,2022,Cascavel,345417
4104808,2023,Cascavel,354760
4104808,2024,Cascavel,364104
4104808,2025,Cascavel,368195
4104808,2026,Cascavel,368195
4105300,2008,Ceu Azul,11332
4105300,2009,Ceu Azul,11413
4105300,2010,Ceu Azul,11246
4105300,2011,Ceu Azul,11078
4105300,2012,Ceu Azul,11121
4105300,2013,Ceu Azul,11528
4105300,2014,Ceu Azul,11589
4105300,2015,Ceu Azul,11649
4105300,2016,Ceu Azul,11707
4105300,2017,Ceu Azul,11764
4105300,2018,Ceu Azul,11709
4105300,2019,Ceu Azul,11765
4105300,2020,Ceu Azul,11819
4105300,2021,Ceu Azul,11872
4105300,2022,Ceu Azul,11665
4105300,2023,Ceu Azul,11458
4105300,2024,Ceu Azul,11251
4105300,2025,Ceu Azul,11255
4105300,2026,Ceu Azul,11255
4106308,2008,Corbelia,15858
4106308,2009,Corbelia,15850
4106308,2010,Corbelia,16101
4106308,2011,Corbelia,16352
4106308,2012,Corbelia,16389
4106308,2013,Corbelia,16954
4106308,2014,Corbelia,17016
4106308,2015,Corbelia,17076
4106308,2016,Corbelia,17135
4106308,2017,Corbelia,17193
4106308,2018,Corbelia,17024
4106308,2019,Corbelia,17071
4106308,2020,Corbelia,17117
4106308,2021,Corbelia,17162
4106308,2022,Corbelia,17395
4106308,2023,Corbelia,17629
4106308,2024,Corbelia,17862
4106308,2025,Corbelia,17933
4106308,2026,Corbelia,17933
4107157,2008,Diamante D'Oeste,5110
4107157,2009,Diamante D'Oeste,5129
4107157,2010,Diamante D'Oeste,5084
4107157,2011,Diamante D'Oeste,5039
4107157,2012,Diamante D'Oeste,5050
4107157,2013,Diamante D'Oeste,5223
4107157,2014,Diamante D'Oeste,5242
4107157,2015,Diamante D'Oeste,5259
4107157,2016,Diamante D'Oeste,5277
4107157,2017,Diamante D'Oeste,5294
4107157,2018,Diamante D'Oeste,5239
4107157,2019,Diamante D'Oeste,5253
4107157,2020,Diamante D'Oeste,5266
4107157,2021,Diamante D'Oeste,5279
4107157,2022,Diamante D'Oeste,5038
4107157,2023,Diamante D'Oeste,4798
4107157,2024,Diamante D'Oeste,4557
4107157,2025,Diamante D'Oeste,4513
4107157,2026,Diamante D'Oeste,4513
4107538,2008,Entre Rios do Oeste,4043
4107538,2009,Entre Rios do Oeste,4113
4107538,2010,Entre Rios do Oeste,4042
4107538,2011,Entre Rios do Oeste,3972
4107538,2012,Entre Rios do Oeste,4017
4107538,2013,Entre Rios do Oeste,4202
4107538,2014,Entre Rios do Oeste,4255
4107538,2015,Entre Rios do Oeste,4306
4107538,2016,Entre Rios do Oeste,4357
4107538,2017,Entre Rios do Oeste,4406
4107538,2018,Entre Rios do Oeste,4481
4107538,2019,Entre Rios do Oeste,4539
4107538,2020,Entre Rios do Oeste,4596
4107538,2021,Entre Rios do Oeste,4651
4107538,2022,Entre Rios do Oeste,4677
4107538,2023,Entre Rios do Oeste,4703
4107538,2024,Entre Rios do Oeste,4729
4107538,2025,Entre Rios do Oeste,4770
4107538,2026,Entre Rios do Oeste,4770
4108304,2008,Foz do Iguacu,319189
4108304,2009,Foz do Iguacu,325137
4108304,2010,Foz do Iguacu,290518
4108304,2011,Foz do Iguacu,255900
4108304,2012,Foz do Iguacu,255718
4108304,2013,Foz do Iguacu,263508
4108304,2014,Foz do Iguacu,263647
4108304,2015,Foz do Iguacu,263782
4108304,2016,Foz do Iguacu,263915
4108304,2017,Foz do Iguacu,264044
4108304,2018,Foz do Iguacu,258823
4108304,2019,Foz do Iguacu,258532
4108304,2020,Foz do Iguacu,258248
4108304,2021,Foz do Iguacu,257971
4108304,2022,Foz do Iguacu,270481
4108304,2023,Foz do Iguacu,282990
4108304,2024,Foz do Iguacu,295500
4108304,2025,Foz do Iguacu,297352
4108304,2026,Foz do Iguacu,297352
4108809,2008,Guaira,29594
4108809,2009,Guaira,29664
4108809,2010,Guaira,30262
4108809,2011,Guaira,30861
4108809,2012,Guaira,31013
4108809,2013,Guaira,32190
4108809,2014,Guaira,32394
4108809,2015,Guaira,32591
4108809,2016,Guaira,32784
4108809,2017,Guaira,32974
4108809,2018,Guaira,32923
4108809,2019,Guaira,33119
4108809,2020,Guaira,33310
4108809,2021,Guaira,33497
4108809,2022,Guaira,33320
4108809,2023,Guaira,33143
4108809,2024,Guaira,32966
4108809,2025,Guaira,33058
4108809,2026,Guaira,33058
4109757,2008,Ibema,6124
4109757,2009,Ibema,6144
4109757,2010,Ibema,6112
4109757,2011,Ibema,6081
4109757,2012,Ibema,6096
4109757,2013,Ibema,6306
4109757,2014,Ibema,6329
4109757,2015,Ibema,6352
4109757,2016,Ibema,6374
4109757,2017,Ibema,6396
4109757,2018,Ibema,6334
4109757,2019,Ibema,6352
4109757,2020,Ibema,6370
4109757,2021,Ibema,6387
4109757,2022,Ibema,6367
4109757,2023,Ibema,6347
4109757,2024,Ibema,6327
4109757,2025,Ibema,6343
4109757,2026,Ibema,6343
4110656,2008,Iracema do Oeste,2604
4110656,2009,Iracema do Oeste,2567
4110656,2010,Iracema do Oeste,2558
4110656,2011,Iracema do Oeste,2550
4110656,2012,Iracema do Oeste,2522
4110656,2013,Iracema do Oeste,2564
4110656,2014,Iracema do Oeste,2537
4110656,2015,Iracema do Oeste,2512
4110656,2016,Iracema do Oeste,2487
4110656,2017,Iracema do Oeste,2462
4110656,2018,Iracema do Oeste,2325
4110656,2019,Iracema do Oeste,2288
4110656,2020,Iracema do Oeste,2251
4110656,2021,Iracema do Oeste,2216
4110656,2022,Iracema do Oeste,2259
4110656,2023,Iracema do Oeste,2301
4110656,2024,Iracema do Oeste,2344
4110656,2025,Iracema do Oeste,2328
4110656,2026,Iracema do Oeste,2328
4112751,2008,Jesuitas,8948
4112751,2009,Jesuitas,8849
4112751,2010,Jesuitas,8894
4112751,2011,Jesuitas,8938
4112751,2012,Jesuitas,8876
4112751,2013,Jesuitas,9072
4112751,2014,Jesuitas,9017
4112751,2015,Jesuitas,8964
4112751,2016,Jesuitas,8912
4112751,2017,Jesuitas,8861
4112751,2018,Jesuitas,8495
4112751,2019,Jesuitas,8412
4112751,2020,Jesuitas,8330
4112751,2021,Jesuitas,8251
4112751,2022,Jesuitas,9121
4112751,2023,Jesuitas,9990
4112751,2024,Jesuitas,10860
4112751,2025,Jesuitas,10954
4112751,2026,Jesuitas,10954
4113452,2008,Lindoeste,5498
4113452,2009,Lindoeste,5419
4113452,2010,Lindoeste,5357
4113452,2011,Lindoeste,5295
4113452,2012,Lindoeste,5231
4113452,2013,Lindoeste,5309
4113452,2014,Lindoeste,5247
4113452,2015,Lindoeste,5187
4113452,2016,Lindoeste,5129
4113452,2017,Lindoeste,5071
4113452,2018,Lindoeste,4762
4113452,2019,Lindoeste,4676
4113452,2020,Lindoeste,4592
4113452,2021,Lindoeste,4488
4113452,2022,Lindoeste,4734
4113452,2023,Lindoeste,4980
4113452,2024,Lindoeste,5226
4113452,2025,Lindoeste,5217
4113452,2026,Lindoeste,5217
4114609,2008,Marechal Candido Rondon,46523
4114609,2009,Marechal Candido Rondon,47048
4114609,2010,Marechal Candido Rondon,47157
4114609,2011,Marechal Candido Rondon,47266
4114609,2012,Marechal Candido Rondon,47697
4114609,2013,Marechal Candido Rondon,49773
4114609,2014,Marechal Candido Rondon,50299
4114609,2015,Marechal Candido Rondon,50808
4114609,2016,Marechal Candido Rondon,51306
4114609,2017,Marechal Candido Rondon,51795
4114609,2018,Marechal Candido Rondon,52379
4114609,2019,Marechal Candido Rondon,52944
4114609,2020,Marechal Candido Rondon,53495
4114609,2021,Marechal Candido Rondon,54031
4114609,2022,Marechal Candido Rondon,55401
4114609,2023,Marechal Candido Rondon,56770
4114609,2024,Marechal Candido Rondon,58140
4114609,2025,Marechal Candido Rondon,58734
4114609,2026,Marechal Candido Rondon,58734
4115606,2008,Matelandia,16056
4115606,2009,Matelandia,16217
4115606,2010,Matelandia,16214
4115606,2011,Matelandia,16212
4115606,2012,Matelandia,16340
4115606,2013,Matelandia,17026
4115606,2014,Matelandia,17186
4115606,2015,Matelandia,17340
4115606,2016,Matelandia,17491
4115606,2017,Matelandia,17640
4115606,2018,Matelandia,17775
4115606,2019,Matelandia,17943
4115606,2020,Matelandia,18107
4115606,2021,Matelandia,18266
4115606,2022,Matelandia,18518
4115606,2023,Matelandia,18770
4115606,2024,Matelandia,19022
4115606,2025,Matelandia,19223
4115606,2026,Matelandia,19223
4115804,2008,Medianeira,39700
4115804,2009,Medianeira,39857
4115804,2010,Medianeira,40990
4115804,2011,Medianeira,42124
4115804,2012,Medianeira,42420
4115804,2013,Medianeira,44149
4115804,2014,Medianeira,44523
4115804,2015,Medianeira,44885
4115804,2016,Medianeira,45239
4115804,2017,Medianeira,45586
4115804,2018,Medianeira,45812
4115804,2019,Medianeira,46198
4115804,2020,Medianeira,46574
4115804,2021,Medianeira,46940
4115804,2022,Medianeira,50333
4115804,2023,Medianeira,53727
4115804,2024,Medianeira,57120
4115804,2025,Medianeira,57910
4115804,2026,Medianeira,57910
4115853,2008,Mercedes,4879
4115853,2009,Mercedes,4902
4115853,2010,Mercedes,4991
4115853,2011,Mercedes,5080
4115853,2012,Mercedes,5113
4115853,2013,Mercedes,5316
4115853,2014,Mercedes,5357
4115853,2015,Mercedes,5398
4115853,2016,Mercedes,5437
4115853,2017,Mercedes,5476
4115853,2018,Mercedes,5493
4115853,2019,Mercedes,5536
4115853,2020,Mercedes,5577
4115853,2021,Mercedes,5617
4115853,2022,Mercedes,5790
4115853,2023,Mercedes,5963
4115853,2024,Mercedes,6136
4115853,2025,Mercedes,6194
4115853,2026,Mercedes,6194
4116703,2008,Nova Aurora,11833
4116703,2009,Nova Aurora,11636
4116703,2010,Nova Aurora,11683
4116703,2011,Nova Aurora,11730
4116703,2012,Nova Aurora,11598
4116703,2013,Nova Aurora,11786
4116703,2014,Nova Aurora,11659
4116703,2015,Nova Aurora,11537
4116703,2016,Nova Aurora,11418
4116703,2017,Nova Aurora,11300
4116703,2018,Nova Aurora,10650
4116703,2019,Nova Aurora,10472
4116703,2020,Nova Aurora,10299
4116703,2021,Nova Aurora,10131
4116703,2022,Nova Aurora,11494
4116703,2023,Nova Aurora,12856
4116703,2024,Nova Aurora,14219
4116703,2025,Nova Aurora,14331
4116703,2026,Nova Aurora,14331
4117453,2008,Ouro Verde do Oeste,5636
4117453,2009,Ouro Verde do Oeste,5648
4117453,2010,Ouro Verde do Oeste,5678
4117453,2011,Ouro Verde do Oeste,5709
4117453,2012,Ouro Verde do Oeste,5726
4117453,2013,Ouro Verde do Oeste,5927
4117453,2014,Ouro Verde do Oeste,5952
4117453,2015,Ouro Verde do Oeste,5976
4117453,2016,Ouro Verde do Oeste,6000
4117453,2017,Ouro Verde do Oeste,6023
4117453,2018,Ouro Verde do Oeste,5975
4117453,2019,Ouro Verde do Oeste,5996
4117453,2020,Ouro Verde do Oeste,6016
4117453,2021,Ouro Verde do Oeste,6036
4117453,2022,Ouro Verde do Oeste,6368
4117453,2023,Ouro Verde do Oeste,6699
4117453,2024,Ouro Verde do Oeste,7031
4117453,2025,Ouro Verde do Oeste,7102
4117453,2026,Ouro Verde do Oeste,7102
4117909,2008,Palotina,28691
4117909,2009,Palotina,28966
4117909,2010,Palotina,28936
4117909,2011,Palotina,28907
4117909,2012,Palotina,29123
4117909,2013,Palotina,30327
4117909,2014,Palotina,30598
4117909,2015,Palotina,30859
4117909,2016,Palotina,31115
4117909,2017,Palotina,31366
4117909,2018,Palotina,31564
4117909,2019,Palotina,31846
4117909,2020,Palotina,32121
4117909,2021,Palotina,32389
4117909,2022,Palotina,33800
4117909,2023,Palotina,35212
4117909,2024,Palotina,36623
4117909,2025,Palotina,37039
4117909,2026,Palotina,37039
4118451,2008,Pato Bragado,4867
4118451,2009,Pato Bragado,4947
4118451,2010,Pato Bragado,4914
4118451,2011,Pato Bragado,4882
4118451,2012,Pato Bragado,4939
4118451,2013,Pato Bragado,5170
4118451,2014,Pato Bragado,5239
4118451,2015,Pato Bragado,5304
4118451,2016,Pato Bragado,5369
4118451,2017,Pato Bragado,5432
4118451,2018,Pato Bragado,5535
4118451,2019,Pato Bragado,5610
4118451,2020,Pato Bragado,5684
4118451,2021,Pato Bragado,5755
4118451,2022,Pato Bragado,5816
4118451,2023,Pato Bragado,5878
4118451,2024,Pato Bragado,5939
4118451,2025,Pato Bragado,6004
4118451,2026,Pato Bragado,6004
4120853,2008,Quatro Pontes,3789
4120853,2009,Quatro Pontes,3800
4120853,2010,Quatro Pontes,3808
4120853,2011,Quatro Pontes,3816
4120853,2012,Quatro Pontes,3827
4120853,2013,Quatro Pontes,3963
4120853,2014,Quatro Pontes,3981
4120853,2015,Quatro Pontes,3998
4120853,2016,Quatro Pontes,4014
4120853,2017,Quatro Pontes,4031
4120853,2018,Quatro Pontes,4000
4120853,2019,Quatro Pontes,4015
4120853,2020,Quatro Pontes,4029
4120853,2021,Quatro Pontes,4043
4120853,2022,Quatro Pontes,4241
4120853,2023,Quatro Pontes,4438
4120853,2024,Quatro Pontes,4636
4120853,2025,Quatro Pontes,4672
4120853,2026,Quatro Pontes,4672
4121257,2008,Ramilandia,4322
4121257,2009,Ramilandia,4365
4121257,2010,Ramilandia,4260
4121257,2011,Ramilandia,4155
4121257,2012,Ramilandia,4175
4121257,2013,Ramilandia,4332
4121257,2014,Ramilandia,4359
4121257,2015,Ramilandia,4385
4121257,2016,Ramilandia,4410
4121257,2017,Ramilandia,4435
4121257,2018,Ramilandia,4426
4121257,2019,Ramilandia,4451
4121257,2020,Ramilandia,4476
4121257,2021,Ramilandia,4500
4121257,2022,Ramilandia,4431
4121257,2023,Ramilandia,4362
4121257,2024,Ramilandia,4293
4121257,2025,Ramilandia,4279
4121257,2026,Ramilandia,4279
4123501,2008,Santa Helena,23872
4123501,2009,Santa Helena,24198
4123501,2010,Santa Helena,23918
4123501,2011,Santa Helena,23638
4123501,2012,Santa Helena,23855
4123501,2013,Santa Helena,24895
4123501,2014,Santa Helena,25159
4123501,2015,Santa Helena,25415
4123501,2016,Santa Helena,25665
4123501,2017,Santa Helena,25911
4123501,2018,Santa Helena,26206
4123501,2019,Santa Helena,26490
4123501,2020,Santa Helena,26767
4123501,2021,Santa Helena,27036
4123501,2022,Santa Helena,26804
4123501,2023,Santa Helena,26573
4123501,2024,Santa Helena,26341
4123501,2025,Santa Helena,26461
4123501,2026,Santa Helena,26461
4123824,2008,Santa Lucia,3781
4123824,2009,Santa Lucia,3743
4123824,2010,Santa Lucia,3826
4123824,2011,Santa Lucia,3910
4123824,2012,Santa Lucia,3895
4123824,2013,Santa Lucia,3997
4123824,2014,Santa Lucia,3986
4123824,2015,Santa Lucia,3976
4123824,2016,Santa Lucia,3965
4123824,2017,Santa Lucia,3955
4123824,2018,Santa Lucia,3834
4123824,2019,Santa Lucia,3813
4123824,2020,Santa Lucia,3793
4123824,2021,Santa Lucia,3795
4123824,2022,Santa Lucia,3749
4123824,2023,Santa Lucia,3703
4123824,2024,Santa Lucia,3657
4123824,2025,Santa Lucia,3638
4123824,2026,Santa Lucia,3638
4124020,2008,Santa Tereza do Oeste,9462
4124020,2009,Santa Tereza do Oeste,9320
4124020,2010,Santa Tereza do Oeste,9810
4124020,2011,Santa Tereza do Oeste,10300
4124020,2012,Santa Tereza do Oeste,10269
4124020,2013,Santa Tereza do Oeste,10548
4124020,2014,Santa Tereza do Oeste,10528
4124020,2015,Santa Tereza do Oeste,10509
4124020,2016,Santa Tereza do Oeste,10489
4124020,2017,Santa Tereza do Oeste,10471
4124020,2018,Santa Tereza do Oeste,10182
4124020,2019,Santa Tereza do Oeste,10139
4124020,2020,Santa Tereza do Oeste,10096
4124020,2021,Santa Tereza do Oeste,10055
4124020,2022,Santa Tereza do Oeste,11286
4124020,2023,Santa Tereza do Oeste,12518
4124020,2024,Santa Tereza do Oeste,13749
4124020,2025,Santa Tereza do Oeste,13938
4124020,2026,Santa Tereza do Oeste,13938
4125456,2008,Sao Jose das Palmeiras,3960
4125456,2009,Sao Jose das Palmeiras,3942
4125456,2010,Sao Jose das Palmeiras,3876
4125456,2011,Sao Jose das Palmeiras,3810
4125456,2012,Sao Jose das Palmeiras,3789
4125456,2013,Sao Jose das Palmeiras,3880
4125456,2014,Sao Jose das Palmeiras,3864
4125456,2015,Sao Jose das Palmeiras,3847
4125456,2016,Sao Jose das Palmeiras,3832
4125456,2017,Sao Jose das Palmeiras,3816
4125456,2018,Sao Jose das Palmeiras,3682
4125456,2019,Sao Jose das Palmeiras,3654
4125456,2020,Sao Jose das Palmeiras,3627
4125456,2021,Sao Jose das Palmeiras,3601
4125456,2022,Sao Jose das Palmeiras,3744
4125456,2023,Sao Jose das Palmeiras,3887
4125456,2024,Sao Jose das Palmeiras,4030
4125456,2025,Sao Jose das Palmeiras,4031
4125456,2026,Sao Jose das Palmeiras,4031
4125704,2008,Sao Miguel do Iguacu,26284
4125704,2009,Sao Miguel do Iguacu,26451
4125704,2010,Sao Miguel do Iguacu,26162
4125704,2011,Sao Miguel do Iguacu,25872
4125704,2012,Sao Miguel do Iguacu,25971
4125704,2013,Sao Miguel do Iguacu,26920
4125704,2014,Sao Miguel do Iguacu,27061
4125704,2015,Sao Miguel do Iguacu,27197
4125704,2016,Sao Miguel do Iguacu,27330
4125704,2017,Sao Miguel do Iguacu,27461
4125704,2018,Sao Miguel do Iguacu,27325
4125704,2019,Sao Miguel do Iguacu,27452
4125704,2020,Sao Miguel do Iguacu,27576
4125704,2021,Sao Miguel do Iguacu,27696
4125704,2022,Sao Miguel do Iguacu,28530
4125704,2023,Sao Miguel do Iguacu,29364
4125704,2024,Sao Miguel do Iguacu,30198
4125704,2025,Sao Miguel do Iguacu,30416
4125704,2026,Sao Miguel do Iguacu,30416
4127403,2008,Terra Roxa,16707
4127403,2009,Terra Roxa,16734
4127403,2010,Terra Roxa,16764
4127403,2011,Terra Roxa,16795
4127403,2012,Terra Roxa,16829
4127403,2013,Terra Roxa,17402
4127403,2014,Terra Roxa,17461
4127403,2015,Terra Roxa,17517
4127403,2016,Terra Roxa,17573
4127403,2017,Terra Roxa,17627
4127403,2018,Terra Roxa,17439
4127403,2019,Terra Roxa,17481
4127403,2020,Terra Roxa,17522
4127403,2021,Terra Roxa,17562
4127403,2022,Terra Roxa,17891
4127403,2023,Terra Roxa,18219
4127403,2024,Terra Roxa,18548
4127403,2025,Terra Roxa,18636
4127403,2026,Terra Roxa,18636
4127700,2008,Toledo,115136
4127700,2009,Toledo,116774
4127700,2010,Toledo,118854
4127700,2011,Toledo,120934
4127700,2012,Toledo,122502
4127700,2013,Toledo,128448
4127700,2014,Toledo,130295
4127700,2015,Toledo,132077
4127700,2016,Toledo,133824
4127700,2017,Toledo,135538
4127700,2018,Toledo,138572
4127700,2019,Toledo,140635
4127700,2020,Toledo,142645
4127700,2021,Toledo,144601
4127700,2022,Toledo,149274
4127700,2023,Toledo,153947
4127700,2024,Toledo,158620
4127700,2025,Toledo,160701
4127700,2026,Toledo,160701
4127858,2008,Tres Barras do Parana,12073
4127858,2009,Tres Barras do Parana,12088
4127858,2010,Tres Barras do Parana,11956
4127858,2011,Tres Barras do Parana,11825
4127858,2012,Tres Barras do Parana,11825
4127858,2013,Tres Barras do Parana,12196
4127858,2014,Tres Barras do Parana,12212
4127858,2015,Tres Barras do Parana,12227
4127858,2016,Tres Barras do Parana,12242
4127858,2017,Tres Barras do Parana,12256
4127858,2018,Tres Barras do Parana,12043
4127858,2019,Tres Barras do Parana,12040
4127858,2020,Tres Barras do Parana,12038
4127858,2021,Tres Barras do Parana,12036
4127858,2022,Tres Barras do Parana,11756
4127858,2023,Tres Barras do Parana,11477
4127858,2024,Tres Barras do Parana,11197
4127858,2025,Tres Barras do Parana,11157
4127858,2026,Tres Barras do Parana,11157
4128559,2008,Vera Cruz do Oeste,9301
4128559,2009,Vera Cruz do Oeste,9257
4128559,2010,Vera Cruz do Oeste,9089
4128559,2011,Vera Cruz do Oeste,8921
4128559,2012,Vera Cruz do Oeste,8871
4128559,2013,Vera Cruz do Oeste,9081
4128559,2014,Vera Cruz do Oeste,9038
4128559,2015,Vera Cruz do Oeste,8998
4128559,2016,Vera Cruz do Oeste,8958
4128559,2017,Vera Cruz do Oeste,8918
4128559,2018,Vera Cruz do Oeste,8590
4128559,2019,Vera Cruz do Oeste,8521
4128559,2020,Vera Cruz do Oeste,8454
4128559,2021,Vera Cruz do Oeste,8389
4128559,2022,Vera Cruz do Oeste,8335
4128559,2023,Vera Cruz do Oeste,8281
4128559,2024,Vera Cruz do Oeste,8227
4128559,2025,Vera Cruz do Oeste,8178
4128559,2026,Vera Cruz do Oeste,8178
