cod_ibge,municipio,ano,area_km2,populacao,galinaceos,suinos,suinos_km2,galinaceos_km2,suinos_hab,galinaceos_hab
4102000,Assis Chateaubriand,2008,983.0,33077,3254971.0,21540.0,21.91,3311.3,0.651,98.4
4102000,Assis Chateaubriand,2009,983.0,33023,3338771.0,20701.0,21.06,3396.5,0.627,101.1
4102000,Assis Chateaubriand,2010,983.0,33013,4114205.0,41594.0,42.31,4185.4,1.26,124.6
4102000,Assis Chateaubriand,2011,983.0,33003,4388912.0,36704.0,37.34,4464.8,1.112,133.0
4102000,Assis Chateaubriand,2012,983.0,32981,4608357.0,34095.0,34.68,4688.1,1.034,139.7
4102000,Assis Chateaubriand,2013,983.0,33988,5530020.0,30530.0,31.06,5625.7,0.898,162.7
4102000,Assis Chateaubriand,2014,983.0,34008,5511231.0,32051.0,32.61,5606.5,0.942,162.1
4102000,Assis Chateaubriand,2015,983.0,34027,5914950.0,30873.0,31.41,6017.2,0.907,173.8
4102000,Assis Chateaubriand,2016,983.0,34046,6309694.0,31320.0,31.86,6418.8,0.92,185.3
4102000,Assis Chateaubriand,2017,983.0,34064,6909431.0,33055.0,33.63,7028.9,0.97,202.8
4102000,Assis Chateaubriand,2018,983.0,33397,6417177.0,37940.0,38.6,6528.2,1.136,192.1
4102000,Assis Chateaubriand,2019,983.0,33362,6598185.0,38820.0,39.49,6712.3,1.164,197.8
4102000,Assis Chateaubriand,2020,983.0,33340,7821837.0,34584.0,35.18,7957.1,1.037,234.6
4102000,Assis Chateaubriand,2021,983.0,33306,8211615.0,39055.0,39.73,8353.6,1.173,246.6
4102000,Assis Chateaubriand,2022,983.0,34906,7900035.0,39291.0,39.97,8036.7,1.126,226.3
4102000,Assis Chateaubriand,2023,983.0,36505,8652724.0,41355.0,42.07,8802.4,1.133,237.0
4102000,Assis Chateaubriand,2024,983.0,38105,8638893.0,43587.0,44.34,8788.3,1.144,226.7
4102000,Assis Chateaubriand,2025,983.0,38357,8638893.0,43587.0,44.34,8788.3,1.136,225.2
4102000,Assis Chateaubriand,2026,983.0,38357,8638893.0,43587.0,44.34,8788.3,1.136,225.2
4103057,Boa Vista da Aparecida,2008,266.8,7972,1083510.0,7797.0,29.22,4061.1,0.978,135.9
4103057,Boa Vista da Aparecida,2009,266.8,7919,834619.0,5232.0,19.61,3128.3,0.661,105.4
4103057,Boa Vista da Aparecida,2010,266.8,7896,798788.0,4998.0,18.73,2994.0,0.633,101.2
4103057,Boa Vista da Aparecida,2011,266.8,7872,836218.0,5249.0,19.67,3134.3,0.667,106.2
4103057,Boa Vista da Aparecida,2012,266.8,7834,832951.0,8420.0,31.56,3122.0,1.075,106.3
4103057,Boa Vista da Aparecida,2013,266.8,8028,606441.0,3971.0,14.88,2273.0,0.495,75.5
4103057,Boa Vista da Aparecida,2014,266.8,7998,708000.0,3340.0,12.52,2653.7,0.418,88.5
4103057,Boa Vista da Aparecida,2015,266.8,7968,696187.0,3558.0,13.34,2609.4,0.447,87.4
4103057,Boa Vista da Aparecida,2016,266.8,7939,741840.0,3583.0,13.43,2780.5,0.451,93.4
4103057,Boa Vista da Aparecida,2017,266.8,7911,525982.0,1737.0,6.51,1971.4,0.22,66.5
4103057,Boa Vista da Aparecida,2018,266.8,7643,521014.0,1706.0,6.39,1952.8,0.223,68.2
4103057,Boa Vista da Aparecida,2019,266.8,7591,520900.0,1743.0,6.53,1952.4,0.23,68.6
4103057,Boa Vista da Aparecida,2020,266.8,7540,521000.0,1863.0,6.98,1952.8,0.247,69.1
4103057,Boa Vista da Aparecida,2021,266.8,7524,859557.0,1395.0,5.23,3221.7,0.185,114.2
4103057,Boa Vista da Aparecida,2022,266.8,7694,935742.0,1152.0,4.32,3507.3,0.15,121.6
4103057,Boa Vista da Aparecida,2023,266.8,7864,684105.0,862.0,3.23,2564.1,0.11,87.0
4103057,Boa Vista da Aparecida,2024,266.8,8034,678000.0,976.0,3.66,2541.2,0.121,84.4
4103057,Boa Vista da Aparecida,2025,266.8,8023,678000.0,976.0,3.66,2541.2,0.122,84.5
4103057,Boa Vista da Aparecida,2026,266.8,8023,678000.0,976.0,3.66,2541.2,0.122,84.5
4103354,Braganey,2008,344.2,6213,310638.0,6862.0,19.94,902.5,1.104,50.0
4103354,Braganey,2009,344.2,6209,252124.0,4435.0,12.88,732.5,0.714,40.6
4103354,Braganey,2010,344.2,5954,230878.0,4800.0,13.95,670.8,0.806,38.8
4103354,Braganey,2011,344.2,5700,243127.0,4932.0,14.33,706.4,0.865,42.7
4103354,Braganey,2012,344.2,5667,224350.0,5226.0,15.18,651.8,0.922,39.6
4103354,Braganey,2013,344.2,5799,235567.0,5383.0,15.64,684.4,0.928,40.6
4103354,Braganey,2014,344.2,5770,247345.0,5545.0,16.11,718.6,0.961,42.9
4103354,Braganey,2015,344.2,5742,290600.0,1350.0,3.92,844.3,0.235,50.6
4103354,Braganey,2016,344.2,5714,600000.0,454.0,1.32,1743.2,0.079,105.0
4103354,Braganey,2017,344.2,5687,580500.0,426.0,1.24,1686.5,0.075,102.1
4103354,Braganey,2018,344.2,5473,490400.0,967.0,2.81,1424.8,0.177,89.6
4103354,Braganey,2019,344.2,5427,433480.0,896.0,2.6,1259.4,0.165,79.9
4103354,Braganey,2020,344.2,5382,434000.0,844.0,2.45,1260.9,0.157,80.6
4103354,Braganey,2021,344.2,5338,635093.0,911.0,2.65,1845.1,0.171,119.0
4103354,Braganey,2022,344.2,5159,645093.0,827.0,2.4,1874.2,0.16,125.0
4103354,Braganey,2023,344.2,4981,486640.0,772.0,2.24,1413.8,0.155,97.7
4103354,Braganey,2024,344.2,4802,480040.0,814.0,2.36,1394.7,0.17,100.0
4103354,Braganey,2025,344.2,4745,480040.0,814.0,2.36,1394.7,0.172,101.2
4103354,Braganey,2026,344.2,4745,480040.0,814.0,2.36,1394.7,0.172,101.2
4103453,Cafelandia,2008,275.5,13776,4407526.0,30118.0,109.32,15998.3,2.186,319.9
4103453,Cafelandia,2009,275.5,14034,4076488.0,33080.0,120.07,14796.7,2.357,290.5
4103453,Cafelandia,2010,275.5,14484,4513079.0,13387.0,48.59,16381.4,0.924,311.6
4103453,Cafelandia,2011,275.5,14933,4571184.0,12562.0,45.6,16592.3,0.841,306.1
4103453,Cafelandia,2012,275.5,15194,4804910.0,11640.0,42.25,17440.7,0.766,316.2
4103453,Cafelandia,2013,275.5,16020,5476560.0,12350.0,44.83,19878.6,0.771,341.9
4103453,Cafelandia,2014,275.5,16321,5607565.0,27290.0,99.06,20354.1,1.672,343.6
4103453,Cafelandia,2015,275.5,16611,6560851.0,31143.0,113.04,23814.3,1.875,395.0
4103453,Cafelandia,2016,275.5,16896,5668026.0,67800.0,246.1,20573.6,4.013,335.5
4103453,Cafelandia,2017,275.5,17175,5462664.0,98196.0,356.43,19828.2,5.717,318.1
4103453,Cafelandia,2018,275.5,17775,5899320.0,96355.0,349.75,21413.1,5.421,331.9
4103453,Cafelandia,2019,275.5,18120,5491127.0,65639.0,238.25,19931.5,3.622,303.0
4103453,Cafelandia,2020,275.5,18456,5676372.0,72611.0,263.56,20603.9,3.934,307.6
4103453,Cafelandia,2021,275.5,18783,5402500.0,86859.0,315.28,19609.8,4.624,287.6
4103453,Cafelandia,2022,275.5,19137,5618732.0,69500.0,252.27,20394.7,3.632,293.6
4103453,Cafelandia,2023,275.5,19490,5785031.0,67823.0,246.18,20998.3,3.48,296.8
4103453,Cafelandia,2024,275.5,19844,5862749.0,85233.0,309.38,21280.4,4.295,295.4
4103453,Cafelandia,2025,275.5,20145,5862749.0,85233.0,309.38,21280.4,4.231,291.0
4103453,Cafelandia,2026,275.5,20145,5862749.0,85233.0,309.38,21280.4,4.231,291.0
4104600,Capitao Leonidas Marques,2008,280.6,13929,3077410.0,15315.0,54.58,10967.2,1.1,220.9
4104600,Capitao Leonidas Marques,2009,280.6,13870,2319937.0,11033.0,39.32,8267.8,0.795,167.3
4104600,Capitao Leonidas Marques,2010,280.6,14443,2148241.0,11305.0,40.29,7655.9,0.783,148.7
4104600,Capitao Leonidas Marques,2011,280.6,15016,2255652.0,11977.0,42.68,8038.7,0.798,150.2
4104600,Capitao Leonidas Marques,2012,280.6,15060,2079678.0,12576.0,44.82,7411.5,0.835,138.1
4104600,Capitao Leonidas Marques,2013,280.6,15592,2183661.0,13079.0,46.61,7782.1,0.839,140.1
4104600,Capitao Leonidas Marques,2014,280.6,15659,2212048.0,13498.0,48.1,7883.3,0.862,141.3
4104600,Capitao Leonidas Marques,2015,280.6,15724,1985000.0,7435.0,26.5,7074.1,0.473,126.2
4104600,Capitao Leonidas Marques,2016,280.6,15788,2867007.0,7273.0,25.92,10217.4,0.461,181.6
4104600,Capitao Leonidas Marques,2017,280.6,15850,2555340.0,6528.0,23.26,9106.7,0.412,161.2
4104600,Capitao Leonidas Marques,2018,280.6,15724,2534000.0,8848.0,31.53,9030.6,0.563,161.2
4104600,Capitao Leonidas Marques,2019,280.6,15780,2514040.0,5251.0,18.71,8959.5,0.333,159.3
4104600,Capitao Leonidas Marques,2020,280.6,15834,2520000.0,4243.0,15.12,8980.8,0.268,159.2
4104600,Capitao Leonidas Marques,2021,280.6,15887,2784904.0,5556.0,19.8,9924.8,0.35,175.3
4104600,Capitao Leonidas Marques,2022,280.6,15523,2727480.0,5039.0,17.96,9720.2,0.325,175.7
4104600,Capitao Leonidas Marques,2023,280.6,15160,1699780.0,4731.0,16.86,6057.7,0.312,112.1
4104600,Capitao Leonidas Marques,2024,280.6,14796,1700000.0,4900.0,17.46,6058.4,0.331,114.9
4104600,Capitao Leonidas Marques,2025,280.6,14776,1700000.0,4900.0,17.46,6058.4,0.332,115.1
4104600,Capitao Leonidas Marques,2026,280.6,14776,1700000.0,4900.0,17.46,6058.4,0.332,115.1
4104808,Cascavel,2008,2095.1,291747,6903366.0,54640.0,26.08,3295.0,0.187,23.7
4104808,Cascavel,2009,2095.1,296254,6521000.0,81168.0,38.74,3112.5,0.274,22.0
4104808,Cascavel,2010,2095.1,292797,6597500.0,87598.0,41.81,3149.0,0.299,22.5
4104808,Cascavel,2011,2095.1,289340,6768149.0,92432.0,44.12,3230.5,0.319,23.4
4104808,Cascavel,2012,2095.1,292372,4257793.0,98764.0,47.14,2032.3,0.338,14.6
4104808,Cascavel,2013,2095.1,305615,4385526.0,103702.0,49.5,2093.2,0.339,14.3
4104808,Cascavel,2014,2095.1,309259,4515265.0,101109.0,48.26,2155.2,0.327,14.6
4104808,Cascavel,2015,2095.1,312778,5350000.0,90451.0,43.17,2553.6,0.289,17.1
4104808,Cascavel,2016,2095.1,316226,10556928.0,88889.0,42.43,5038.9,0.281,33.4
4104808,Cascavel,2017,2095.1,319608,9560000.0,126191.0,60.23,4563.0,0.395,29.9
4104808,Cascavel,2018,2095.1,324476,16630000.0,104000.0,49.64,7937.6,0.321,51.3
4104808,Cascavel,2019,2095.1,328454,16962000.0,158000.0,75.41,8096.0,0.481,51.6
4104808,Cascavel,2020,2095.1,332333,17000000.0,150500.0,71.83,8114.2,0.453,51.2
4104808,Cascavel,2021,2095.1,336073,20020000.0,160993.0,76.84,9555.6,0.479,59.6
4104808,Cascavel,2022,2095.1,345417,9400852.0,162286.0,77.46,4487.1,0.47,27.2
4104808,Cascavel,2023,2095.1,354760,9402000.0,143925.0,68.7,4487.6,0.406,26.5
4104808,Cascavel,2024,2095.1,364104,9100000.0,153928.0,73.47,4343.5,0.423,25.0
4104808,Cascavel,2025,2095.1,368195,9100000.0,153928.0,73.47,4343.5,0.418,24.7
4104808,Cascavel,2026,2095.1,368195,9100000.0,153928.0,73.47,4343.5,0.418,24.7
4105300,Ceu Azul,2008,1181.4,11332,1779838.0,18600.0,15.74,1506.5,1.641,157.1
4105300,Ceu Azul,2009,1181.4,11413,1674100.0,39400.0,33.35,1417.0,3.452,146.7
4105300,Ceu Azul,2010,1181.4,11246,1643500.0,33400.0,28.27,1391.1,2.97,146.1
4105300,Ceu Azul,2011,1181.4,11078,1848900.0,30130.0,25.5,1565.0,2.72,166.9
4105300,Ceu Azul,2012,1181.4,11121,2218000.0,42800.0,36.23,1877.4,3.849,199.4
4105300,Ceu Azul,2013,1181.4,11528,2226170.0,35500.0,30.05,1884.3,3.079,193.1
4105300,Ceu Azul,2014,1181.4,11589,2172888.0,32150.0,27.21,1839.2,2.774,187.5
4105300,Ceu Azul,2015,1181.4,11649,2170015.0,31113.0,26.34,1836.8,2.671,186.3
4105300,Ceu Azul,2016,1181.4,11707,2057678.0,31750.0,26.87,1741.7,2.712,175.8
4105300,Ceu Azul,2017,1181.4,11764,2259100.0,31350.0,26.54,1912.2,2.665,192.0
4105300,Ceu Azul,2018,1181.4,11709,2910000.0,34500.0,29.2,2463.2,2.946,248.5
4105300,Ceu Azul,2019,1181.4,11765,2766556.0,27650.0,23.4,2341.8,2.35,235.2
4105300,Ceu Azul,2020,1181.4,11819,2750526.0,28000.0,23.7,2328.2,2.369,232.7
4105300,Ceu Azul,2021,1181.4,11872,4140382.0,22553.0,19.09,3504.6,1.9,348.8
4105300,Ceu Azul,2022,1181.4,11665,4191572.0,19527.0,16.53,3548.0,1.674,359.3
4105300,Ceu Azul,2023,1181.4,11458,3999558.0,17731.0,15.01,3385.4,1.547,349.1
4105300,Ceu Azul,2024,1181.4,11251,4190000.0,18532.0,15.69,3546.6,1.647,372.4
4105300,Ceu Azul,2025,1181.4,11255,4190000.0,18532.0,15.69,3546.6,1.647,372.3
4105300,Ceu Azul,2026,1181.4,11255,4190000.0,18532.0,15.69,3546.6,1.647,372.3
4106308,Corbelia,2008,530.3,15858,1957490.0,13212.0,24.91,3691.3,0.833,123.4
4106308,Corbelia,2009,530.3,15850,1861560.0,14720.0,27.76,3510.4,0.929,117.4
4106308,Corbelia,2010,530.3,16101,1917671.0,15393.0,29.03,3616.2,0.956,119.1
4106308,Corbelia,2011,530.3,16352,2022080.0,16390.0,30.91,3813.1,1.002,123.7
4106308,Corbelia,2012,530.3,16389,1240836.0,14922.0,28.14,2339.9,0.91,75.7
4106308,Corbelia,2013,530.3,16954,1302877.0,15370.0,28.98,2456.9,0.907,76.8
4106308,Corbelia,2014,530.3,17016,1331540.0,12960.0,24.44,2510.9,0.762,78.3
4106308,Corbelia,2015,530.3,17076,1544586.0,12200.0,23.01,2912.7,0.714,90.5
4106308,Corbelia,2016,530.3,17135,1822000.0,16782.0,31.65,3435.8,0.979,106.3
4106308,Corbelia,2017,530.3,17193,4200000.0,15552.0,29.33,7920.0,0.905,244.3
4106308,Corbelia,2018,530.3,17024,3980000.0,19436.0,36.65,7505.2,1.142,233.8
4106308,Corbelia,2019,530.3,17071,3985000.0,15630.0,29.47,7514.6,0.916,233.4
4106308,Corbelia,2020,530.3,17117,3987000.0,12700.0,23.95,7518.4,0.742,232.9
4106308,Corbelia,2021,530.3,17162,4983122.0,13589.0,25.63,9396.8,0.792,290.4
4106308,Corbelia,2022,530.3,17395,5030422.0,11034.0,20.81,9486.0,0.634,289.2
4106308,Corbelia,2023,530.3,17629,4377830.0,15305.0,28.86,8255.4,0.868,248.3
4106308,Corbelia,2024,530.3,17862,4400000.0,16883.0,31.84,8297.2,0.945,246.3
4106308,Corbelia,2025,530.3,17933,4400000.0,16883.0,31.84,8297.2,0.941,245.4
4106308,Corbelia,2026,530.3,17933,4400000.0,16883.0,31.84,8297.2,0.941,245.4
4107157,Diamante D'Oeste,2008,309.8,5110,253273.0,4295.0,13.86,817.5,0.841,49.6
4107157,Diamante D'Oeste,2009,309.8,5129,334100.0,4460.0,14.4,1078.4,0.87,65.1
4107157,Diamante D'Oeste,2010,309.8,5084,312730.0,4400.0,14.2,1009.5,0.865,61.5
4107157,Diamante D'Oeste,2011,309.8,5039,316090.0,4880.0,15.75,1020.3,0.968,62.7
4107157,Diamante D'Oeste,2012,309.8,5050,448500.0,5000.0,16.14,1447.7,0.99,88.8
4107157,Diamante D'Oeste,2013,309.8,5223,486000.0,8400.0,27.11,1568.8,1.608,93.0
4107157,Diamante D'Oeste,2014,309.8,5242,454100.0,8200.0,26.47,1465.8,1.564,86.6
4107157,Diamante D'Oeste,2015,309.8,5259,466990.0,9350.0,30.18,1507.4,1.778,88.8
4107157,Diamante D'Oeste,2016,309.8,5277,334190.0,8680.0,28.02,1078.7,1.645,63.3
4107157,Diamante D'Oeste,2017,309.8,5294,360400.0,8658.0,27.95,1163.3,1.635,68.1
4107157,Diamante D'Oeste,2018,309.8,5239,360200.0,8640.0,27.89,1162.7,1.649,68.8
4107157,Diamante D'Oeste,2019,309.8,5253,280000.0,8605.0,27.78,903.8,1.638,53.3
4107157,Diamante D'Oeste,2020,309.8,5266,395056.0,8620.0,27.82,1275.2,1.637,75.0
4107157,Diamante D'Oeste,2021,309.8,5279,510000.0,18875.0,60.93,1646.2,3.575,96.6
4107157,Diamante D'Oeste,2022,309.8,5038,544122.0,16155.0,52.15,1756.4,3.207,108.0
4107157,Diamante D'Oeste,2023,309.8,4798,671530.0,20834.0,67.25,2167.6,4.342,140.0
4107157,Diamante D'Oeste,2024,309.8,4557,788888.0,21800.0,70.37,2546.4,4.784,173.1
4107157,Diamante D'Oeste,2025,309.8,4513,788888.0,21800.0,70.37,2546.4,4.83,174.8
4107157,Diamante D'Oeste,2026,309.8,4513,788888.0,21800.0,70.37,2546.4,4.83,174.8
4107538,Entre Rios do Oeste,2008,121.2,4043,1140670.0,54950.0,453.38,9411.5,13.591,282.1
4107538,Entre Rios do Oeste,2009,121.2,4113,1000890.0,48836.0,402.94,8258.2,11.874,243.3
4107538,Entre Rios do Oeste,2010,121.2,4042,856200.0,47300.0,390.26,7064.4,11.702,211.8
4107538,Entre Rios do Oeste,2011,121.2,3972,370500.0,82800.0,683.17,3056.9,20.846,93.3
4107538,Entre Rios do Oeste,2012,121.2,4017,360400.0,83000.0,684.82,2973.6,20.662,89.7
4107538,Entre Rios do Oeste,2013,121.2,4202,287000.0,48649.0,401.39,2368.0,11.578,68.3
4107538,Entre Rios do Oeste,2014,121.2,4255,408997.0,231451.0,1909.66,3374.6,54.395,96.1
4107538,Entre Rios do Oeste,2015,121.2,4306,370669.0,208283.0,1718.51,3058.3,48.37,86.1
4107538,Entre Rios do Oeste,2016,121.2,4357,334061.0,223279.0,1842.24,2756.3,51.246,76.7
4107538,Entre Rios do Oeste,2017,121.2,4406,390000.0,245000.0,2021.45,3217.8,55.606,88.5
4107538,Entre Rios do Oeste,2018,121.2,4481,386570.0,243615.0,2010.02,3189.5,54.366,86.3
4107538,Entre Rios do Oeste,2019,121.2,4539,390750.0,243800.0,2011.55,3224.0,53.712,86.1
4107538,Entre Rios do Oeste,2020,121.2,4596,385500.0,244100.0,2014.03,3180.7,53.111,83.9
4107538,Entre Rios do Oeste,2021,121.2,4651,479101.0,207509.0,1712.12,3953.0,44.616,103.0
4107538,Entre Rios do Oeste,2022,121.2,4677,485000.0,171668.0,1416.4,4001.7,36.705,103.7
4107538,Entre Rios do Oeste,2023,121.2,4703,534733.0,173849.0,1434.4,4412.0,36.966,113.7
4107538,Entre Rios do Oeste,2024,121.2,4729,600691.0,169354.0,1397.31,4956.2,35.812,127.0
4107538,Entre Rios do Oeste,2025,121.2,4770,600691.0,169354.0,1397.31,4956.2,35.504,125.9
4107538,Entre Rios do Oeste,2026,121.2,4770,600691.0,169354.0,1397.31,4956.2,35.504,125.9
4108304,Foz do Iguacu,2008,610.5,319189,21482.0,2013.0,3.3,35.2,0.006,0.1
4108304,Foz do Iguacu,2009,610.5,325137,21928.0,1857.0,3.04,35.9,0.006,0.1
4108304,Foz do Iguacu,2010,610.5,290518,21722.0,1861.0,3.05,35.6,0.006,0.1
4108304,Foz do Iguacu,2011,610.5,255900,23200.0,2005.0,3.28,38.0,0.008,0.1
4108304,Foz do Iguacu,2012,610.5,255718,24000.0,1950.0,3.19,39.3,0.008,0.1
4108304,Foz do Iguacu,2013,610.5,263508,18000.0,4250.0,6.96,29.5,0.016,0.1
4108304,Foz do Iguacu,2014,610.5,263647,18500.0,4100.0,6.72,30.3,0.016,0.1
4108304,Foz do Iguacu,2015,610.5,263782,18600.0,4150.0,6.8,30.5,0.016,0.1
4108304,Foz do Iguacu,2016,610.5,263915,16500.0,5650.0,9.25,27.0,0.021,0.1
4108304,Foz do Iguacu,2017,610.5,264044,28408.0,3097.0,5.07,46.5,0.012,0.1
4108304,Foz do Iguacu,2018,610.5,258823,29013.0,3105.0,5.09,47.5,0.012,0.1
4108304,Foz do Iguacu,2019,610.5,258532,28500.0,2902.0,4.75,46.7,0.011,0.1
4108304,Foz do Iguacu,2020,610.5,258248,32400.0,2485.0,4.07,53.1,0.01,0.1
4108304,Foz do Iguacu,2021,610.5,257971,35600.0,2450.0,4.01,58.3,0.009,0.1
4108304,Foz do Iguacu,2022,610.5,270481,42300.0,1984.0,3.25,69.3,0.007,0.2
4108304,Foz do Iguacu,2023,610.5,282990,42800.0,2008.0,3.29,70.1,0.007,0.2
4108304,Foz do Iguacu,2024,610.5,295500,158000.0,5115.0,8.38,258.8,0.017,0.5
4108304,Foz do Iguacu,2025,610.5,297352,158000.0,5115.0,8.38,258.8,0.017,0.5
4108304,Foz do Iguacu,2026,610.5,297352,158000.0,5115.0,8.38,258.8,0.017,0.5
4108809,Guaira,2008,564.8,29594,21050.0,5405.0,9.57,37.3,0.183,0.7
4108809,Guaira,2009,564.8,29664,22200.0,5560.0,9.84,39.3,0.187,0.7
4108809,Guaira,2010,564.8,30262,22700.0,6270.0,11.1,40.2,0.207,0.8
4108809,Guaira,2011,564.8,30861,23100.0,6400.0,11.33,40.9,0.207,0.7
4108809,Guaira,2012,564.8,31013,21700.0,6256.0,11.08,38.4,0.202,0.7
4108809,Guaira,2013,564.8,32190,22400.0,6300.0,11.15,39.7,0.196,0.7
4108809,Guaira,2014,564.8,32394,18500.0,6600.0,11.69,32.8,0.204,0.6
4108809,Guaira,2015,564.8,32591,17000.0,6550.0,11.6,30.1,0.201,0.5
4108809,Guaira,2016,564.8,32784,17200.0,6670.0,11.81,30.5,0.203,0.5
4108809,Guaira,2017,564.8,32974,205000.0,4525.0,8.01,363.0,0.137,6.2
4108809,Guaira,2018,564.8,32923,207150.0,4450.0,7.88,366.8,0.135,6.3
4108809,Guaira,2019,564.8,33119,320000.0,4400.0,7.79,566.6,0.133,9.7
4108809,Guaira,2020,564.8,33310,350000.0,2033.0,3.6,619.7,0.061,10.5
4108809,Guaira,2021,564.8,33497,407000.0,1666.0,2.95,720.6,0.05,12.2
4108809,Guaira,2022,564.8,33320,437000.0,1752.0,3.1,773.7,0.053,13.1
4108809,Guaira,2023,564.8,33143,651143.0,1700.0,3.01,1152.9,0.051,19.6
4108809,Guaira,2024,564.8,32966,571972.0,1200.0,2.12,1012.7,0.036,17.4
4108809,Guaira,2025,564.8,33058,571972.0,1200.0,2.12,1012.7,0.036,17.3
4108809,Guaira,2026,564.8,33058,571972.0,1200.0,2.12,1012.7,0.036,17.3
4109757,Ibema,2008,145.8,6124,644963.0,2480.0,17.01,4423.6,0.405,105.3
4109757,Ibema,2009,145.8,6144,705723.0,869.0,5.96,4840.3,0.141,114.9
4109757,Ibema,2010,145.8,6112,650329.0,905.0,6.21,4460.4,0.148,106.4
4109757,Ibema,2011,145.8,6081,689200.0,934.0,6.41,4727.0,0.154,113.3
4109757,Ibema,2012,145.8,6096,520434.0,1510.0,10.36,3569.5,0.248,85.4
4109757,Ibema,2013,145.8,6306,503526.0,3550.0,24.35,3453.5,0.563,79.8
4109757,Ibema,2014,145.8,6329,500000.0,3009.0,20.64,3429.4,0.475,79.0
4109757,Ibema,2015,145.8,6352,845782.0,1002.0,6.87,5801.0,0.158,133.2
4109757,Ibema,2016,145.8,6374,616082.0,856.0,5.87,4225.5,0.134,96.7
4109757,Ibema,2017,145.8,6396,1572945.0,865.0,5.93,10788.4,0.135,245.9
4109757,Ibema,2018,145.8,6334,1580000.0,703.0,4.82,10836.8,0.111,249.4
4109757,Ibema,2019,145.8,6352,1540000.0,502.0,3.44,10562.4,0.079,242.4
4109757,Ibema,2020,145.8,6370,1560000.0,420.0,2.88,10699.6,0.066,244.9
4109757,Ibema,2021,145.8,6387,909004.0,361.0,2.48,6234.6,0.057,142.3
4109757,Ibema,2022,145.8,6367,999004.0,338.0,2.32,6851.9,0.053,156.9
4109757,Ibema,2023,145.8,6347,1000000.0,318.0,2.18,6858.7,0.05,157.6
4109757,Ibema,2024,145.8,6327,1009000.0,360.0,2.47,6920.4,0.057,159.5
4109757,Ibema,2025,145.8,6343,1009000.0,360.0,2.47,6920.4,0.057,159.1
4109757,Ibema,2026,145.8,6343,1009000.0,360.0,2.47,6920.4,0.057,159.1
4110656,Iracema do Oeste,2008,81.8,2604,168958.0,1714.0,20.95,2065.5,0.658,64.9
4110656,Iracema do Oeste,2009,81.8,2567,200572.0,1865.0,22.8,2452.0,0.727,78.1
4110656,Iracema do Oeste,2010,81.8,2558,199320.0,1559.0,19.06,2436.7,0.609,77.9
4110656,Iracema do Oeste,2011,81.8,2550,259723.0,1632.0,19.95,3175.1,0.64,101.9
4110656,Iracema do Oeste,2012,81.8,2522,265463.0,1525.0,18.64,3245.3,0.605,105.3
4110656,Iracema do Oeste,2013,81.8,2564,285000.0,1600.0,19.56,3484.1,0.624,111.2
4110656,Iracema do Oeste,2014,81.8,2537,453000.0,3746.0,45.79,5537.9,1.477,178.6
4110656,Iracema do Oeste,2015,81.8,2512,451238.0,2571.0,31.43,5516.4,1.023,179.6
4110656,Iracema do Oeste,2016,81.8,2487,509898.0,3068.0,37.51,6233.5,1.234,205.0
4110656,Iracema do Oeste,2017,81.8,2462,493071.0,3844.0,46.99,6027.8,1.561,200.3
4110656,Iracema do Oeste,2018,81.8,2325,504894.0,4300.0,52.57,6172.3,1.849,217.2
4110656,Iracema do Oeste,2019,81.8,2288,531653.0,4150.0,50.73,6499.4,1.814,232.4
4110656,Iracema do Oeste,2020,81.8,2251,503616.0,3190.0,39.0,6156.7,1.417,223.7
4110656,Iracema do Oeste,2021,81.8,2216,602339.0,3590.0,43.89,7363.6,1.62,271.8
4110656,Iracema do Oeste,2022,81.8,2259,674443.0,3966.0,48.48,8245.0,1.756,298.6
4110656,Iracema do Oeste,2023,81.8,2301,560210.0,3238.0,39.58,6848.5,1.407,243.5
4110656,Iracema do Oeste,2024,81.8,2344,462793.0,4711.0,57.59,5657.6,2.01,197.4
4110656,Iracema do Oeste,2025,81.8,2328,462793.0,4711.0,57.59,5657.6,2.024,198.8
4110656,Iracema do Oeste,2026,81.8,2328,462793.0,4711.0,57.59,5657.6,2.024,198.8
4112751,Jesuitas,2008,247.9,8948,1657920.0,8223.0,33.17,6687.9,0.919,185.3
4112751,Jesuitas,2009,247.9,8849,1714438.0,8867.0,35.77,6915.8,1.002,193.7
4112751,Jesuitas,2010,247.9,8894,1992529.0,18870.0,76.12,8037.6,2.122,224.0
4112751,Jesuitas,2011,247.9,8938,1924921.0,8101.0,32.68,7764.9,0.906,215.4
4112751,Jesuitas,2012,247.9,8876,2002366.0,7330.0,29.57,8077.3,0.826,225.6
4112751,Jesuitas,2013,247.9,9072,2002366.0,8200.0,33.08,8077.3,0.904,220.7
4112751,Jesuitas,2014,247.9,9017,2343790.0,54988.0,221.82,9454.6,6.098,259.9
4112751,Jesuitas,2015,247.9,8964,2425922.0,56048.0,226.09,9785.9,6.253,270.6
4112751,Jesuitas,2016,247.9,8912,2770032.0,57700.0,232.76,11174.0,6.474,310.8
4112751,Jesuitas,2017,247.9,8861,2508616.0,61000.0,246.07,10119.5,6.884,283.1
4112751,Jesuitas,2018,247.9,8495,2586716.0,53070.0,214.08,10434.5,6.247,304.5
4112751,Jesuitas,2019,247.9,8412,2653453.0,54138.0,218.39,10703.7,6.436,315.4
4112751,Jesuitas,2020,247.9,8330,3650035.0,50375.0,203.21,14723.8,6.047,438.2
4112751,Jesuitas,2021,247.9,8251,3370306.0,30918.0,124.72,13595.4,3.747,408.5
4112751,Jesuitas,2022,247.9,9121,3604908.0,41854.0,168.83,14541.8,4.589,395.2
4112751,Jesuitas,2023,247.9,9990,3420943.0,50085.0,202.04,13799.7,5.014,342.4
4112751,Jesuitas,2024,247.9,10860,3377368.0,64826.0,261.5,13623.9,5.969,311.0
4112751,Jesuitas,2025,247.9,10954,3377368.0,64826.0,261.5,13623.9,5.918,308.3
4112751,Jesuitas,2026,247.9,10954,3377368.0,64826.0,261.5,13623.9,5.918,308.3
4113452,Lindoeste,2008,347.9,5498,1163967.0,10627.0,30.55,3345.7,1.933,211.7
4113452,Lindoeste,2009,347.9,5419,1324846.0,9480.0,27.25,3808.1,1.749,244.5
4113452,Lindoeste,2010,347.9,5357,1281087.0,9455.0,27.18,3682.3,1.765,239.1
4113452,Lindoeste,2011,347.9,5295,1306708.0,9690.0,27.85,3756.0,1.83,246.8
4113452,Lindoeste,2012,347.9,5231,1049510.0,9978.0,28.68,3016.7,1.907,200.6
4113452,Lindoeste,2013,347.9,5309,1101985.0,10277.0,29.54,3167.5,1.936,207.6
4113452,Lindoeste,2014,347.9,5247,1116985.0,10545.0,30.31,3210.6,2.01,212.9
4113452,Lindoeste,2015,347.9,5187,1650000.0,4524.0,13.0,4742.7,0.872,318.1
4113452,Lindoeste,2016,347.9,5129,730000.0,4978.0,14.31,2098.3,0.971,142.3
4113452,Lindoeste,2017,347.9,5071,695000.0,4895.0,14.07,1997.7,0.965,137.1
4113452,Lindoeste,2018,347.9,4762,650700.0,5879.0,16.9,1870.4,1.235,136.6
4113452,Lindoeste,2019,347.9,4676,774500.0,5014.0,14.41,2226.2,1.072,165.6
4113452,Lindoeste,2020,347.9,4592,775500.0,5280.0,15.18,2229.1,1.15,168.9
4113452,Lindoeste,2021,347.9,4488,1041321.0,5545.0,15.94,2993.2,1.236,232.0
4113452,Lindoeste,2022,347.9,4734,1249566.0,3817.0,10.97,3591.7,0.806,264.0
4113452,Lindoeste,2023,347.9,4980,1310000.0,2410.0,6.93,3765.4,0.484,263.1
4113452,Lindoeste,2024,347.9,5226,1300100.0,2067.0,5.94,3737.0,0.396,248.8
4113452,Lindoeste,2025,347.9,5217,1300100.0,2067.0,5.94,3737.0,0.396,249.2
4113452,Lindoeste,2026,347.9,5217,1300100.0,2067.0,5.94,3737.0,0.396,249.2
4114609,Marechal Candido Rondon,2008,747.4,46523,1508000.0,156205.0,209.0,2017.7,3.358,32.4
4114609,Marechal Candido Rondon,2009,747.4,47048,2097836.0,136074.0,182.06,2806.8,2.892,44.6
4114609,Marechal Candido Rondon,2010,747.4,47157,2005500.0,124660.0,166.79,2683.3,2.644,42.5
4114609,Marechal Candido Rondon,2011,747.4,47266,2755000.0,330797.0,442.6,3686.1,6.999,58.3
4114609,Marechal Candido Rondon,2012,747.4,47697,2554000.0,324000.0,433.5,3417.2,6.793,53.5
4114609,Marechal Candido Rondon,2013,747.4,49773,2750000.0,202210.0,270.55,3679.4,4.063,55.3
4114609,Marechal Candido Rondon,2014,747.4,50299,3369004.0,380377.0,508.93,4507.6,7.562,67.0
4114609,Marechal Candido Rondon,2015,747.4,50808,3429460.0,497910.0,666.19,4588.5,9.8,67.5
4114609,Marechal Candido Rondon,2016,747.4,51306,3657796.0,520929.0,696.99,4894.0,10.153,71.3
4114609,Marechal Candido Rondon,2017,747.4,51795,3833300.0,460000.0,615.47,5128.8,8.881,74.0
4114609,Marechal Candido Rondon,2018,747.4,52379,4032000.0,475742.0,636.53,5394.7,9.083,77.0
4114609,Marechal Candido Rondon,2019,747.4,52944,4102000.0,474254.0,634.54,5488.4,8.958,77.5
4114609,Marechal Candido Rondon,2020,747.4,53495,4032000.0,474350.0,634.67,5394.7,8.867,75.4
4114609,Marechal Candido Rondon,2021,747.4,54031,4862995.0,385157.0,515.33,6506.5,7.128,90.0
4114609,Marechal Candido Rondon,2022,747.4,55401,5702841.0,598711.0,801.06,7630.2,10.807,102.9
4114609,Marechal Candido Rondon,2023,747.4,56770,6081419.0,590000.0,789.4,8136.8,10.393,107.1
4114609,Marechal Candido Rondon,2024,747.4,58140,6511184.0,576000.0,770.67,8711.8,9.907,112.0
4114609,Marechal Candido Rondon,2025,747.4,58734,6511184.0,576000.0,770.67,8711.8,9.807,110.9
4114609,Marechal Candido Rondon,2026,747.4,58734,6511184.0,576000.0,770.67,8711.8,9.807,110.9
4115606,Matelandia,2008,641.0,16056,2490035.0,34444.0,53.73,3884.6,2.145,155.1
4115606,Matelandia,2009,641.0,16217,2477000.0,44400.0,69.27,3864.3,2.738,152.7
4115606,Matelandia,2010,641.0,16214,2241500.0,22700.0,35.41,3496.9,1.4,138.2
4115606,Matelandia,2011,641.0,16212,2294000.0,36200.0,56.47,3578.8,2.233,141.5
4115606,Matelandia,2012,641.0,16340,2673000.0,50100.0,78.16,4170.0,3.066,163.6
4115606,Matelandia,2013,641.0,17026,2858000.0,48200.0,75.2,4458.7,2.831,167.9
4115606,Matelandia,2014,641.0,17186,3027650.0,43050.0,67.16,4723.3,2.505,176.2
4115606,Matelandia,2015,641.0,17340,2833484.0,44800.0,69.89,4420.4,2.584,163.4
4115606,Matelandia,2016,641.0,17491,3101380.0,49200.0,76.76,4838.3,2.813,177.3
4115606,Matelandia,2017,641.0,17640,3076800.0,39300.0,61.31,4800.0,2.228,174.4
4115606,Matelandia,2018,641.0,17775,3179900.0,40152.0,62.64,4960.8,2.259,178.9
4115606,Matelandia,2019,641.0,17943,3799980.0,48180.0,75.16,5928.2,2.685,211.8
4115606,Matelandia,2020,641.0,18107,3299100.0,43857.0,68.42,5146.8,2.422,182.2
4115606,Matelandia,2021,641.0,18266,3721620.0,46635.0,72.75,5806.0,2.553,203.7
4115606,Matelandia,2022,641.0,18518,3878251.0,59101.0,92.2,6050.3,3.192,209.4
4115606,Matelandia,2023,641.0,18770,3900000.0,59200.0,92.36,6084.2,3.154,207.8
4115606,Matelandia,2024,641.0,19022,5142610.0,61000.0,95.16,8022.8,3.207,270.4
4115606,Matelandia,2025,641.0,19223,5142610.0,61000.0,95.16,8022.8,3.173,267.5
4115606,Matelandia,2026,641.0,19223,5142610.0,61000.0,95.16,8022.8,3.173,267.5
4115804,Medianeira,2008,329.4,39700,1691087.0,41538.0,126.1,5133.8,1.046,42.6
4115804,Medianeira,2009,329.4,39857,1713500.0,58425.0,177.37,5201.9,1.466,43.0
4115804,Medianeira,2010,329.4,40990,1613900.0,64100.0,194.6,4899.5,1.564,39.4
4115804,Medianeira,2011,329.4,42124,1615000.0,78500.0,238.31,4902.9,1.864,38.3
4115804,Medianeira,2012,329.4,42420,1998500.0,82880.0,251.61,6067.1,1.954,47.1
4115804,Medianeira,2013,329.4,44149,2051000.0,83400.0,253.19,6226.5,1.889,46.5
4115804,Medianeira,2014,329.4,44523,2180300.0,87500.0,265.63,6619.0,1.965,49.0
4115804,Medianeira,2015,329.4,44885,2014900.0,103500.0,314.21,6116.9,2.306,44.9
4115804,Medianeira,2016,329.4,45239,1917800.0,107700.0,326.96,5822.1,2.381,42.4
4115804,Medianeira,2017,329.4,45586,2080000.0,83841.0,254.53,6314.5,1.839,45.6
4115804,Medianeira,2018,329.4,45812,2120000.0,84331.0,256.01,6435.9,1.841,46.3
4115804,Medianeira,2019,329.4,46198,2321455.0,101190.0,307.19,7047.5,2.19,50.3
4115804,Medianeira,2020,329.4,46574,2528610.0,109975.0,333.86,7676.4,2.361,54.3
4115804,Medianeira,2021,329.4,46940,2756803.0,131960.0,400.61,8369.2,2.811,58.7
4115804,Medianeira,2022,329.4,50333,3104485.0,131000.0,397.69,9424.7,2.603,61.7
4115804,Medianeira,2023,329.4,53727,3200000.0,133000.0,403.76,9714.6,2.475,59.6
4115804,Medianeira,2024,329.4,57120,4775025.0,145000.0,440.19,14496.1,2.539,83.6
4115804,Medianeira,2025,329.4,57910,4775025.0,145000.0,440.19,14496.1,2.504,82.5
4115804,Medianeira,2026,329.4,57910,4775025.0,145000.0,440.19,14496.1,2.504,82.5
4115853,Mercedes,2008,197.6,4879,2922000.0,18029.0,91.24,14787.4,3.695,598.9
4115853,Mercedes,2009,197.6,4902,585650.0,16311.0,82.55,2963.8,3.327,119.5
4115853,Mercedes,2010,197.6,4991,558000.0,15000.0,75.91,2823.9,3.005,111.8
4115853,Mercedes,2011,197.6,5080,775100.0,30630.0,155.01,3922.6,6.03,152.6
4115853,Mercedes,2012,197.6,5113,1004400.0,29670.0,150.15,5083.0,5.803,196.4
4115853,Mercedes,2013,197.6,5316,1210000.0,31250.0,158.15,6123.5,5.878,227.6
4115853,Mercedes,2014,197.6,5357,1450000.0,33180.0,167.91,7338.1,6.194,270.7
4115853,Mercedes,2015,197.6,5398,1800000.0,36190.0,183.15,9109.3,6.704,333.5
4115853,Mercedes,2016,197.6,5437,1690000.0,36300.0,183.7,8552.6,6.676,310.8
4115853,Mercedes,2017,197.6,5476,1249379.0,33707.0,170.58,6322.8,6.155,228.2
4115853,Mercedes,2018,197.6,5493,1240000.0,33605.0,170.07,6275.3,6.118,225.7
4115853,Mercedes,2019,197.6,5536,1130000.0,32940.0,166.7,5718.6,5.95,204.1
4115853,Mercedes,2020,197.6,5577,1135000.0,46800.0,236.84,5743.9,8.392,203.5
4115853,Mercedes,2021,197.6,5617,1747131.0,60526.0,306.31,8841.8,10.776,311.0
4115853,Mercedes,2022,197.6,5790,1850000.0,53052.0,268.48,9362.3,9.163,319.5
4115853,Mercedes,2023,197.6,5963,2430510.0,56433.0,285.59,12300.2,9.464,407.6
4115853,Mercedes,2024,197.6,6136,2858447.0,53981.0,273.18,14465.8,8.797,465.8
4115853,Mercedes,2025,197.6,6194,2858447.0,53981.0,273.18,14465.8,8.715,461.5
4115853,Mercedes,2026,197.6,6194,2858447.0,53981.0,273.18,14465.8,8.715,461.5
4116703,Nova Aurora,2008,471.6,11833,2923821.0,53510.0,113.46,6199.8,4.522,247.1
4116703,Nova Aurora,2009,471.6,11636,2908961.0,51274.0,108.72,6168.3,4.406,250.0
4116703,Nova Aurora,2010,471.6,11683,3279900.0,29196.0,61.91,6954.8,2.499,280.7
4116703,Nova Aurora,2011,471.6,11730,3940115.0,30513.0,64.7,8354.8,2.601,335.9
4116703,Nova Aurora,2012,471.6,11598,4137123.0,28709.0,60.88,8772.5,2.475,356.7
4116703,Nova Aurora,2013,471.6,11786,4799062.0,37439.0,79.39,10176.1,3.177,407.2
4116703,Nova Aurora,2014,471.6,11659,5422940.0,26280.0,55.73,11499.0,2.254,465.1
4116703,Nova Aurora,2015,471.6,11537,5549700.0,30327.0,64.31,11767.8,2.629,481.0
4116703,Nova Aurora,2016,471.6,11418,5088997.0,38750.0,82.17,10790.9,3.394,445.7
4116703,Nova Aurora,2017,471.6,11300,5079240.0,44493.0,94.34,10770.2,3.937,449.5
4116703,Nova Aurora,2018,471.6,10650,5434786.0,48052.0,101.89,11524.1,4.512,510.3
4116703,Nova Aurora,2019,471.6,10472,5684670.0,47200.0,100.08,12054.0,4.507,542.8
4116703,Nova Aurora,2020,471.6,10299,5907333.0,46714.0,99.05,12526.2,4.536,573.6
4116703,Nova Aurora,2021,471.6,10131,5832578.0,72993.0,154.78,12367.6,7.205,575.7
4116703,Nova Aurora,2022,471.6,11494,5809577.0,52712.0,111.77,12318.9,4.586,505.4
4116703,Nova Aurora,2023,471.6,12856,5978012.0,53501.0,113.45,12676.0,4.162,465.0
4116703,Nova Aurora,2024,471.6,14219,5925082.0,118448.0,251.16,12563.8,8.33,416.7
4116703,Nova Aurora,2025,471.6,14331,5925082.0,118448.0,251.16,12563.8,8.265,413.4
4116703,Nova Aurora,2026,471.6,14331,5925082.0,118448.0,251.16,12563.8,8.265,413.4
4117453,Ouro Verde do Oeste,2008,293.7,5636,1036800.0,38610.0,131.46,3530.1,6.851,184.0
4117453,Ouro Verde do Oeste,2009,293.7,5648,894950.0,51943.0,176.86,3047.2,9.197,158.5
4117453,Ouro Verde do Oeste,2010,293.7,5678,832500.0,48750.0,165.99,2834.5,8.586,146.6
4117453,Ouro Verde do Oeste,2011,293.7,5709,555000.0,44100.0,150.15,1889.7,7.725,97.2
4117453,Ouro Verde do Oeste,2012,293.7,5726,508000.0,40100.0,136.53,1729.7,7.003,88.7
4117453,Ouro Verde do Oeste,2013,293.7,5927,784300.0,38219.0,130.13,2670.4,6.448,132.3
4117453,Ouro Verde do Oeste,2014,293.7,5952,841288.0,68310.0,232.58,2864.4,11.477,141.3
4117453,Ouro Verde do Oeste,2015,293.7,5976,913765.0,75089.0,255.67,3111.2,12.565,152.9
4117453,Ouro Verde do Oeste,2016,293.7,6000,863200.0,123816.0,421.57,2939.1,20.636,143.9
4117453,Ouro Verde do Oeste,2017,293.7,6023,970770.0,98640.0,335.85,3305.3,16.377,161.2
4117453,Ouro Verde do Oeste,2018,293.7,5975,971000.0,98800.0,336.4,3306.1,16.536,162.5
4117453,Ouro Verde do Oeste,2019,293.7,5996,880000.0,98852.0,336.57,2996.3,16.486,146.8
4117453,Ouro Verde do Oeste,2020,293.7,6016,877798.0,98865.0,336.62,2988.8,16.434,145.9
4117453,Ouro Verde do Oeste,2021,293.7,6036,1214069.0,108234.0,368.52,4133.7,17.931,201.1
4117453,Ouro Verde do Oeste,2022,293.7,6368,1612688.0,75020.0,255.43,5490.9,11.781,253.2
4117453,Ouro Verde do Oeste,2023,293.7,6699,1702022.0,76441.0,260.27,5795.1,11.411,254.1
4117453,Ouro Verde do Oeste,2024,293.7,7031,1500000.0,82692.0,281.55,5107.3,11.761,213.3
4117453,Ouro Verde do Oeste,2025,293.7,7102,1500000.0,82692.0,281.55,5107.3,11.643,211.2
4117453,Ouro Verde do Oeste,2026,293.7,7102,1500000.0,82692.0,281.55,5107.3,11.643,211.2
4117909,Palotina,2008,652.7,28691,5617000.0,44800.0,68.64,8605.8,1.561,195.8
4117909,Palotina,2009,652.7,28966,5710000.0,49600.0,75.99,8748.3,1.712,197.1
4117909,Palotina,2010,652.7,28936,6016000.0,51900.0,79.52,9217.1,1.794,207.9
4117909,Palotina,2011,652.7,28907,6068000.0,60000.0,91.93,9296.8,2.076,209.9
4117909,Palotina,2012,652.7,29123,6618000.0,65820.0,100.84,10139.4,2.26,227.2
4117909,Palotina,2013,652.7,30327,6860000.0,78000.0,119.5,10510.2,2.572,226.2
4117909,Palotina,2014,652.7,30598,7250000.0,87900.0,134.67,11107.7,2.873,236.9
4117909,Palotina,2015,652.7,30859,8100000.0,165747.0,253.94,12410.0,5.371,262.5
4117909,Palotina,2016,652.7,31115,7500000.0,103042.0,157.87,11490.7,3.312,241.0
4117909,Palotina,2017,652.7,31366,6912650.0,90150.0,138.12,10590.9,2.874,220.4
4117909,Palotina,2018,652.7,31564,7550000.0,90500.0,138.65,11567.3,2.867,239.2
4117909,Palotina,2019,652.7,31846,7423324.0,90463.0,138.6,11373.3,2.841,233.1
4117909,Palotina,2020,652.7,32121,7839038.0,90380.0,138.47,12010.2,2.814,244.0
4117909,Palotina,2021,652.7,32389,7450000.0,67176.0,102.92,11414.1,2.074,230.0
4117909,Palotina,2022,652.7,33800,7525000.0,60852.0,93.23,11529.0,1.8,222.6
4117909,Palotina,2023,652.7,35212,7338424.0,66624.0,102.07,11243.2,1.892,208.4
4117909,Palotina,2024,652.7,36623,7101029.0,63045.0,96.59,10879.5,1.721,193.9
4117909,Palotina,2025,652.7,37039,7101029.0,63045.0,96.59,10879.5,1.702,191.7
4117909,Palotina,2026,652.7,37039,7101029.0,63045.0,96.59,10879.5,1.702,191.7
4118451,Pato Bragado,2008,135.9,4867,675680.0,23508.0,172.98,4971.9,4.83,138.8
4118451,Pato Bragado,2009,135.9,4947,801431.0,20270.0,149.15,5897.2,4.097,162.0
4118451,Pato Bragado,2010,135.9,4914,730300.0,18200.0,133.92,5373.8,3.704,148.6
4118451,Pato Bragado,2011,135.9,4882,690000.0,25200.0,185.43,5077.3,5.162,141.3
4118451,Pato Bragado,2012,135.9,4939,641000.0,27600.0,203.09,4716.7,5.588,129.8
4118451,Pato Bragado,2013,135.9,5170,655844.0,27509.0,202.42,4825.9,5.321,126.9
4118451,Pato Bragado,2014,135.9,5239,967558.0,75249.0,553.71,7119.6,14.363,184.7
4118451,Pato Bragado,2015,135.9,5304,1127470.0,72245.0,531.6,8296.3,13.621,212.6
4118451,Pato Bragado,2016,135.9,5369,1065979.0,98516.0,724.92,7843.8,18.349,198.5
4118451,Pato Bragado,2017,135.9,5432,1250800.0,85600.0,629.87,9203.8,15.758,230.3
4118451,Pato Bragado,2018,135.9,5535,1260000.0,86000.0,632.82,9271.5,15.537,227.6
4118451,Pato Bragado,2019,135.9,5610,1194000.0,85043.0,625.78,8785.9,15.159,212.8
4118451,Pato Bragado,2020,135.9,5684,1193500.0,85100.0,626.2,8782.2,14.972,210.0
4118451,Pato Bragado,2021,135.9,5755,1223801.0,97705.0,718.95,9005.2,16.977,212.7
4118451,Pato Bragado,2022,135.9,5816,1315815.0,112577.0,828.38,9682.2,19.356,226.2
4118451,Pato Bragado,2023,135.9,5878,1637198.0,108922.0,801.49,12047.1,18.53,278.5
4118451,Pato Bragado,2024,135.9,5939,1646800.0,119587.0,879.96,12117.7,20.136,277.3
4118451,Pato Bragado,2025,135.9,6004,1646800.0,119587.0,879.96,12117.7,19.918,274.3
4118451,Pato Bragado,2026,135.9,6004,1646800.0,119587.0,879.96,12117.7,19.918,274.3
4120853,Quatro Pontes,2008,114.6,3789,380400.0,30902.0,269.65,3319.4,8.156,100.4
4120853,Quatro Pontes,2009,114.6,3800,324200.0,27654.0,241.31,2829.0,7.277,85.3
4120853,Quatro Pontes,2010,114.6,3808,303400.0,26170.0,228.36,2647.5,6.872,79.7
4120853,Quatro Pontes,2011,114.6,3816,321500.0,81187.0,708.44,2805.4,21.275,84.3
4120853,Quatro Pontes,2012,114.6,3827,318600.0,80000.0,698.08,2780.1,20.904,83.3
4120853,Quatro Pontes,2013,114.6,3963,240156.0,50105.0,437.22,2095.6,12.643,60.6
4120853,Quatro Pontes,2014,114.6,3981,515260.0,160821.0,1403.32,4496.2,40.397,129.4
4120853,Quatro Pontes,2015,114.6,3998,563778.0,144998.0,1265.25,4919.5,36.268,141.0
4120853,Quatro Pontes,2016,114.6,4014,803959.0,163917.0,1430.34,7015.3,40.836,200.3
4120853,Quatro Pontes,2017,114.6,4031,848600.0,155300.0,1355.15,7404.9,38.526,210.5
4120853,Quatro Pontes,2018,114.6,4000,847900.0,156200.0,1363.0,7398.8,39.05,212.0
4120853,Quatro Pontes,2019,114.6,4015,847500.0,155000.0,1352.53,7395.3,38.605,211.1
4120853,Quatro Pontes,2020,114.6,4029,847400.0,155050.0,1352.97,7394.4,38.483,210.3
4120853,Quatro Pontes,2021,114.6,4043,777570.0,133542.0,1165.29,6785.1,33.03,192.3
4120853,Quatro Pontes,2022,114.6,4241,747505.0,148104.0,1292.36,6522.7,34.922,176.3
4120853,Quatro Pontes,2023,114.6,4438,848087.0,138355.0,1207.29,7400.4,31.175,191.1
4120853,Quatro Pontes,2024,114.6,4636,947052.0,159559.0,1392.31,8264.0,34.417,204.3
4120853,Quatro Pontes,2025,114.6,4672,947052.0,159559.0,1392.31,8264.0,34.152,202.7
4120853,Quatro Pontes,2026,114.6,4672,947052.0,159559.0,1392.31,8264.0,34.152,202.7
4121257,Ramilandia,2008,237.7,4322,317934.0,6300.0,26.5,1337.5,1.458,73.6
4121257,Ramilandia,2009,237.7,4365,364500.0,8733.0,36.74,1533.4,2.001,83.5
4121257,Ramilandia,2010,237.7,4260,376000.0,10150.0,42.7,1581.8,2.383,88.3
4121257,Ramilandia,2011,237.7,4155,376000.0,9800.0,41.23,1581.8,2.359,90.5
4121257,Ramilandia,2012,237.7,4175,470800.0,11070.0,46.57,1980.6,2.651,112.8
4121257,Ramilandia,2013,237.7,4332,386800.0,11070.0,46.57,1627.3,2.555,89.3
4121257,Ramilandia,2014,237.7,4359,453700.0,9548.0,40.17,1908.7,2.19,104.1
4121257,Ramilandia,2015,237.7,4385,427400.0,6570.0,27.64,1798.1,1.498,97.5
4121257,Ramilandia,2016,237.7,4410,438145.0,6140.0,25.83,1843.3,1.392,99.4
4121257,Ramilandia,2017,237.7,4435,455895.0,6042.0,25.42,1917.9,1.362,102.8
4121257,Ramilandia,2018,237.7,4426,460200.0,6085.0,25.6,1936.1,1.375,104.0
4121257,Ramilandia,2019,237.7,4451,549697.0,5300.0,22.3,2312.6,1.191,123.5
4121257,Ramilandia,2020,237.7,4476,462400.0,6302.0,26.51,1945.3,1.408,103.3
4121257,Ramilandia,2021,237.7,4500,510430.0,5200.0,21.88,2147.4,1.156,113.4
4121257,Ramilandia,2022,237.7,4431,508380.0,6370.0,26.8,2138.7,1.438,114.7
4121257,Ramilandia,2023,237.7,4362,510000.0,6400.0,26.92,2145.6,1.467,116.9
4121257,Ramilandia,2024,237.7,4293,607640.0,6600.0,27.77,2556.3,1.537,141.5
4121257,Ramilandia,2025,237.7,4279,607640.0,6600.0,27.77,2556.3,1.542,142.0
4121257,Ramilandia,2026,237.7,4279,607640.0,6600.0,27.77,2556.3,1.542,142.0
4123501,Santa Helena,2008,756.1,23872,4884922.0,56474.0,74.69,6460.7,2.366,204.6
4123501,Santa Helena,2009,756.1,24198,4463737.0,60842.0,80.47,5903.6,2.514,184.5
4123501,Santa Helena,2010,756.1,23918,4520000.0,58600.0,77.5,5978.0,2.45,189.0
4123501,Santa Helena,2011,756.1,23638,1775000.0,34000.0,44.97,2347.6,1.438,75.1
4123501,Santa Helena,2012,756.1,23855,1670000.0,37200.0,49.2,2208.7,1.559,70.0
4123501,Santa Helena,2013,756.1,24895,1320988.0,35763.0,47.3,1747.1,1.437,53.1
4123501,Santa Helena,2014,756.1,25159,3768326.0,174700.0,231.05,4983.9,6.944,149.8
4123501,Santa Helena,2015,756.1,25415,4074655.0,161225.0,213.23,5389.0,6.344,160.3
4123501,Santa Helena,2016,756.1,25665,4472237.0,178000.0,235.42,5914.9,6.936,174.3
4123501,Santa Helena,2017,756.1,25911,4681570.0,169000.0,223.52,6191.7,6.522,180.7
4123501,Santa Helena,2018,756.1,26206,4692640.0,168240.0,222.51,6206.4,6.42,179.1
4123501,Santa Helena,2019,756.1,26490,4695300.0,167820.0,221.95,6209.9,6.335,177.2
4123501,Santa Helena,2020,756.1,26767,4770414.0,244390.0,323.22,6309.2,9.13,178.2
4123501,Santa Helena,2021,756.1,27036,6849496.0,313000.0,413.97,9059.0,11.577,253.3
4123501,Santa Helena,2022,756.1,26804,8000000.0,330000.0,436.45,10580.6,12.312,298.5
4123501,Santa Helena,2023,756.1,26573,8448739.0,341280.0,451.37,11174.1,12.843,317.9
4123501,Santa Helena,2024,756.1,26341,8280000.0,381869.0,505.05,10950.9,14.497,314.3
4123501,Santa Helena,2025,756.1,26461,8280000.0,381869.0,505.05,10950.9,14.431,312.9
4123501,Santa Helena,2026,756.1,26461,8280000.0,381869.0,505.05,10950.9,14.431,312.9
4123824,Santa Lucia,2008,127.0,3781,506669.0,4368.0,34.39,3989.5,1.155,134.0
4123824,Santa Lucia,2009,127.0,3743,477065.0,2460.0,19.37,3756.4,0.657,127.5
4123824,Santa Lucia,2010,127.0,3826,497817.0,2690.0,21.18,3919.8,0.703,130.1
4123824,Santa Lucia,2011,127.0,3910,634487.0,2824.0,22.24,4996.0,0.722,162.3
4123824,Santa Lucia,2012,127.0,3895,507590.0,2875.0,22.64,3996.8,0.738,130.3
4123824,Santa Lucia,2013,127.0,3997,532969.0,2962.0,23.32,4196.6,0.741,133.3
4123824,Santa Lucia,2014,127.0,3986,557800.0,3065.0,24.13,4392.1,0.769,139.9
4123824,Santa Lucia,2015,127.0,3976,720790.0,1674.0,13.18,5675.5,0.421,181.3
4123824,Santa Lucia,2016,127.0,3965,1057984.0,1649.0,12.98,8330.6,0.416,266.8
4123824,Santa Lucia,2017,127.0,3955,1080000.0,1610.0,12.68,8503.9,0.407,273.1
4123824,Santa Lucia,2018,127.0,3834,1052340.0,1437.0,11.31,8286.1,0.375,274.5
4123824,Santa Lucia,2019,127.0,3813,1063744.0,1075.0,8.46,8375.9,0.282,279.0
4123824,Santa Lucia,2020,127.0,3793,1065000.0,877.0,6.91,8385.8,0.231,280.8
4123824,Santa Lucia,2021,127.0,3795,1517978.0,902.0,7.1,11952.6,0.238,400.0
4123824,Santa Lucia,2022,127.0,3749,1553837.0,792.0,6.24,12234.9,0.211,414.5
4123824,Santa Lucia,2023,127.0,3703,1609000.0,710.0,5.59,12669.3,0.192,434.5
4123824,Santa Lucia,2024,127.0,3657,1600000.0,733.0,5.77,12598.4,0.2,437.5
4123824,Santa Lucia,2025,127.0,3638,1600000.0,733.0,5.77,12598.4,0.201,439.8
4123824,Santa Lucia,2026,127.0,3638,1600000.0,733.0,5.77,12598.4,0.201,439.8
4124020,Santa Tereza do Oeste,2008,326.8,9462,498496.0,7580.0,23.19,1525.4,0.801,52.7
4124020,Santa Tereza do Oeste,2009,326.8,9320,514779.0,9030.0,27.63,1575.2,0.969,55.2
4124020,Santa Tereza do Oeste,2010,326.8,9810,530653.0,9527.0,29.15,1623.8,0.971,54.1
4124020,Santa Tereza do Oeste,2011,326.8,10300,544143.0,10003.0,30.61,1665.1,0.971,52.8
4124020,Santa Tereza do Oeste,2012,326.8,10269,447584.0,9376.0,28.69,1369.6,0.913,43.6
4124020,Santa Tereza do Oeste,2013,326.8,10548,469963.0,9751.0,29.84,1438.1,0.924,44.6
4124020,Santa Tereza do Oeste,2014,326.8,10528,485009.0,9565.0,29.27,1484.1,0.909,46.1
4124020,Santa Tereza do Oeste,2015,326.8,10509,187890.0,5115.0,15.65,574.9,0.487,17.9
4124020,Santa Tereza do Oeste,2016,326.8,10489,821200.0,4243.0,12.98,2512.9,0.405,78.3
4124020,Santa Tereza do Oeste,2017,326.8,10471,830000.0,5045.0,15.44,2539.8,0.482,79.3
4124020,Santa Tereza do Oeste,2018,326.8,10182,865500.0,4330.0,13.25,2648.4,0.425,85.0
4124020,Santa Tereza do Oeste,2019,326.8,10139,1100000.0,4731.0,14.48,3366.0,0.467,108.5
4124020,Santa Tereza do Oeste,2020,326.8,10096,1120000.0,13893.0,42.51,3427.2,1.376,110.9
4124020,Santa Tereza do Oeste,2021,326.8,10055,778227.0,11828.0,36.19,2381.4,1.176,77.4
4124020,Santa Tereza do Oeste,2022,326.8,11286,915958.0,9999.0,30.6,2802.8,0.886,81.2
4124020,Santa Tereza do Oeste,2023,326.8,12518,921000.0,8459.0,25.88,2818.2,0.676,73.6
4124020,Santa Tereza do Oeste,2024,326.8,13749,920000.0,9695.0,29.67,2815.2,0.705,66.9
4124020,Santa Tereza do Oeste,2025,326.8,13938,920000.0,9695.0,29.67,2815.2,0.696,66.0
4124020,Santa Tereza do Oeste,2026,326.8,13938,920000.0,9695.0,29.67,2815.2,0.696,66.0
4125456,Sao Jose das Palmeiras,2008,182.8,3960,88150.0,7562.0,41.37,482.2,1.91,22.3
4125456,Sao Jose das Palmeiras,2009,182.8,3942,97080.0,7250.0,39.66,531.1,1.839,24.6
4125456,Sao Jose das Palmeiras,2010,182.8,3876,95600.0,6900.0,37.75,523.0,1.78,24.7
4125456,Sao Jose das Palmeiras,2011,182.8,3810,100000.0,12597.0,68.91,547.0,3.306,26.2
4125456,Sao Jose das Palmeiras,2012,182.8,3789,100000.0,12400.0,67.83,547.0,3.273,26.4
4125456,Sao Jose das Palmeiras,2013,182.8,3880,360031.0,10367.0,56.71,1969.5,2.672,92.8
4125456,Sao Jose das Palmeiras,2014,182.8,3864,388422.0,16615.0,90.89,2124.8,4.3,100.5
4125456,Sao Jose das Palmeiras,2015,182.8,3847,944987.0,19672.0,107.61,5169.5,5.114,245.6
4125456,Sao Jose das Palmeiras,2016,182.8,3832,249200.0,23241.0,127.14,1363.2,6.065,65.0
4125456,Sao Jose das Palmeiras,2017,182.8,3816,297500.0,19970.0,109.25,1627.5,5.233,78.0
4125456,Sao Jose das Palmeiras,2018,182.8,3682,295400.0,19850.0,108.59,1616.0,5.391,80.2
4125456,Sao Jose das Palmeiras,2019,182.8,3654,300000.0,19875.0,108.73,1641.1,5.439,82.1
4125456,Sao Jose das Palmeiras,2020,182.8,3627,298426.0,19879.0,108.75,1632.5,5.481,82.3
4125456,Sao Jose das Palmeiras,2021,182.8,3601,279333.0,22270.0,121.83,1528.1,6.184,77.6
4125456,Sao Jose das Palmeiras,2022,182.8,3744,239585.0,23343.0,127.7,1310.6,6.235,64.0
4125456,Sao Jose das Palmeiras,2023,182.8,3887,317629.0,24844.0,135.91,1737.6,6.392,81.7
4125456,Sao Jose das Palmeiras,2024,182.8,4030,270000.0,23600.0,129.1,1477.0,5.856,67.0
4125456,Sao Jose das Palmeiras,2025,182.8,4031,270000.0,23600.0,129.1,1477.0,5.855,67.0
4125456,Sao Jose das Palmeiras,2026,182.8,4031,270000.0,23600.0,129.1,1477.0,5.855,67.0
4125704,Sao Miguel do Iguacu,2008,853.7,26284,1909049.0,56050.0,65.66,2236.2,2.132,72.6
4125704,Sao Miguel do Iguacu,2009,853.7,26451,1897801.0,62402.0,73.1,2223.0,2.359,71.7
4125704,Sao Miguel do Iguacu,2010,853.7,26162,1898555.0,62365.0,73.05,2223.9,2.384,72.6
4125704,Sao Miguel do Iguacu,2011,853.7,25872,2068200.0,68420.0,80.15,2422.6,2.645,79.9
4125704,Sao Miguel do Iguacu,2012,853.7,25971,2131250.0,70473.0,82.55,2496.5,2.714,82.1
4125704,Sao Miguel do Iguacu,2013,853.7,26920,2706876.0,109300.0,128.03,3170.8,4.06,100.6
4125704,Sao Miguel do Iguacu,2014,853.7,27061,2600000.0,105000.0,122.99,3045.6,3.88,96.1
4125704,Sao Miguel do Iguacu,2015,853.7,27197,2620000.0,108000.0,126.51,3069.0,3.971,96.3
4125704,Sao Miguel do Iguacu,2016,853.7,27330,2800000.0,162929.0,190.85,3279.8,5.962,102.5
4125704,Sao Miguel do Iguacu,2017,853.7,27461,3945407.0,113593.0,133.06,4621.5,4.137,143.7
4125704,Sao Miguel do Iguacu,2018,853.7,27325,3990501.0,113899.0,133.42,4674.4,4.168,146.0
4125704,Sao Miguel do Iguacu,2019,853.7,27452,4192000.0,100210.0,117.38,4910.4,3.65,152.7
4125704,Sao Miguel do Iguacu,2020,853.7,27576,4283130.0,114835.0,134.51,5017.1,4.164,155.3
4125704,Sao Miguel do Iguacu,2021,853.7,27696,4812760.0,129590.0,151.8,5637.5,4.679,173.8
4125704,Sao Miguel do Iguacu,2022,853.7,28530,5497200.0,131974.0,154.59,6439.3,4.626,192.7
4125704,Sao Miguel do Iguacu,2023,853.7,29364,5550000.0,133000.0,155.79,6501.1,4.529,189.0
4125704,Sao Miguel do Iguacu,2024,853.7,30198,7579118.0,138000.0,161.65,8878.0,4.57,251.0
4125704,Sao Miguel do Iguacu,2025,853.7,30416,7579118.0,138000.0,161.65,8878.0,4.537,249.2
4125704,Sao Miguel do Iguacu,2026,853.7,30416,7579118.0,138000.0,161.65,8878.0,4.537,249.2
4127403,Terra Roxa,2008,802.5,16707,905612.0,6750.0,8.41,1128.5,0.404,54.2
4127403,Terra Roxa,2009,802.5,16734,915700.0,6960.0,8.67,1141.1,0.416,54.7
4127403,Terra Roxa,2010,802.5,16764,1105900.0,7500.0,9.35,1378.1,0.447,66.0
4127403,Terra Roxa,2011,802.5,16795,1165800.0,13100.0,16.32,1452.7,0.78,69.4
4127403,Terra Roxa,2012,802.5,16829,1205680.0,12187.0,15.19,1502.4,0.724,71.6
4127403,Terra Roxa,2013,802.5,17402,1280000.0,14300.0,17.82,1595.0,0.822,73.6
4127403,Terra Roxa,2014,802.5,17461,1480000.0,15255.0,19.01,1844.2,0.874,84.8
4127403,Terra Roxa,2015,802.5,17517,1800000.0,17200.0,21.43,2243.0,0.982,102.8
4127403,Terra Roxa,2016,802.5,17573,1890000.0,17350.0,21.62,2355.1,0.987,107.6
4127403,Terra Roxa,2017,802.5,17627,1016795.0,6720.0,8.37,1267.0,0.381,57.7
4127403,Terra Roxa,2018,802.5,17439,1102500.0,6715.0,8.37,1373.8,0.385,63.2
4127403,Terra Roxa,2019,802.5,17481,1120430.0,6736.0,8.39,1396.2,0.385,64.1
4127403,Terra Roxa,2020,802.5,17522,1120000.0,6740.0,8.4,1395.6,0.385,63.9
4127403,Terra Roxa,2021,802.5,17562,1647000.0,7000.0,8.72,2052.3,0.399,93.8
4127403,Terra Roxa,2022,802.5,17891,1774133.0,9534.0,11.88,2210.8,0.533,99.2
4127403,Terra Roxa,2023,802.5,18219,2085186.0,9589.0,11.95,2598.4,0.526,114.5
4127403,Terra Roxa,2024,802.5,18548,1845000.0,9055.0,11.28,2299.1,0.488,99.5
4127403,Terra Roxa,2025,802.5,18636,1845000.0,9055.0,11.28,2299.1,0.486,99.0
4127403,Terra Roxa,2026,802.5,18636,1845000.0,9055.0,11.28,2299.1,0.486,99.0
4127700,Toledo,2008,1200.4,115136,8766567.0,410943.0,342.34,7303.0,3.569,76.1
4127700,Toledo,2009,1200.4,116774,3838208.0,495606.0,412.87,3197.4,4.244,32.9
4127700,Toledo,2010,1200.4,118854,7635000.0,490780.0,408.85,6360.4,4.129,64.2
4127700,Toledo,2011,1200.4,120934,4035000.0,455000.0,379.04,3361.4,3.762,33.4
4127700,Toledo,2012,1200.4,122502,3710000.0,544200.0,453.35,3090.6,4.442,30.3
4127700,Toledo,2013,1200.4,128448,3808751.0,438990.0,365.7,3172.9,3.418,29.7
4127700,Toledo,2014,1200.4,130295,6298766.0,710512.0,591.9,5247.2,5.453,48.3
4127700,Toledo,2015,1200.4,132077,8320864.0,1242843.0,1035.36,6931.7,9.41,63.0
4127700,Toledo,2016,1200.4,133824,8441052.0,1182705.0,985.26,7031.9,8.838,63.1
4127700,Toledo,2017,1200.4,135538,8931815.0,1180290.0,983.25,7440.7,8.708,65.9
4127700,Toledo,2018,1200.4,138572,8715230.0,1170394.0,975.0,7260.3,8.446,62.9
4127700,Toledo,2019,1200.4,140635,8717350.0,1172400.0,976.67,7262.0,8.336,62.0
4127700,Toledo,2020,1200.4,142645,8702319.0,1173500.0,977.59,7249.5,8.227,61.0
4127700,Toledo,2021,1200.4,144601,11278456.0,869222.0,724.11,9395.6,6.011,78.0
4127700,Toledo,2022,1200.4,149274,10776865.0,909879.0,757.98,8977.7,6.095,72.2
4127700,Toledo,2023,1200.4,153947,10900000.0,899154.0,749.05,9080.3,5.841,70.8
4127700,Toledo,2024,1200.4,158620,12071286.0,949984.0,791.39,10056.1,5.989,76.1
4127700,Toledo,2025,1200.4,160701,12071286.0,949984.0,791.39,10056.1,5.912,75.1
4127700,Toledo,2026,1200.4,160701,12071286.0,949984.0,791.39,10056.1,5.912,75.1
4127858,Tres Barras do Parana,2008,506.6,12073,684715.0,22047.0,43.52,1351.6,1.826,56.7
4127858,Tres Barras do Parana,2009,506.6,12088,841892.0,67872.0,133.98,1661.8,5.615,69.6
4127858,Tres Barras do Parana,2010,506.6,11956,783317.0,63800.0,125.94,1546.2,5.336,65.5
4127858,Tres Barras do Parana,2011,506.6,11825,1416325.0,58835.0,116.14,2795.7,4.975,119.8
4127858,Tres Barras do Parana,2012,506.6,11825,1528203.0,60662.0,119.74,3016.6,5.13,129.2
4127858,Tres Barras do Parana,2013,506.6,12196,1432680.0,60150.0,118.73,2828.0,4.932,117.5
4127858,Tres Barras do Parana,2014,506.6,12212,1500000.0,57000.0,112.51,2960.9,4.668,122.8
4127858,Tres Barras do Parana,2015,506.6,12227,2245011.0,58146.0,114.78,4431.5,4.756,183.6
4127858,Tres Barras do Parana,2016,506.6,12242,2113371.0,62461.0,123.29,4171.7,5.102,172.6
4127858,Tres Barras do Parana,2017,506.6,12256,1530437.0,60069.0,118.57,3021.0,4.901,124.9
4127858,Tres Barras do Parana,2018,506.6,12043,1600000.0,74495.0,147.05,3158.3,6.186,132.9
4127858,Tres Barras do Parana,2019,506.6,12040,1515000.0,66204.0,130.68,2990.5,5.499,125.8
4127858,Tres Barras do Parana,2020,506.6,12038,1520000.0,75500.0,149.03,3000.4,6.272,126.3
4127858,Tres Barras do Parana,2021,506.6,12036,2434791.0,89577.0,176.82,4806.1,7.442,202.3
4127858,Tres Barras do Parana,2022,506.6,11756,2317246.0,104380.0,206.04,4574.1,8.879,197.1
4127858,Tres Barras do Parana,2023,506.6,11477,2520520.0,87527.0,172.77,4975.4,7.626,219.6
4127858,Tres Barras do Parana,2024,506.6,11197,2500000.0,95284.0,188.09,4934.9,8.51,223.3
4127858,Tres Barras do Parana,2025,506.6,11157,2500000.0,95284.0,188.09,4934.9,8.54,224.1
4127858,Tres Barras do Parana,2026,506.6,11157,2500000.0,95284.0,188.09,4934.9,8.54,224.1
4128559,Vera Cruz do Oeste,2008,327.9,9301,634050.0,9194.0,28.04,1933.7,0.988,68.2
4128559,Vera Cruz do Oeste,2009,327.9,9257,706400.0,10480.0,31.96,2154.3,1.132,76.3
4128559,Vera Cruz do Oeste,2010,327.9,9089,618820.0,11760.0,35.86,1887.2,1.294,68.1
4128559,Vera Cruz do Oeste,2011,327.9,8921,638450.0,17600.0,53.67,1947.1,1.973,71.6
4128559,Vera Cruz do Oeste,2012,327.9,8871,746850.0,14950.0,45.59,2277.7,1.685,84.2
4128559,Vera Cruz do Oeste,2013,327.9,9081,747200.0,20780.0,63.37,2278.7,2.288,82.3
4128559,Vera Cruz do Oeste,2014,327.9,9038,748000.0,20865.0,63.63,2281.2,2.309,82.8
4128559,Vera Cruz do Oeste,2015,327.9,8998,816430.0,16054.0,48.96,2489.9,1.784,90.7
4128559,Vera Cruz do Oeste,2016,327.9,8958,1005160.0,22600.0,68.92,3065.4,2.523,112.2
4128559,Vera Cruz do Oeste,2017,327.9,8918,1081680.0,13800.0,42.09,3298.8,1.547,121.3
4128559,Vera Cruz do Oeste,2018,327.9,8590,1060250.0,13690.0,41.75,3233.5,1.594,123.4
4128559,Vera Cruz do Oeste,2019,327.9,8521,985150.0,11853.0,36.15,3004.4,1.391,115.6
4128559,Vera Cruz do Oeste,2020,327.9,8454,1036050.0,10652.0,32.49,3159.7,1.26,122.6
4128559,Vera Cruz do Oeste,2021,327.9,8389,1632837.0,12000.0,36.6,4979.7,1.43,194.6
4128559,Vera Cruz do Oeste,2022,327.9,8335,1597655.0,12131.0,37.0,4872.4,1.455,191.7
4128559,Vera Cruz do Oeste,2023,327.9,8281,1703655.0,14620.0,44.59,5195.7,1.765,205.7
4128559,Vera Cruz do Oeste,2024,327.9,8227,1838834.0,11979.0,36.53,5607.9,1.456,223.5
4128559,Vera Cruz do Oeste,2025,327.9,8178,1838834.0,11979.0,36.53,5607.9,1.465,224.9
4128559,Vera Cruz do Oeste,2026,327.9,8178,1838834.0,11979.0,36.53,5607.9,1.465,224.9
